rollout/return,train/loss_actor,total/steps,total/steps_per_second,eval/return_history,reference_action_std,total/epochs,ret_rms_std,rollout/actions_mean,reference_Q_mean,reference_action_mean,reference_Q_std,eval/episodes,rollout/episode_steps,param_noise_stddev,reference_actor_Q_mean,train/loss_critic,obs_rms_mean,rollout/Q_mean,obs_rms_std,eval/return,rollout/actions_std,rollout/return_history,reference_perturbed_action_std,train/param_noise_distance,reference_actor_Q_std,eval/Q,total/duration,total/episodes,rollout/episodes,ret_rms_mean,reference_perturbed_action_mean
-102.73466044915257,-4.92158317565918,1000,54.23631467651405,-546.6419378841315,0.911602795124054,1,1.0,-0.42832398414611816,4.220198631286621,0.30811285972595215,1.6807094812393188,1.0,1000.0,0.18105739093859663,4.716050624847412,0.10363506525754929,-0.08016195893287659,2.2969472408294678,1.7337003946304321,-546.6419378841315,0.4800174832344055,-102.73466044915257,0.8448668122291565,0.26619753241539,1.6106122732162476,2.1303863525390625,18.437830924987793,1.0,1.0,0.0,0.13607458770275116
-579.9464547115158,-8.13914680480957,2000,54.716458183022915,-420.90388826325045,0.6810556054115295,2,1.0,-0.15506434440612793,10.50440788269043,-0.38881516456604004,1.4565726518630981,2.0,1000.0,0.15440959267203633,11.100016593933105,0.15065725147724152,-0.04589847847819328,2.199957847595215,1.6956379413604736,-295.16583864236935,0.7464880347251892,-579.9464547115158,0.7759328484535217,0.47618231177330017,1.3007104396820068,9.988137245178223,36.55207347869873,2.0,2.0,0.0,-0.14910390973091125
-486.6965328968072,-11.354970932006836,3000,54.91485617415782,-204.3902834625893,0.6395797729492188,3,1.0,-0.18019463121891022,14.361680030822754,-0.2747671604156494,1.7328189611434937,3.0,1000.0,0.12654552784140155,14.859235763549805,0.17624935507774353,-0.047352343797683716,4.881537437438965,1.6030546426773071,228.63692613873295,0.7534201741218567,-486.6965328968072,0.710749626159668,0.5100955367088318,1.586172342300415,16.111602783203125,54.63002562522888,3.0,3.0,0.0,-0.29552385210990906
-412.14326767235195,-15.067211151123047,4000,55.07330478609646,-60.961819981237284,0.6067430377006531,4,1.0,-0.2495540976524353,17.397602081298828,-0.1708350032567978,2.002819299697876,4.0,1000.0,0.10370968758833489,18.03852081298828,0.28271758556365967,-0.058733657002449036,7.593108654022217,1.4821743965148926,369.3235704628188,0.7336021661758423,-412.14326767235195,0.6804277896881104,0.5359302759170532,1.7327781915664673,19.04618263244629,72.63046979904175,4.0,4.0,0.0,-0.3508518636226654
-412.4608821676855,-19.706256866455078,5000,55.12317866616239,8.502693626418624,0.6378066539764404,5,1.0,-0.3059994876384735,20.902828216552734,-0.1666584461927414,1.5897372961044312,5.0,1000.0,0.0849947009834283,21.485483169555664,0.48071911931037903,-0.07278978824615479,10.446979522705078,1.3454358577728271,286.36074805704226,0.7243982553482056,-412.4608821676855,0.7084040641784668,0.5669195652008057,1.411363124847412,22.436908721923828,90.70594477653503,5.0,5.0,0.0,-0.04494383931159973
-336.22776825297075,-22.78253936767578,6000,55.18316889035276,71.97541898250593,0.6786170601844788,6,1.0,-0.28260335326194763,24.191143035888672,-0.08215378224849701,1.7336324453353882,6.0,1000.0,0.06965693719894053,24.765304565429688,0.5781732797622681,-0.06015937402844429,12.229998588562012,1.4340320825576782,389.3390457629424,0.725968599319458,-336.22776825297075,0.6972312331199646,0.4387349784374237,1.5460143089294434,25.446134567260742,108.72880482673645,6.0,6.0,0.0,-0.30098626017570496
-252.70023114276265,-26.073678970336914,7000,55.16661227912532,76.79982383476091,0.7005772590637207,7,1.0,-0.28759002685546875,27.366558074951172,-0.06712854653596878,1.622441053390503,7.0,1000.0,0.057086957702023974,27.916784286499023,0.7765352725982666,-0.05632108449935913,14.266219139099121,1.4725559949874878,105.74625294829085,0.7187399864196777,-252.70023114276265,0.7002919912338257,0.4007801115512848,1.478361964225769,27.860416412353516,126.88834261894226,7.0,7.0,0.0,-0.11008770018815994
-261.96731667685634,-28.99762535095215,8000,55.179679003742194,137.26442281199178,0.7002896666526794,8,1.0,-0.26017725467681885,30.37310218811035,-0.15851624310016632,1.5960382223129272,8.0,1000.0,0.046785300513072836,30.792217254638672,0.9439462423324585,-0.05329960957169533,15.77933120727539,1.3990774154663086,560.5166156526078,0.7330173850059509,-261.96731667685634,0.7445378303527832,0.29170575737953186,1.4402587413787842,32.16141891479492,144.98090863227844,8.0,8.0,0.0,-0.17414380609989166
-178.69218834783078,-31.99852752685547,9000,55.19388177836132,187.61796648200138,0.7461012005805969,9,1.0,-0.2593996226787567,32.923458099365234,-0.1520758718252182,1.8012022972106934,9.0,1000.0,0.039113321278561465,33.48956298828125,0.4791330099105835,-0.0487232506275177,17.763320922851562,1.4374537467956543,590.446315842078,0.7271010875701904,-178.69218834783078,0.7218438386917114,0.22246405482292175,1.6539771556854248,35.632469177246094,163.06155157089233,9.0,9.0,0.0,-0.2160850316286087
-112.29044163081213,-36.12016677856445,10000,55.16454275992404,228.72968144073837,0.7554642558097839,10,1.0,-0.26916712522506714,36.480613708496094,-0.15351180732250214,1.775789737701416,10.0,1000.0,0.0368465179454358,37.110130310058594,1.1727821826934814,-0.047423671931028366,19.73098373413086,1.4774105548858643,598.7351160693713,0.7193605899810791,-112.29044163081213,0.7313058376312256,0.2169157713651657,1.6164590120315552,39.37944793701172,181.27586126327515,10.0,10.0,0.0,-0.16438381373882294
-73.93871130190088,-40.35200119018555,11000,55.16297175114482,239.442806800026,0.7727641463279724,11,1.0,-0.27831193804740906,40.53318405151367,-0.13076476752758026,1.8702607154846191,11.0,1000.0,0.036846517945435794,41.109710693359375,2.54335355758667,-0.04615867882966995,21.60611915588379,1.5265111923217773,346.574060392902,0.711394727230072,-73.93871130190088,0.7448210120201111,0.17354610562324524,1.7319965362548828,42.288604736328125,199.40912628173828,11.0,11.0,0.0,-0.14459532499313354
-21.38401045282737,-44.82054138183594,12000,55.179760822919164,256.8223012225668,0.7465053796768188,12,1.0,-0.2757355272769928,44.3653564453125,-0.061408158391714096,1.8324145078659058,12.0,1000.0,0.03612049597631192,45.016448974609375,1.503983736038208,-0.042917847633361816,23.611162185668945,1.5379116535186768,447.9967398705159,0.7067142724990845,-21.38401045282737,0.7372100949287415,0.21027395129203796,1.619993805885315,46.83554458618164,217.47104048728943,12.0,12.0,0.0,-0.1031724214553833
41.69784342153117,-49.84560012817383,13000,55.20725837152097,298.1117068410083,0.636512041091919,13,1.0,-0.2698606252670288,49.082550048828125,0.3508037030696869,1.928153395652771,13.0,1000.0,0.03335667202186392,50.21186828613281,3.6629388332366943,-0.03786851465702057,25.673669815063477,1.54856538772583,793.5845742623065,0.7038268446922302,41.69784342153117,0.6258599162101746,0.23386332392692566,1.6568981409072876,49.50348663330078,235.4762830734253,13.0,13.0,0.0,0.4197501242160797
78.89224888662582,-57.865394592285156,14000,55.2235123122668,260.84437510128026,0.6889299750328064,14,1.0,-0.24690331518650055,56.47544860839844,0.3064631223678589,3.668825387954712,14.0,1000.0,0.034027141129503384,57.58802032470703,2.7577450275421143,-0.032167065888643265,27.7886962890625,1.5672105550765991,-223.63093751518468,0.7083243131637573,78.89224888662582,0.7139196395874023,0.1967514306306839,3.308403968811035,57.51251220703125,253.51520419120789,14.0,14.0,0.0,0.2681387960910797
67.46272163169063,-64.89070129394531,15000,55.23002037845307,212.32771724418623,0.754135251045227,15,1.0,-0.22188155353069305,64.34683227539062,0.28527194261550903,1.6321982145309448,15.0,1000.0,0.03540877950819716,65.44766235351562,2.666625738143921,-0.029354562982916832,30.022720336914062,1.5313063859939575,-466.9054927551301,0.7067931890487671,67.46272163169063,0.7571693658828735,0.19213047623634338,1.5831341743469238,45.667076110839844,271.5914261341095,15.0,15.0,0.0,0.3126300871372223
33.669916028681214,-68.46415710449219,16000,55.240438680252254,196.87258388418365,0.6979458332061768,16,1.0,-0.1945745050907135,69.2978744506836,-0.008368383161723614,1.6281002759933472,16.0,1000.0,0.03335667202186392,70.14358520507812,4.256281852722168,-0.02091834880411625,31.00792121887207,1.5042366981506348,-34.954416515854795,0.7265980243682861,33.669916028681214,0.6896804571151733,0.18965399265289307,1.492459774017334,55.47845458984375,289.64288449287415,16.0,16.0,0.0,0.0882018432021141
82.84084921595343,-73.49282836914062,17000,55.23998385914453,152.16362945098194,0.731490433216095,17,1.0,-0.18188101053237915,74.4340591430664,0.16572389006614685,1.426851511001587,17.0,1000.0,0.03019736003336582,75.39808654785156,5.946265697479248,-0.016023559495806694,33.60792922973633,1.5225130319595337,-563.1796414802456,0.7281562685966492,82.84084921595343,0.751757800579071,0.18997442722320557,1.3120931386947632,53.45320129394531,307.74809861183167,17.0,17.0,0.0,0.1785820871591568
46.884877715398105,-76.55603790283203,18000,55.24736983802469,113.1228529633832,0.7210363745689392,18,1.0,-0.17168518900871277,79.72964477539062,0.21962833404541016,1.506595492362976,18.0,1000.0,0.03019736003336582,80.67718505859375,4.187783718109131,-0.011254467070102692,34.5277099609375,1.4906812906265259,-550.5703473257954,0.7458231449127197,46.884877715398105,0.7356036305427551,0.21522332727909088,1.424905776977539,46.467220306396484,325.8073651790619,18.0,18.0,0.0,0.09689845889806747
15.8342209715129,-79.86459350585938,19000,55.26738990360413,142.2980756164713,0.7430554032325745,19,1.0,-0.16348673403263092,85.03109741210938,0.05531474947929382,1.67815101146698,19.0,1000.0,0.029602352743226958,85.93669128417969,6.640511989593506,-0.007214609533548355,35.11475372314453,1.4628591537475586,667.452083372057,0.7604066133499146,15.8342209715129,0.7520080804824829,0.21677877008914948,1.6577439308166504,88.90477752685547,343.7831971645355,19.0,19.0,0.0,0.01719987392425537
36.02554201458404,-84.22125244140625,20000,55.25555829095829,129.70479963698466,0.7574123740196228,20,1.0,-0.16472476720809937,89.25005340576172,-0.045406367629766464,1.5854028463363647,20.0,1000.0,0.029602352743226954,89.9889144897461,8.663159370422363,-0.00729088019579649,37.87184524536133,1.499498963356018,-109.56744397326148,0.7569040060043335,36.02554201458404,0.7489561438560486,0.19259169697761536,1.61359441280365,69.31827545166016,361.95453667640686,20.0,20.0,0.0,-0.12608087062835693
60.21034393534176,-88.65170288085938,21000,55.24838304265586,120.7946786653439,0.6760753393173218,21,1.0,-0.17030008137226105,92.92971801757812,-0.07512357831001282,1.817399501800537,21.0,1000.0,0.02901906944733551,93.68069458007812,7.92851448059082,-0.007101677358150482,40.56256103515625,1.5619102716445923,-57.40774076747133,0.7545173168182373,60.21034393534176,0.6805419921875,0.2216065675020218,1.863137125968933,73.36038970947266,380.1016218662262,21.0,21.0,0.0,0.1137952208518982
75.81713492838342,-92.5064468383789,22000,55.25516491488629,111.86698087734156,0.7586396336555481,22,1.0,-0.16655248403549194,95.83673095703125,0.04315141960978508,1.5678493976593018,22.0,1000.0,0.03080432697003647,96.78854370117188,8.304242134094238,-0.006566692143678665,43.10224914550781,1.6182912588119507,-75.61467267070745,0.7497156262397766,75.81713492838342,0.7695810198783875,0.21662329137325287,1.4949029684066772,86.11449432373047,398.1528248786926,22.0,22.0,0.0,0.05136847496032715
55.13667178370639,-95.37883758544922,23000,55.26669555742788,123.46366378815497,0.8047980666160583,23,1.0,-0.13964799046516418,99.09593200683594,-0.0761033371090889,1.9353593587875366,23.0,1000.0,0.030197360033365813,100.03228759765625,17.09505271911621,0.003658142639324069,44.357696533203125,1.6257257461547852,378.59068782605027,0.7624968886375427,55.13667178370639,0.7635305523872375,0.17936918139457703,1.8771381378173828,92.88663482666016,416.1638355255127,23.0,23.0,0.0,-0.16740848124027252
77.95409517652885,-98.7321548461914,24000,55.27258060546785,108.81532771960745,0.7890487313270569,24,1.0,-0.14378120005130768,102.94771575927734,-0.013875037431716919,1.7615596055984497,24.0,1000.0,0.0314234939421342,104.1203384399414,10.81572151184082,0.0032749399542808533,46.89794921875,1.6417536735534668,-228.09640185698578,0.7602625489234924,77.95409517652885,0.8346550464630127,0.21269501745700836,1.7812352180480957,74.05778503417969,434.21167850494385,24.0,24.0,0.0,-0.003056461689993739
80.05088613240333,-102.40767669677734,25000,55.280506627420905,119.72838323880876,0.783456563949585,25,1.0,-0.1395518034696579,105.7252197265625,-0.0802997276186943,1.8989239931106567,25.0,1000.0,0.0314234939421342,106.86666870117188,7.523128509521484,0.007343452889472246,48.42433166503906,1.6487723588943481,381.64171569964054,0.762347936630249,80.05088613240333,0.7507067918777466,0.19610269367694855,1.9479217529296875,92.69066619873047,452.23898124694824,25.0,25.0,0.0,-0.17497418820858002
104.6857521642568,-105.01547241210938,26000,55.29058462532591,127.85631081313728,0.7530695199966431,26,1.0,-0.1387266367673874,109.76460266113281,-0.043840307742357254,1.7173161506652832,26.0,1000.0,0.030197360033365813,110.85664367675781,4.358975887298584,0.008527066558599472,50.86885070800781,1.6500639915466309,331.05450017135047,0.7619460225105286,104.6857521642568,0.7461733818054199,0.181810662150383,1.8122577667236328,88.34109497070312,470.24281215667725,26.0,26.0,0.0,-0.15996253490447998
134.1184648788603,-108.66771697998047,27000,55.300461110879645,156.72850066863847,0.7522920370101929,27,1.0,-0.14416109025478363,113.537841796875,-0.08549952507019043,1.715556263923645,27.0,1000.0,0.02960235274322695,114.82261657714844,7.058839797973633,0.008271108381450176,53.34212875366211,1.668931007385254,907.4054369116691,0.759134829044342,134.1184648788603,0.7506505846977234,0.22121024131774902,1.766391634941101,118.73513793945312,488.2418601512909,27.0,27.0,0.0,-0.10385674238204956
165.3534514728261,-111.1435775756836,28000,55.31164834668147,155.58655950834478,0.7749733924865723,28,1.0,-0.14495831727981567,117.79495239257812,-0.08284828811883926,1.7182985544204712,28.0,1000.0,0.02788675535407124,118.99151611328125,17.18571662902832,0.009261180646717548,55.76597213745117,1.6904916763305664,124.75414818041472,0.7573069930076599,165.3534514728261,0.7740733027458191,0.18544010818004608,1.5633245706558228,84.8826904296875,506.22248363494873,28.0,28.0,0.0,-0.1618083119392395
179.66445151179303,-114.22779083251953,29000,55.32631817027584,155.94060240999536,0.7502679228782654,29,1.0,-0.14647966623306274,121.51365661621094,-0.03827899694442749,1.6161566972732544,29.0,1000.0,0.027337276104373337,122.65860748291016,6.339862823486328,0.009762881323695183,57.92144775390625,1.7151200771331787,165.85380365621182,0.7566731572151184,179.66445151179303,0.7621546983718872,0.2208932787179947,1.4494638442993164,122.79340362548828,524.162838935852,29.0,29.0,0.0,-0.062124013900756836
186.05508763404484,-116.9348373413086,30000,55.33128945077237,185.11555417147375,0.7518632411956787,30,1.0,-0.1462227702140808,124.309814453125,-0.057212989777326584,1.55593740940094,30.0,1000.0,0.026798623766663403,125.3604965209961,5.9498138427734375,0.00932938139885664,60.181846618652344,1.7395708560943604,1031.1891552543461,0.7546727657318115,186.05508763404484,0.7338734269142151,0.18509994447231293,1.5873618125915527,130.5352325439453,542.1887018680573,30.0,30.0,0.0,0.02846006490290165
209.31048176147925,-119.81306457519531,31000,55.33423470635074,213.9966058349633,0.7056761980056763,31,1.0,-0.14837226271629333,127.44303131103516,-0.22579056024551392,1.9075686931610107,31.0,1000.0,0.027337276104373337,128.60128784179688,12.6043701171875,0.00933256559073925,62.488956451416016,1.7630826234817505,1080.4281557396503,0.7526326775550842,209.31048176147925,0.673467218875885,0.18505407869815826,1.7268306016921997,134.39959716796875,560.2318377494812,31.0,31.0,0.0,-0.335303395986557
225.8082157281011,-123.15032196044922,32000,55.33763686767226,218.96281125324654,0.7479322552680969,32,1.0,-0.15669101476669312,130.69570922851562,-0.10038622468709946,1.4813867807388306,32.0,1000.0,0.028447279136688073,131.76409912109375,17.26251983642578,0.008064892143011093,64.74812316894531,1.783584713935852,372.915179220028,0.7507723569869995,225.8082157281011,0.7461697459220886,0.24915020167827606,1.5482957363128662,94.22079467773438,578.2682783603668,32.0,32.0,0.0,0.013558745384216309
226.86756664996673,-124.93350219726562,33000,55.342189731902,214.9725574713233,0.7386431097984314,33,1.0,-0.1544903963804245,133.78343200683594,-0.2812904119491577,1.4070507287979126,33.0,1000.0,0.026798623766663403,134.9702606201172,7.733120918273926,0.011261288076639175,65.35089874267578,1.8186373710632324,87.2844364497799,0.7537893056869507,226.86756664996673,0.7381806373596191,0.20819522440433502,1.4254035949707031,73.87033081054688,596.2901027202606,33.0,33.0,0.0,-0.2760709822177887
241.3477661303775,-127.39994049072266,34000,55.34476011982799,221.0035177553975,0.7628300786018372,34,1.0,-0.15939532220363617,137.6572265625,-0.20529252290725708,1.9069933891296387,34.0,1000.0,0.027337276104373337,138.979736328125,21.326425552368164,0.010821799747645855,67.57413482666016,1.8333793878555298,420.0252071298456,0.7533959746360779,241.3477661303775,0.727951169013977,0.20987771451473236,1.7402589321136475,118.16122436523438,614.3309669494629,34.0,34.0,0.0,-0.16733242571353912
252.70005986101864,-130.63768005371094,35000,55.34996751868431,233.37534393496287,0.7352035641670227,35,1.0,-0.1619725227355957,140.77166748046875,-0.23091673851013184,1.5341482162475586,35.0,1000.0,0.026798623766663403,141.90347290039062,11.136526107788086,0.010677185840904713,69.72734832763672,1.8453660011291504,654.0174340401862,0.7525500059127808,252.70005986101864,0.7568581700325012,0.19162656366825104,1.6721810102462769,145.10887145996094,632.3400278091431,35.0,35.0,0.0,-0.19533580541610718
263.62389333322994,-134.27841186523438,36000,55.35341236064441,239.01836349485382,0.6957326531410217,36,1.0,-0.16351981461048126,143.62442016601562,-0.23531098663806915,1.8258349895477295,36.0,1000.0,0.026270585008002553,144.59039306640625,18.085391998291016,0.010695735923945904,71.850341796875,1.8577989339828491,436.52404809103746,0.7525251507759094,263.62389333322994,0.7003023028373718,0.1946246176958084,1.9190294742584229,128.1084442138672,650.3664085865021,36.0,36.0,0.0,-0.16951628029346466
264.09171169858405,-136.82015991210938,37000,55.353488918350095,243.04100468462,0.7356942892074585,37,1.0,-0.1626860499382019,145.92388916015625,-0.04507765173912048,2.305798053741455,37.0,1000.0,0.025752950698953586,147.74838256835938,7.144649028778076,0.010468141175806522,73.87029266357422,1.8588496446609497,387.8560875162015,0.752094030380249,264.09171169858405,0.7533378601074219,0.1771606057882309,2.3046600818634033,133.8681182861328,668.4312176704407,37.0,37.0,0.0,-0.03034232370555401
239.1456889971953,-138.47708129882812,38000,55.34980279985075,255.23805656926868,0.7396722435951233,38,1.0,-0.15404333174228668,150.02236938476562,-0.11539260298013687,2.066251516342163,38.0,1000.0,0.027337276104373337,151.30072021484375,11.403752326965332,0.01513463631272316,72.83325958251953,1.865169882774353,706.5289763012695,0.7586534023284912,239.1456889971953,0.7384759783744812,0.23085717856884003,2.2179038524627686,146.166748046875,686.542644739151,38.0,38.0,0.0,-0.1696462631225586
223.0426230589022,-141.51976013183594,39000,55.34087070805311,249.44205797232337,0.7590824365615845,39,1.0,-0.1569398194551468,153.4376220703125,-0.11463883519172668,2.0511016845703125,39.0,1000.0,0.02788675535407124,154.62152099609375,20.053852081298828,0.02179148606956005,72.17981719970703,1.8719817399978638,29.194111288401388,0.7630036473274231,223.0426230589022,0.7641500234603882,0.21731245517730713,2.127220630645752,92.75972747802734,704.7232813835144,39.0,39.0,0.0,-0.0952397957444191
242.26418981353558,-143.99488830566406,40000,55.332894578624554,228.28742914778954,0.7407175302505493,40,1.0,-0.153328537940979,157.48141479492188,-0.09581554681062698,2.216489315032959,40.0,1000.0,0.028447279136688073,158.82180786132812,27.460092544555664,0.02461387775838375,73.54925537109375,1.8757565021514893,-596.7430950090294,0.7654187679290771,242.26418981353558,0.728205680847168,0.20154447853565216,2.2522025108337402,68.66525268554688,722.897298336029,40.0,40.0,0.0,-0.10090117901563644
265.8252576619795,-148.5943603515625,41000,55.331792977629775,215.47885863217152,0.7573503255844116,41,1.0,-0.15075111389160156,162.6764678955078,-0.17208416759967804,2.170581817626953,41.0,1000.0,0.029019069447335507,164.1033935546875,16.178346633911133,0.025812996551394463,75.85467529296875,1.8844759464263916,-296.863961992549,0.7654210329055786,265.8252576619795,0.7541195154190063,0.2197962999343872,2.0208919048309326,81.28651428222656,740.9844827651978,41.0,41.0,0.0,-0.23327714204788208
268.82891818363356,-153.8025665283203,42000,55.33772181669089,213.16027172235184,0.7426319122314453,42,1.0,-0.1529102325439453,168.09893798828125,-0.13265304267406464,2.1507341861724854,42.0,1000.0,0.027337276104373337,169.20193481445312,15.61974811553955,0.024845512583851814,78.05068969726562,1.892676591873169,118.09820841974332,0.764619767665863,268.82891818363356,0.7623435854911804,0.2349514365196228,2.231792688369751,130.84423828125,758.9759502410889,42.0,42.0,0.0,-0.078143410384655
249.5255687165141,-155.8946533203125,43000,55.339005234582395,215.85510849168202,0.7366581559181213,43,1.0,-0.14301680028438568,171.99423217773438,-0.13806721568107605,2.2317583560943604,43.0,1000.0,0.026270585008002553,173.15072631835938,12.538276672363281,0.02896174043416977,77.8088607788086,1.8854306936264038,329.0382528035498,0.7710761427879333,249.5255687165141,0.7333090305328369,0.21179413795471191,2.2143993377685547,133.78750610351562,777.0287849903107,43.0,43.0,0.0,-0.10760492831468582
258.8640407566347,-158.1917724609375,44000,55.34171142085486,227.38232982778464,0.737285315990448,44,1.0,-0.14382034540176392,174.9688720703125,-0.13574442267417908,2.4526314735412598,44.0,1000.0,0.026270585008002553,176.1611785888672,36.89991760253906,0.028668928891420364,80.0970458984375,1.8958773612976074,723.0528472801986,0.769961416721344,258.8640407566347,0.7124687433242798,0.1788620501756668,2.446117401123047,181.6563720703125,795.060341835022,44.0,44.0,0.0,-0.19230563938617706
242.73713501561636,-158.40972900390625,45000,55.34575345962722,235.4360150980566,0.7830508947372437,45,1.0,-0.14667746424674988,178.12762451171875,-0.05800053849816322,2.3633837699890137,45.0,1000.0,0.026798623766663403,179.447998046875,30.165102005004883,0.03057841770350933,79.57654571533203,1.8840558528900146,589.798166990021,0.7730838656425476,242.73713501561636,0.8143272399902344,0.19973403215408325,2.3751871585845947,183.81629943847656,813.0705101490021,45.0,45.0,0.0,-0.0034365553874522448
245.80507233914432,-160.21258544921875,46000,55.34441602454158,244.91997386765703,0.7604175209999084,46,1.0,-0.14592799544334412,181.06951904296875,-0.16472525894641876,2.4655332565307617,46.0,1000.0,0.02378241789989777,182.0973663330078,15.416812896728516,0.03005737066268921,81.83325958251953,1.8938318490982056,671.6981184996772,0.7733495831489563,245.80507233914432,0.7865206599235535,0.26556020975112915,2.4547369480133057,187.57337951660156,831.1588287353516,46.0,46.0,0.0,-0.1363762468099594
255.53829098143243,-164.70712280273438,47000,55.34593076417398,260.6687789721763,0.7568755149841309,47,1.0,-0.1466025859117508,184.82150268554688,-0.0602278970181942,2.519272565841675,47.0,1000.0,0.0252455158307554,186.30596923828125,22.01787757873535,0.029714206233620644,84.10958099365234,1.901678204536438,985.1138137800624,0.7728275060653687,255.53829098143243,0.7787790298461914,0.21494917571544647,2.460770845413208,192.8420867919922,849.204256772995,47.0,47.0,0.0,0.04547346755862236
270.5603386361315,-165.31130981445312,48000,55.34226057839058,273.82936215507124,0.702515184879303,48,1.0,-0.14438320696353912,187.13046264648438,-0.13148631155490875,2.4511289596557617,48.0,1000.0,0.02378241789989777,188.1370391845703,30.71771240234375,0.030499331653118134,86.3042984008789,1.912841796875,892.3767717511348,0.7725229859352112,270.5603386361315,0.729920506477356,0.20802909135818481,2.5151960849761963,195.11874389648438,867.3299481868744,48.0,48.0,0.0,-0.10041704028844833
281.4477828055782,-166.52708435058594,49000,55.34191231487702,283.0401136482989,0.7353684902191162,49,1.0,-0.14556002616882324,188.78546142578125,-0.1517333835363388,2.694884777069092,49.0,1000.0,0.024260444499685715,190.07594299316406,27.761999130249023,0.03032051771879196,88.5244369506836,1.9221410751342773,725.1561853232263,0.7712287306785583,281.4477828055782,0.7560796141624451,0.18547122180461884,2.541447877883911,195.89129638671875,885.4048938751221,49.0,49.0,0.0,-0.12536989152431488
281.70982395353457,-170.06558227539062,50000,55.33450816558578,293.4074267866378,0.7671933174133301,50,1.0,-0.1469779759645462,191.14227294921875,-0.07675889879465103,2.5658607482910156,50.0,1000.0,0.0252455158307554,192.28421020507812,29.842426300048828,0.029550211504101753,90.62943267822266,1.9313446283340454,801.4057705652432,0.7703823447227478,281.70982395353457,0.7728167772293091,0.17861239612102509,2.4577643871307373,198.5264434814453,903.5952727794647,50.0,50.0,0.0,-0.10469484329223633
293.91707378161743,-172.06680297851562,51000,55.3371990246783,311.03583100664645,0.7213734984397888,51,1.0,-0.14937834441661835,192.6656494140625,-0.04319478198885918,2.2125158309936523,51.0,1000.0,0.0247480794341294,193.62989807128906,29.40938949584961,0.029292933642864227,92.77400207519531,1.9383814334869385,1192.4560420070793,0.7690384387969971,293.91707378161743,0.7181917428970337,0.19634181261062622,2.2388036251068115,202.17034912109375,921.6223607063293,51.0,51.0,0.0,-0.15567587316036224
311.84676193611557,-175.0796661376953,52000,55.335323741044725,294.39030636980544,0.7357562184333801,52,1.0,-0.14997825026512146,195.082275390625,0.11434183269739151,2.345677137374878,52.0,1000.0,0.0252455158307554,196.32298278808594,19.724449157714844,0.030159398913383484,94.52023315429688,1.9469510316848755,-554.5314501090853,0.7682437896728516,311.84676193611557,0.7454631924629211,0.18602250516414642,2.382948637008667,65.73739624023438,939.7252330780029,52.0,52.0,0.0,0.10761823505163193
313.9916042400728,-177.43032836914062,53000,55.333821615269315,314.5222776184311,0.7182231545448303,53,1.0,-0.1500299870967865,197.49818420410156,-0.10551825165748596,2.7304437160491943,53.0,1000.0,0.024260444499685715,198.41041564941406,21.262714385986328,0.030358444899320602,96.32359313964844,1.964263677597046,1361.3847825469652,0.7676035761833191,313.9916042400728,0.7111632823944092,0.18502001464366913,2.7518413066864014,186.9569549560547,957.8228731155396,53.0,53.0,0.0,-0.10588368028402328
336.6662579430115,-181.3756103515625,54000,55.31584807175563,338.3109522428589,0.7153432369232178,54,1.0,-0.15099164843559265,199.45993041992188,-0.13103435933589935,2.956244945526123,54.0,1000.0,0.0247480794341294,200.3865509033203,41.512630462646484,0.030986860394477844,98.44711303710938,1.9723156690597534,1599.110707337533,0.7674119472503662,336.6662579430115,0.7409928441047668,0.18051116168498993,3.151634454727173,212.2086944580078,976.2120962142944,54.0,54.0,0.0,-0.03820420429110527
355.96559046519,-183.34124755859375,55000,55.29974409067693,352.111818022063,0.7466661930084229,55,1.0,-0.15098819136619568,201.2420196533203,-0.1401532143354416,3.294853687286377,55.0,1000.0,0.0247480794341294,202.65927124023438,58.3699951171875,0.03183057904243469,100.50318145751953,1.9804997444152832,1097.3585700990832,0.7671014070510864,355.96559046519,0.6431429386138916,0.19630905985832214,3.2359302043914795,182.8038787841797,994.5796477794647,55.0,55.0,0.0,-0.3657524585723877
378.85886348936504,-187.5026397705078,56000,55.290703992973214,372.67657972626824,0.6406646966934204,56,1.0,-0.1558833122253418,204.6719970703125,-0.30665311217308044,3.2377007007598877,56.0,1000.0,0.0247480794341294,205.886474609375,34.47331619262695,0.031846679747104645,102.5867919921875,1.985377311706543,1503.738473457555,0.7657680511474609,378.85886348936504,0.6756604909896851,0.1540633887052536,2.9611051082611084,217.69113159179688,1012.8284857273102,56.0,56.0,0.0,-0.3099885880947113
396.4195151930883,-189.72714233398438,57000,55.294392659986556,392.89344474749726,0.6718055009841919,57,1.0,-0.15980733931064606,206.07931518554688,-0.21440951526165009,3.411884069442749,57.0,1000.0,0.0252455158307554,207.37503051757812,48.75843811035156,0.031679414212703705,104.62714385986328,1.9911476373672485,1525.0378859363232,0.7645949721336365,396.4195151930883,0.6360685229301453,0.20207637548446655,3.228327989578247,220.6884002685547,1030.8459367752075,57.0,57.0,0.0,-0.2959141433238983
407.0674619304993,-193.21603393554688,58000,55.300971528196385,410.2462422765069,0.6644397974014282,58,1.0,-0.1626126617193222,209.87962341308594,-0.2544078826904297,3.2016539573669434,58.0,1000.0,0.024260444499685715,210.95419311523438,35.2161979675293,0.03108981065452099,106.61121368408203,1.9905329942703247,1399.3557014300552,0.762919545173645,407.0674619304993,0.6863622069358826,0.19690577685832977,3.0597033500671387,223.94349670410156,1048.8061673641205,58.0,58.0,0.0,-0.1900884360074997
423.39601973543245,-197.19679260253906,59000,55.29975416325067,406.38279806199085,0.6775632500648499,59,1.0,-0.1646452397108078,212.88134765625,-0.23625870048999786,3.486591339111328,59.0,1000.0,0.0252455158307554,214.46934509277344,40.52825164794922,0.031110689043998718,108.6176986694336,1.9962356090545654,182.30303362006214,0.7617521286010742,423.39601973543245,0.5361481308937073,0.18580664694309235,3.336451768875122,119.89907836914062,1066.9125187397003,59.0,59.0,0.0,-0.4734872281551361
439.4333193777628,-201.15789794921875,60000,55.2904653920175,404.15024939326105,0.7121471762657166,60,1.0,-0.1699528694152832,216.563232421875,-0.13064365088939667,3.195560932159424,60.0,1000.0,0.0252455158307554,217.81417846679688,43.769622802734375,0.03069765493273735,110.6309814453125,1.9989994764328003,272.4298779382017,0.760148823261261,439.4333193777628,0.6777269244194031,0.25868651270866394,3.095305919647217,180.47384643554688,1085.1780605316162,60.0,60.0,0.0,-0.13123014569282532
454.3135934051375,-205.7449951171875,61000,55.290618770423514,413.1369010416488,0.7291058897972107,61,1.0,-0.17193138599395752,220.95559692382812,-0.2246740311384201,3.2594218254089355,61.0,1000.0,0.026270585008002553,222.47763061523438,44.416778564453125,0.03065723553299904,112.63055419921875,2.0090172290802,952.335999944914,0.7584160566329956,454.3135934051375,0.6965649724006653,0.21288467943668365,3.050144672393799,203.67018127441406,1103.2613010406494,61.0,61.0,0.0,-0.2907635271549225
438.77685012312054,-207.06101989746094,62000,55.28904127526637,413.60334050145417,0.6846253871917725,62,1.0,-0.16903963685035706,225.40884399414062,-0.3078831732273102,3.40885329246521,62.0,1000.0,0.025752950698953586,227.04713439941406,46.49068832397461,0.0328507199883461,111.09819030761719,1.9996005296707153,442.05614754958253,0.762399435043335,438.77685012312054,0.6597081422805786,0.17855967581272125,3.327178478240967,153.3527374267578,1121.3795459270477,62.0,62.0,0.0,-0.3645951449871063
445.22991812901967,-210.4559326171875,63000,55.28647350352512,403.4403329000225,0.7193405628204346,63,1.0,-0.17169763147830963,229.414306640625,-0.10024181008338928,3.551581859588623,63.0,1000.0,0.027337276104373337,231.60403442382812,42.107765197753906,0.03204680234193802,113.11568450927734,2.002465009689331,-226.66613838874045,0.7607588768005371,445.22991812901967,0.6893939971923828,0.19794054329395294,3.4757368564605713,225.68968200683594,1139.5192351341248,63.0,63.0,0.0,-0.18541038036346436
453.4079826497875,-212.97314453125,64000,55.28195121265204,395.5984109461442,0.7027074694633484,64,1.0,-0.17277398705482483,234.680908203125,-0.20808039605617523,3.4161529541015625,64.0,1000.0,0.0252455158307554,236.84579467773438,63.29670333862305,0.03190265968441963,115.10179138183594,2.0071756839752197,-98.44267214818913,0.7599073052406311,453.4079826497875,0.7070551514625549,0.23810896277427673,3.2477219104766846,130.10360717773438,1157.7015390396118,64.0,64.0,0.0,-0.12439116835594177
451.30755260145787,-216.3955841064453,65000,55.27694489393529,403.69584467433464,0.6877713203430176,65,1.0,-0.1707564741373062,237.04299926757812,-0.32126712799072266,3.110949754714966,65.0,1000.0,0.0247480794341294,238.36074829101562,32.544105529785156,0.03235563635826111,116.92910766601562,2.01470685005188,921.9316032785198,0.7601594924926758,451.30755260145787,0.6700220108032227,0.21195346117019653,2.9430315494537354,248.014892578125,1175.8971145153046,65.0,65.0,0.0,-0.3502204120159149
462.06134254944374,-220.9486541748047,66000,55.277255661235614,416.3748127270688,0.6889169812202454,66,1.0,-0.17416131496429443,239.82418823242188,-0.26797905564308167,3.360459804534912,66.0,1000.0,0.023313810312614223,241.37936401367188,42.99687576293945,0.03193596005439758,118.96819305419922,2.0170130729675293,1240.5077361547876,0.7586018443107605,462.06134254944374,0.725243330001831,0.1823093444108963,3.2025904655456543,255.06982421875,1193.9811267852783,66.0,66.0,0.0,-0.16616201400756836
449.5331834943417,-221.3984832763672,67000,55.27251944132571,412.13406339269085,0.6902170181274414,67,1.0,-0.1713213473558426,243.6052703857422,-0.2631162703037262,4.228792667388916,67.0,1000.0,0.02378241789989777,245.23748779296875,43.94601058959961,0.03165888786315918,120.65695190429688,2.0076379776000977,132.2446073237469,0.7607759833335876,449.5331834943417,0.7360188364982605,0.24320685863494873,3.8829023838043213,89.62117767333984,1212.1756105422974,67.0,67.0,0.0,-0.1285267025232315
443.5987932909231,-223.82098388671875,68000,55.273751233975275,424.81866882606715,0.6489130854606628,68,1.0,-0.16831156611442566,247.29385375976562,-0.4169873297214508,4.573674201965332,68.0,1000.0,0.024260444499685715,249.2178192138672,48.737281799316406,0.03355362266302109,119.9463119506836,2.0038599967956543,1274.6872328622794,0.7626906037330627,443.5987932909231,0.6778565645217896,0.21842901408672333,3.8978633880615234,226.0071563720703,1230.24036693573,68.0,68.0,0.0,-0.22801844775676727
430.8155585124693,-223.31126403808594,69000,55.27679733887486,435.57178774683126,0.6935588717460632,69,1.0,-0.1612386405467987,252.90838623046875,-0.30274614691734314,3.786987066268921,69.0,1000.0,0.0247480794341294,254.98358154296875,64.22189331054688,0.03674120083451271,118.197509765625,2.0018603801727295,1166.7838743587904,0.7656873464584351,430.8155585124693,0.7091143727302551,0.21237732470035553,3.6048479080200195,226.53030395507812,1248.2633459568024,69.0,69.0,0.0,-0.2609945237636566
430.54591293485885,-226.31793212890625,70000,55.27676297586028,450.5946580943178,0.6264579892158508,70,1.0,-0.16249945759773254,257.6109619140625,-0.4117460250854492,3.796994924545288,70.0,1000.0,0.024260444499685715,259.3272705078125,29.281370162963867,0.03629343584179878,120.17253112792969,2.0086464881896973,1487.1727120708886,0.7651165127754211,430.54591293485885,0.6612442135810852,0.18516582250595093,3.5407962799072266,273.4601135253906,1266.354906320572,70.0,70.0,0.0,-0.32505038380622864
428.96222952799934,-229.6483154296875,71000,55.28298351986686,460.55871556258035,0.6713101863861084,71,1.0,-0.15965917706489563,260.549072265625,-0.30687347054481506,3.875757932662964,71.0,1000.0,0.0247480794341294,262.59552001953125,28.587797164916992,0.03793890029191971,120.24748229980469,2.0205414295196533,1158.0427383409587,0.7663125395774841,428.96222952799934,0.6917495131492615,0.2210652232170105,3.4621386528015137,270.1236572265625,1284.301162481308,71.0,71.0,0.0,-0.25761792063713074
431.57630483425487,-234.02670288085938,72000,55.28638246067826,471.45569989188493,0.6558083295822144,72,1.0,-0.1582842469215393,265.7348937988281,-0.34130600094795227,2.976600408554077,72.0,1000.0,0.023313810312614223,267.5585632324219,69.83061981201172,0.03903013840317726,121.0348892211914,2.023993968963623,1245.1415872725115,0.7665241360664368,431.57630483425487,0.6481700539588928,0.19409775733947754,3.0309441089630127,277.68975830078125,1302.3098418712616,72.0,72.0,0.0,-0.2863754332065582
429.32722608853436,-234.6224822998047,73000,55.28701710558641,475.3308829470016,0.6683089733123779,73,1.0,-0.15662027895450592,268.27117919921875,-0.3371541500091553,3.477745771408081,73.0,1000.0,0.0252455158307554,270.0365905761719,94.22941589355469,0.039565421640872955,122.94764709472656,2.0276553630828857,754.3440629154013,0.7666887044906616,429.32722608853436,0.673794686794281,0.19561874866485596,3.157170295715332,270.9442138671875,1320.3823215961456,73.0,73.0,0.0,-0.33315131068229675
438.93463988628395,-234.29270935058594,74000,55.28928110174136,476.9502827541418,0.6396862268447876,74,1.0,-0.15885800123214722,272.93548583984375,-0.42392098903656006,3.316241502761841,74.0,1000.0,0.0247480794341294,274.71142578125,53.302040100097656,0.03931000828742981,125.08075714111328,2.029702663421631,595.1664686753763,0.7653610110282898,438.93463988628395,0.6030086874961853,0.20111386477947235,3.0497779846191406,260.5230712890625,1338.414942741394,74.0,74.0,0.0,-0.4996589124202728
453.44218867346683,-241.58816528320312,75000,55.28978603062244,476.7836008920353,0.5961973071098328,75,1.0,-0.1614047884941101,276.2562561035156,-0.4357265532016754,3.7155921459198,75.0,1000.0,0.02378241789989777,277.98468017578125,56.06520080566406,0.039237767457962036,127.26519775390625,2.0326924324035645,464.44914309614643,0.7641505599021912,453.44218867346683,0.6902284026145935,0.20245136320590973,3.482625722885132,209.26527404785156,1356.489243030548,75.0,75.0,0.0,-0.26606932282447815
444.5886222336351,-245.5923309326172,76000,55.28549751511154,472.12109516845777,0.5845582485198975,76,1.0,-0.1598353087902069,279.7764587402344,-0.47011661529541016,3.2921297550201416,76.0,1000.0,0.022404113465423047,281.423828125,45.5857048034668,0.03990226611495018,129.01016235351562,2.04042649269104,122.43316590014595,0.7651300430297852,444.5886222336351,0.5935765504837036,0.21224859356880188,3.000621795654297,272.890625,1374.6823925971985,76.0,76.0,0.0,-0.44049176573753357
431.7879585877732,-245.4539031982422,77000,55.28465083974485,475.62192142865257,0.6292758584022522,77,1.0,-0.16606001555919647,282.1131896972656,-0.38107410073280334,3.540776014328003,77.0,1000.0,0.024260444499685715,283.76470947265625,76.39090728759766,0.04014834016561508,127.07362365722656,2.032087564468384,741.6847172034566,0.7667118310928345,431.7879585877732,0.6477097868919373,0.17701205611228943,3.186547040939331,282.0372619628906,1392.791648864746,77.0,77.0,0.0,-0.342507928609848
429.705415335826,-246.65626525878906,78000,55.28057095988698,467.10499053109453,0.666519284248352,78,1.0,-0.16411717236042023,284.6624755859375,-0.3904101550579071,4.024989604949951,78.0,1000.0,0.024260444499685715,287.0680847167969,52.817562103271484,0.040849220007658005,128.87413024902344,2.035001516342163,-188.6986885808727,0.7667189240455627,429.705415335826,0.6182169914245605,0.20926779508590698,3.1522433757781982,263.5986633300781,1410.9839794635773,78.0,78.0,0.0,-0.4557328224182129
425.68205045093026,-248.96319580078125,79000,55.27447476793272,461.35115418078504,0.5979552865028381,79,1.0,-0.16527307033538818,285.62371826171875,-0.4677635133266449,3.722330093383789,79.0,1000.0,0.022404113465423047,287.0758972167969,44.338687896728516,0.04080259054899216,130.68988037109375,2.036951780319214,12.551918856643779,0.7668326497077942,425.68205045093026,0.5403977632522583,0.20067915320396423,3.2728042602539062,270.5494384765625,1429.2311294078827,79.0,79.0,0.0,-0.5456222891807556
415.0213681965708,-249.5801239013672,80000,55.2692440557276,467.4759418642196,0.7213035225868225,80,1.0,-0.170186847448349,284.95703125,-0.22083401679992676,3.932206392288208,80.0,1000.0,0.021962663920618613,287.16845703125,58.722572326660156,0.03885537013411522,132.63475036621094,2.025841236114502,951.3341688555572,0.7665272355079651,415.0213681965708,0.7206740379333496,0.22224216163158417,3.6793272495269775,296.3701477050781,1447.459638118744,80.0,80.0,0.0,-0.19360987842082977
411.0540705794522,-252.20973205566406,81000,55.26851813415651,471.66812613735055,0.6861339807510376,81,1.0,-0.16856029629707336,285.81097412109375,-0.24318058788776398,3.4800431728363037,81.0,1000.0,0.02068982289990824,287.31292724609375,81.24217987060547,0.038902707397937775,134.37841796875,2.0315940380096436,807.0428679878304,0.766517162322998,411.0540705794522,0.6908409595489502,0.1771267205476761,3.4887378215789795,295.00860595703125,1465.5721328258514,81.0,81.0,0.0,-0.13039201498031616
413.37376172725874,-255.43360900878906,82000,55.26901264327865,479.6729528278784,0.6824197173118591,82,1.0,-0.16892516613006592,287.56549072265625,-0.3315849006175995,4.318179607391357,82.0,1000.0,0.022404113465423047,289.2881164550781,89.39550018310547,0.03836780786514282,136.3274688720703,2.036036252975464,1128.063914760634,0.7654145359992981,413.37376172725874,0.6901248693466187,0.19923554360866547,3.7910845279693604,300.76580810546875,1483.6523411273956,82.0,82.0,0.0,-0.3348500728607178
420.45272019819646,-257.5137939453125,83000,55.26659856524436,481.45244277593093,0.722900390625,83,1.0,-0.17030850052833557,289.08782958984375,-0.2218007594347,3.5438289642333984,83.0,1000.0,0.022404113465423047,290.5751037597656,42.44099426269531,0.037975847721099854,138.3042449951172,2.0379526615142822,627.3706185162405,0.7641697525978088,420.45272019819646,0.6918622255325317,0.21595214307308197,3.342804193496704,291.56011962890625,1501.811259508133,83.0,83.0,0.0,-0.239646315574646
411.6040492454877,-261.4804992675781,84000,55.26954945999097,488.57098361385425,0.7499908804893494,84,1.0,-0.17188376188278198,291.3748474121094,-0.21476633846759796,4.282143592834473,84.0,1000.0,0.022404113465423047,293.33502197265625,73.76705169677734,0.03809553384780884,139.81881713867188,2.035187244415283,1079.4098731614852,0.7646734118461609,411.6040492454877,0.7674739360809326,0.2079313099384308,4.075057506561279,303.26019287109375,1519.8242218494415,84.0,84.0,0.0,-0.28009796142578125
421.32577206234515,-262.7532043457031,85000,55.27216165866639,495.1163333307478,0.6737431287765503,85,1.0,-0.1732420027256012,293.2602233886719,-0.3622259199619293,4.336022853851318,85.0,1000.0,0.022404113465423047,295.4237365722656,39.5381965637207,0.03797856718301773,141.78167724609375,2.0393478870391846,1044.925709549811,0.7639101147651672,421.32577206234515,0.6691402196884155,0.2116554230451584,3.7648770809173584,306.6387634277344,1537.8446843624115,85.0,85.0,0.0,-0.38872280716896057
425.9047144538436,-268.7237548828125,86000,55.27333518346949,499.5142131955304,0.641895055770874,86,1.0,-0.17533496022224426,295.8822021484375,-0.4531536102294922,4.193161487579346,86.0,1000.0,0.023313810312614223,298.23870849609375,97.41288757324219,0.037500087171792984,143.6282196044922,2.041822910308838,873.3340017020485,0.76290363073349,425.9047144538436,0.6530445218086243,0.19601581990718842,4.298317909240723,304.6123046875,1555.9039402008057,86.0,86.0,0.0,-0.4286007881164551
433.2213665522943,-270.0491943359375,87000,55.275224555752,506.89363907446267,0.6472282409667969,87,1.0,-0.17641815543174744,297.561767578125,-0.3564772307872772,3.834627151489258,87.0,1000.0,0.02285443614607805,299.89031982421875,107.98577117919922,0.036919355392456055,145.5358428955078,2.0415115356445312,1141.524264662644,0.7618270516395569,433.2213665522943,0.6802545785903931,0.20303668081760406,3.2512574195861816,311.51385498046875,1573.9420454502106,87.0,87.0,0.0,-0.17972159385681152
441.3890725195153,-273.43292236328125,88000,55.27640123918381,513.720929153979,0.6303971409797668,88,1.0,-0.17651231586933136,299.214111328125,-0.3075578212738037,3.296205520629883,88.0,1000.0,0.021962663920618613,300.823486328125,86.56547546386719,0.03691461309790611,147.4262237548828,2.0484771728515625,1107.6951660718937,0.7611459493637085,441.3890725195153,0.6633718609809875,0.18273547291755676,3.2524619102478027,311.14532470703125,1591.9994432926178,88.0,88.0,0.0,-0.22705240547657013
447.03804580518766,-273.12713623046875,89000,55.275909327660514,522.4993358873394,0.6425027251243591,89,1.0,-0.1769612729549408,302.51544189453125,-0.3634054660797119,3.0454843044281006,89.0,1000.0,0.02285443614607805,304.23394775390625,107.24755096435547,0.03674537315964699,149.2466278076172,2.053737163543701,1294.9991284230466,0.760379433631897,447.03804580518766,0.6682734489440918,0.20679348707199097,2.9492666721343994,309.2068176269531,1610.104674577713,89.0,89.0,0.0,-0.37137317657470703
450.16476895871165,-274.4404296875,90000,55.27038970118585,531.4874610310212,0.67940753698349,90,1.0,-0.17878949642181396,302.8660888671875,-0.31367793679237366,3.0897555351257324,90.0,1000.0,0.024260444499685715,304.5264587402344,104.28086853027344,0.03658932447433472,150.95736694335938,2.0569920539855957,1331.4305988187057,0.7597447633743286,450.16476895871165,0.6960338354110718,0.1989690363407135,2.8409945964813232,316.4746398925781,1628.358339548111,90.0,90.0,0.0,-0.22880832850933075
450.05568355399737,-276.31512451171875,91000,55.269348375135436,537.077269781065,0.6950416564941406,91,1.0,-0.17891688644886017,302.7463684082031,-0.21286334097385406,3.6254234313964844,91.0,1000.0,0.023313810312614223,304.62725830078125,110.05806732177734,0.03623945266008377,152.6569061279297,2.0667154788970947,1040.160057285003,0.7591828107833862,450.05568355399737,0.6524381041526794,0.2027236819267273,3.474104642868042,312.6602783203125,1646.4822306632996,91.0,91.0,0.0,-0.3609340190887451
455.81095455059284,-279.27728271484375,92000,55.26386728228073,539.5796720161586,0.6695603728294373,92,1.0,-0.18009845912456512,303.9648742675781,-0.38585329055786133,3.1859095096588135,92.0,1000.0,0.023313810312614223,305.89288330078125,96.75190734863281,0.03604105859994888,154.38619995117188,2.069593667984009,767.2982754096859,0.7583588361740112,455.81095455059284,0.6939893960952759,0.2252948135137558,2.9390084743499756,306.3528137207031,1664.7405352592468,92.0,92.0,0.0,-0.35238564014434814
452.7314715537328,-281.14422607421875,93000,55.26177308622178,550.016794147361,0.6751348376274109,93,1.0,-0.18148501217365265,305.8668212890625,-0.3079043924808502,3.1489956378936768,93.0,1000.0,0.025752950698953586,307.7326965332031,57.878028869628906,0.03590508922934532,155.88455200195312,2.0636966228485107,1510.2320302179764,0.7591059803962708,452.7314715537328,0.6736007928848267,0.2262439727783203,2.7781524658203125,322.63323974609375,1682.8993136882782,93.0,93.0,0.0,-0.2822701632976532
461.66005203418666,-280.69140625,94000,55.26055601566286,556.339162801125,0.6636554598808289,94,1.0,-0.18171155452728271,304.8421936035156,-0.22917699813842773,2.969411611557007,94.0,1000.0,0.02378241789989777,307.1331787109375,73.59565734863281,0.03606504201889038,157.63800048828125,2.064427137374878,1144.3194476011772,0.7582250237464905,461.66005203418666,0.6265095472335815,0.2285674810409546,2.4413082599639893,316.98388671875,1701.0324683189392,94.0,94.0,0.0,-0.3276517689228058
455.9600412707702,-281.7951965332031,95000,55.2574486222163,561.4334582265172,0.6340988278388977,95,1.0,-0.18235324323177338,307.25335693359375,-0.29735827445983887,2.724987268447876,95.0,1000.0,0.024260444499685715,309.0216369628906,45.814491271972656,0.03616991639137268,158.86648559570312,2.069270372390747,1040.2972282133865,0.758453369140625,455.9600412707702,0.6388340592384338,0.20344224572181702,2.6972858905792236,313.7359924316406,1719.2252333164215,95.0,95.0,0.0,-0.37273022532463074
460.76029916971,-283.1378173828125,96000,55.25717347067076,566.4010067414649,0.6448932886123657,96,1.0,-0.18326826393604279,308.1031494140625,-0.25636908411979675,3.1132760047912598,96.0,1000.0,0.02285443614607805,310.0031433105469,68.27271270751953,0.03588629141449928,160.5478973388672,2.0674877166748047,1038.3181156614978,0.757912278175354,460.76029916971,0.6161357760429382,0.1954272985458374,2.749560832977295,313.2284851074219,1737.3309919834137,96.0,96.0,0.0,-0.3204047381877899
472.6063428746693,-283.3696594238281,97000,55.256948093485995,577.2787070417346,0.6108574867248535,97,1.0,-0.18499156832695007,307.0667724609375,-0.3814869821071625,2.9738900661468506,97.0,1000.0,0.022404113465423047,308.9153747558594,130.37191772460938,0.035869646817445755,162.2362060546875,2.0692808628082275,1621.5379358676314,0.7567610144615173,472.6063428746693,0.6585369110107422,0.22141112387180328,2.852804183959961,324.6743469238281,1755.435349702835,97.0,97.0,0.0,-0.2412358671426773
474.2940471637933,-284.15936279296875,98000,55.25597280720249,586.1664179517747,0.624605655670166,98,1.0,-0.18589772284030914,309.334228515625,-0.3285408914089203,3.1694536209106445,98.0,1000.0,0.023313810312614223,311.20367431640625,66.75664520263672,0.03572699427604675,163.69515991210938,2.06998348236084,1448.2743762256584,0.7563828825950623,474.2940471637933,0.625231146812439,0.21307788789272308,3.028691530227661,327.99334716796875,1773.5639247894287,98.0,98.0,0.0,-0.34528470039367676
474.1977541987946,-283.86297607421875,99000,55.26009279479828,595.8873796221967,0.6142398118972778,99,1.0,-0.18721438944339752,311.4143371582031,-0.36132287979125977,3.172313928604126,99.0,1000.0,0.02285443614607805,313.17669677734375,102.93680572509766,0.03575078397989273,165.02748107910156,2.0724987983703613,1548.54162332356,0.756220281124115,474.1977541987946,0.6031200289726257,0.19097983837127686,3.1008737087249756,328.7677001953125,1791.527936220169,99.0,99.0,0.0,-0.3248775899410248
472.2803028172017,-286.1288146972656,100000,55.25836325060948,602.9935701703283,0.6615487337112427,100,1.0,-0.18821707367897034,312.17474365234375,-0.2765553295612335,2.8957982063293457,100.0,1000.0,0.02378241789989777,313.95855712890625,66.71886444091797,0.03572915121912956,166.3186492919922,2.0763022899627686,1306.5064344353555,0.7559313178062439,472.2803028172017,0.7200402021408081,0.23087647557258606,2.9238975048065186,328.2638854980469,1809.6808178424835,100.0,100.0,0.0,-0.1572771966457367
477.31279970899703,-285.5097961425781,101000,55.25946162692045,623.2420948598369,0.6418912410736084,101,1.0,-0.18823949992656708,312.5989990234375,-0.2931674122810364,3.2009007930755615,101.0,1000.0,0.02285443614607805,314.516845703125,12.834064483642578,0.035669825971126556,167.88433837890625,2.0780205726623535,1478.2105310667318,0.7553548216819763,483.1132743105785,0.6360800862312317,0.21378369629383087,2.984952211380005,330.1582946777344,1827.7412958145142,101.0,101.0,0.0,-0.30750125646591187
484.4398087213307,-286.33819580078125,102000,55.260744045279225,643.2367101171607,0.6329692602157593,102,1.0,-0.1897120177745819,313.1482238769531,-0.3239758014678955,3.6359715461730957,102.0,1000.0,0.023313810312614223,314.93804931640625,104.32373046875,0.03550294041633606,169.45933532714844,2.07983136177063,1704.2956870899975,0.7544053196907043,505.7275339899876,0.6589312553405762,0.1949254870414734,3.556562900543213,332.41046142578125,1845.7949085235596,102.0,102.0,0.0,-0.2569422721862793
492.86125248152945,-286.9691162109375,103000,55.2595137589049,656.432349622314,0.6365148425102234,103,1.0,-0.19011975824832916,313.7451171875,-0.2590957581996918,3.6847221851348877,103.0,1000.0,0.021529912675834345,315.79815673828125,113.16063690185547,0.03558678925037384,171.0133819580078,2.08036732673645,1548.200876654054,0.7538170218467712,522.2479860428795,0.5972949862480164,0.20682263374328613,3.5788986682891846,331.37548828125,1863.9324343204498,103.0,103.0,0.0,-0.376942902803421
502.7955429607706,-287.2174377441406,104000,55.2569339819859,664.4218590100361,0.6469390988349915,104,1.0,-0.19256006181240082,314.04498291015625,-0.2781074047088623,3.268871307373047,104.0,1000.0,0.021529912675834345,315.9491271972656,140.14222717285156,0.035583604127168655,172.55409240722656,2.082854986190796,1168.2745092350413,0.752842903137207,539.3930953860954,0.6730136275291443,0.19006073474884033,3.0818467140197754,327.6807861328125,1882.1167318820953,104.0,104.0,0.0,-0.23792551457881927
509.5713018056613,-289.4800720214844,105000,55.25364841919696,678.358577269043,0.5918752551078796,105,1.0,-0.1931498944759369,315.3496398925781,-0.40456417202949524,2.7586922645568848,105.0,1000.0,0.022404113465423047,317.1141357421875,28.785324096679688,0.035571373999118805,174.04409790039062,2.084069013595581,1680.0325739577324,0.7521916627883911,555.6729110043285,0.6239441633224487,0.2155466228723526,2.8990752696990967,333.7359619140625,1900.3270010948181,105.0,105.0,0.0,-0.4206291735172272
513.9302209573839,-290.8096618652344,106000,55.253489787888654,690.3538648579703,0.5775901675224304,106,1.0,-0.19528084993362427,316.0872497558594,-0.41214537620544434,2.878349781036377,106.0,1000.0,0.022404113465423047,317.83642578125,68.90203857421875,0.03515009209513664,175.502685546875,2.085937976837158,1588.8678046556568,0.7515290379524231,564.9397003100053,0.5925344824790955,0.21927790343761444,3.147043466567993,333.5442810058594,1918.430861234665,106.0,106.0,0.0,-0.43687018752098083
522.8165982684491,-292.2671203613281,107000,55.25367678393692,704.1186706825006,0.6207506060600281,107,1.0,-0.19749708473682404,316.03961181640625,-0.27108725905418396,3.3524155616760254,107.0,1000.0,0.021529912675834345,318.37469482421875,126.3279037475586,0.034992534667253494,176.9794158935547,2.087357997894287,1482.2268354013277,0.7507043480873108,577.1027763272338,0.6229975819587708,0.20120756328105927,3.30092716217041,332.5618896484375,1936.5227117538452,107.0,107.0,0.0,-0.2545153796672821
514.6134171993165,-292.6548767089844,108000,55.25201848950178,712.5828326992215,0.6626909375190735,108,1.0,-0.19962762296199799,319.77069091796875,-0.23264096677303314,2.8424484729766846,108.0,1000.0,0.021962663920618613,322.0666198730469,58.66535186767578,0.034784503281116486,177.8275604248047,2.088170051574707,1406.9328173247009,0.751169741153717,576.7398759094103,0.6393399238586426,0.17823205888271332,3.0770769119262695,334.78533935546875,1954.6797194480896,108.0,108.0,0.0,-0.2892686426639557
522.4119721743939,-295.66156005859375,109000,55.25200554306454,721.7514433897693,0.625435471534729,109,1.0,-0.20089896023273468,321.1977844238281,-0.27739575505256653,2.7262701988220215,109.0,1000.0,0.021529912675834345,323.1219482421875,114.26374053955078,0.03472793847322464,179.26612854003906,2.0891809463500977,1507.3073848968668,0.7502878308296204,585.5113466213942,0.6040522456169128,0.17513348162174225,2.91996169090271,336.63433837890625,1972.779067993164,109.0,109.0,0.0,-0.3511922359466553
530.0010796273906,-297.5878601074219,110000,55.24132108524332,728.342861284426,0.6513391137123108,110,1.0,-0.20262376964092255,323.2407531738281,-0.23726217448711395,3.0376555919647217,110.0,1000.0,0.02068982289990824,325.45770263671875,85.02545928955078,0.03449180722236633,180.6917266845703,2.0886709690093994,1257.8769055350472,0.7492090463638306,594.2302317532109,0.695727527141571,0.2142752707004547,3.023998260498047,336.096435546875,1991.263022661209,110.0,110.0,0.0,-0.24332500994205475
536.1774221817641,-295.2811279296875,111000,55.230492276816705,734.6655456496749,0.5910086631774902,111,1.0,-0.20340844988822937,324.11224365234375,-0.3141568899154663,2.6195850372314453,111.0,1000.0,0.02068982289990824,325.82769775390625,74.53097534179688,0.03429796174168587,182.0849609375,2.0919837951660156,978.8424969177925,0.7484520077705383,603.2901968649672,0.5916634798049927,0.20439404249191284,2.6848978996276855,334.0113220214844,2009.759381532669,111.0,111.0,0.0,-0.3375270664691925
538.530921336256,-296.07830810546875,112000,55.220781724630115,744.6360075589624,0.5940973162651062,112,1.0,-0.20451709628105164,323.9384460449219,-0.2198271006345749,2.865835666656494,112.0,1000.0,0.021105688340196396,325.86285400390625,50.92287063598633,0.03398067131638527,183.42437744140625,2.0923705101013184,1445.0429307992804,0.7474855184555054,605.7207131509462,0.5479503273963928,0.24279406666755676,2.859679937362671,339.347412109375,2028.2219212055206,112.0,112.0,0.0,-0.35656705498695374
545.8699151949204,-299.4886779785156,113000,55.21231504141132,749.549210159365,0.5403239727020264,113,1.0,-0.20581132173538208,322.55908203125,-0.33265820145606995,3.1213278770446777,113.0,1000.0,0.021105688340196396,324.42047119140625,152.1325225830078,0.033857766538858414,184.7923126220703,2.092283248901367,1284.9048343025672,0.7464894652366638,611.412284525461,0.5689418315887451,0.23484331369400024,3.093181610107422,337.2185363769531,2046.6448457241058,113.0,113.0,0.0,-0.2856215238571167
552.3691673535316,-300.1598815917969,114000,55.2142511004391,764.4684445885514,0.589913547039032,114,1.0,-0.20665638148784637,323.57568359375,-0.27384671568870544,3.67016339302063,114.0,1000.0,0.021962663920618613,326.168212890625,93.8321304321289,0.03390083461999893,186.1256866455078,2.0925354957580566,1268.2925054034445,0.7457013726234436,618.6559359388984,0.6142111420631409,0.26294323801994324,2.840402603149414,336.87091064453125,2064.6843473911285,114.0,114.0,0.0,-0.1826460361480713
559.975593326117,-301.63287353515625,115000,55.21489148007527,782.0510655223567,0.5930885076522827,115,1.0,-0.2074700891971588,324.72271728515625,-0.28920871019363403,2.964914321899414,115.0,1000.0,0.021529912675834345,326.68280029296875,85.09555053710938,0.03390426188707352,187.45266723632812,2.09294056892395,1291.3566006253964,0.7446813583374023,633.8525240802809,0.544382631778717,0.16453006863594055,3.079362154006958,338.1020202636719,2082.7714574337006,115.0,115.0,0.0,-0.39448967576026917
565.0025342554555,-301.6588439941406,116000,55.21545878528455,795.2871257107254,0.6349532604217529,116,1.0,-0.20847991108894348,324.63311767578125,-0.1324128955602646,3.296311855316162,116.0,1000.0,0.021105688340196396,326.96575927734375,135.54745483398438,0.03353046998381615,188.7420196533203,2.0932068824768066,1288.6516023209965,0.743343710899353,650.0157531717394,0.6659084558486938,0.20853036642074585,3.2027673721313477,336.9412536621094,2100.860928297043,116.0,116.0,0.0,-0.1774226576089859
570.9403877590529,-301.6958312988281,117000,55.21281569664259,816.6769847950101,0.6045607328414917,117,1.0,-0.2079497128725052,325.5101318359375,-0.2653099596500397,2.9580624103546143,117.0,1000.0,0.021529912675834345,327.045166015625,23.94512367248535,0.03359313681721687,190.01083374023438,2.0934221744537354,1575.8062669482183,0.7430919408798218,653.9173093113797,0.6349316835403442,0.18800754845142365,2.9551353454589844,340.34564208984375,2119.07323551178,117.0,117.0,0.0,-0.23128336668014526
578.129021933773,-304.0764465332031,118000,55.211279735816866,830.6667470122711,0.6166163086891174,118,1.0,-0.20967717468738556,325.976806640625,-0.21271450817584991,3.7137603759765625,118.0,1000.0,0.021962663920618613,328.0047607421875,110.84416961669922,0.03338875249028206,191.27764892578125,2.0934195518493652,848.4058744003253,0.7420867681503296,673.7529678930806,0.5953189134597778,0.19034218788146973,3.1193747520446777,335.68011474609375,2137.244428396225,118.0,118.0,0.0,-0.28384432196617126
581.4054693113624,-302.5532531738281,119000,55.20694611201289,837.5331202059409,0.5915032029151917,119,1.0,-0.21032944321632385,326.4090576171875,-0.30084335803985596,2.602957010269165,119.0,1000.0,0.021962663920618613,328.5100402832031,63.96382141113281,0.03317169472575188,192.4952392578125,2.092251777648926,1354.0894027390311,0.7410711646080017,688.8640064959337,0.5993242263793945,0.23163415491580963,2.930236577987671,339.4840087890625,2155.5258600711823,119.0,119.0,0.0,-0.24133892357349396
582.8717503289411,-305.7129821777344,120000,55.205784482721505,852.3611060884402,0.5858901143074036,120,1.0,-0.21084478497505188,326.94500732421875,-0.32818663120269775,3.2994678020477295,120.0,1000.0,0.021529912675834345,328.82586669921875,32.28590774536133,0.032834265381097794,193.6834716796875,2.092000722885132,1373.2311442766866,0.7399808764457703,692.2409919918125,0.5712685585021973,0.1954510509967804,3.0357859134674072,340.69049072265625,2173.6852600574493,120.0,120.0,0.0,-0.36763331294059753
589.2441091700117,-304.9917297363281,121000,55.204373425571006,864.6913206428637,0.607038676738739,121,1.0,-0.21144478023052216,325.60784912109375,-0.24917404353618622,3.332676410675049,121.0,1000.0,0.021105688340196396,327.14312744140625,101.7202377319336,0.032868098467588425,194.8806915283203,2.094670057296753,1175.6137146748654,0.7390905618667603,700.3411998692923,0.6309763789176941,0.23127788305282593,3.3961195945739746,338.8299865722656,2191.855327606201,121.0,121.0,0.0,-0.2508622705936432
593.6559960748424,-306.5173034667969,122000,55.20245545088228,877.7646007978824,0.6650862693786621,122,1.0,-0.2114684134721756,326.07489013671875,-0.2534927427768707,3.138883113861084,122.0,1000.0,0.021529912675834345,328.104736328125,80.65231323242188,0.03286336734890938,196.056396484375,2.095625162124634,1231.7133428311809,0.7383339405059814,707.5805455270635,0.632534384727478,0.19840368628501892,3.1103298664093018,340.1037292480469,2210.046618461609,122.0,122.0,0.0,-0.3404046595096588
597.5830925331694,-306.7080383300781,123000,55.20108982988462,886.4674455014315,0.6295429468154907,123,1.0,-0.21204979717731476,325.6759033203125,-0.2659735381603241,2.706228256225586,123.0,1000.0,0.021105688340196396,327.5389404296875,74.34513854980469,0.03272607922554016,197.21351623535156,2.096891403198242,1248.8751581809315,0.7376493811607361,722.3457693055458,0.5994613170623779,0.2702869772911072,2.7903974056243896,338.61187744140625,2228.216877222061,123.0,123.0,0.0,-0.33315134048461914
