#{"env_id": "Ant-v2", "t_start": 1521399268.6480699}
r,l,t
-1099.714246,1000,10.094796
-2091.502455,1000,24.089355
-2050.863611,1000,38.01165
-1416.052531,1000,51.992892
-2896.198186,1000,66.004953
-2538.784313,1000,79.989056
-2181.878289,1000,93.9454
-823.397423,569,103.404649
-317.126938,230,105.249736
-2387.923799,1000,116.15849
-45.60479,27,116.583238
-172.449662,104,117.500978
-2043.066289,1000,128.382185
-73.024049,28,128.859859
-327.45184,180,134.464761
-220.446893,104,135.424534
-18.213639,14,135.857805
-88.345111,80,136.413373
-50.89893,37,136.866211
-184.478069,104,137.779594
-211.517221,125,139.092988
-1917.192744,1000,148.619612
-65.31485,31,148.664686
-1916.102311,1000,169.693229
-2489.561495,1000,189.326517
-34.409889,24,190.30918
-2114.1573,1000,208.067296
-75.374358,55,208.679929
-2142.439102,1000,224.318796
-2096.864485,1000,242.455081
-107.797765,57,243.100053
-65.231677,29,243.165458
-60.399422,38,243.790786
-43.306331,39,244.390419
-88.892377,58,245.03109
-79.459938,39,245.672107
-78.779019,43,246.618422
-318.627205,198,249.099739
-8.206867,11,249.131029
-2233.39048,1000,265.577136
-2589.996379,1000,280.437001
-71.306943,37,281.002666
-170.145255,107,282.287618
-25.429988,12,282.314388
-25.389735,17,282.370631
-1916.950446,1000,298.473718
-65.56954,61,299.689407
-46.622272,20,299.736276
-11.988999,11,299.759417
-81.984007,48,300.403993
-34.579667,51,301.020278
-15.907608,19,301.589165
-13.691014,14,301.620657
-27.662718,53,302.242017
-11.773214,12,302.269185
-72.391164,31,302.926789
-1957.951206,1000,316.230492
-14.382382,10,316.436182
-11.072453,18,316.491116
-18.501606,10,317.052686
-2063.41269,1000,333.265009
-2334.564487,1000,346.35198
-17.159936,17,346.395275
-14.316506,11,346.421992
-22.873059,27,346.99673
-92.857115,119,348.291212
-19.067072,13,348.321985
-6.79252,11,348.862796
-18.763879,27,348.915848
-10.409682,15,348.95089
-20.670154,34,352.686805
-93.640702,70,353.371896
-14.993014,49,354.006871
-16.518252,22,354.575218
-29.888214,24,354.628708
-47.713086,70,355.816996
12.048992,38,356.422708
-15.808046,12,356.449368
-36.662198,51,357.065192
-31.632527,25,357.117412
-21.822106,25,357.685792
-10.628619,10,357.707151
-51.373327,82,358.919799
-13.484091,18,358.956662
-10.234339,10,358.982435
-37.883309,59,359.657374
-2111.834923,1000,372.653033
-128.148868,123,374.502654
-2126.522468,1000,390.927014
-27.295825,25,390.977491
-277.742306,282,397.808174
-66.899229,69,398.500648
-2461.42598,1000,413.250842
-27.624287,28,413.854679
-12.877489,30,414.450408
-2828.261541,1000,429.181524
-2307.749747,1000,445.460654
-22.323882,229,448.156367
-2670.457774,1000,467.278485
-56.148541,36,467.909058
-680.366041,1000,487.278534
-2315.2927,1000,503.53859
-1970.360977,1000,518.171846
-2087.269955,1000,536.553789
-2300.447021,1000,553.686514
-2105.893849,1000,573.098167
-1524.127749,1000,592.295381
-315.456574,1000,607.894614
0.941395,18,607.933167
-15.493482,42,608.564224
-79.407432,217,611.25711
-1706.168601,1000,631.409823
-2036.662425,1000,649.248799
-1776.595607,1000,664.290532
-1502.425023,1000,678.816939
-54.080576,44,679.466801
-1.628419,38,680.107558
-45.211243,49,680.745516
-172.519145,128,682.60577
-102.257687,113,685.693691
-7.261374,10,685.717595
-78.706499,161,687.653666
-22.984541,13,687.686657
-11.999402,15,688.238938
-31.5916,76,688.928684
-370.647281,433,694.758045
-26.333746,29,695.36878
-572.344436,413,706.141653
-1791.967963,1000,724.417977
-2367.923007,1000,739.450364
-79.195642,220,742.102289
-66.268848,103,743.375198
-49.656249,152,745.288534
-30.01305,62,746.478873
-13.026746,27,746.542605
-1985.401292,1000,760.434961
-0.702645,259,766.284568
6.838202,16,766.861269
-89.026368,644,774.683163
-523.119281,778,788.921077
-2197.564938,1000,808.483529
-76.828159,111,809.843503
-1613.317869,1000,828.294231
-5.825808,12,828.323895
-19.086434,84,829.694081
-32.887752,23,830.267606
-4.610153,12,830.294982
-1592.049233,1000,848.040278
-100.74914,464,857.749863
-83.979336,222,860.943557
-1922.372265,1000,875.787456
-297.633385,322,879.713261
-1238.279183,997,897.825681
-10.13318,97,899.088793
-36.570384,28,899.15147
-12.33702,13,899.721627
-11.613443,12,899.750243
-84.817155,269,906.560834
33.426178,80,907.83048
-1068.237008,1000,926.00182
-59.008149,122,927.320632
-6.741171,31,927.913167
-2224.59162,1000,946.448802
-60.475988,80,947.73729
-18.379361,9,947.760611
-336.127154,344,952.318095
-2359.800656,1000,966.728816
-413.266605,906,982.458122
-2.387389,18,982.501712
-156.84374,156,984.555955
-745.543723,1000,1003.306772
-91.179528,103,1004.693851
-918.321762,1000,1021.754063
-1462.001624,1000,1036.847237
-591.198291,556,1050.845801
-1910.880093,1000,1068.001297
-1578.858319,1000,1084.120242
-45.325791,55,1085.176474
-89.997138,144,1086.38675
-27.678677,77,1087.4598
-461.916608,272,1090.648016
-2310.360404,1000,1103.735582
-66.102842,213,1106.441705
-52.010565,542,1112.025511
-34.813415,43,1112.560991
-271.561746,1000,1126.608408
-61.383662,256,1131.326773
-528.650177,1000,1146.949629
-92.213728,226,1149.659477
-307.538794,673,1159.288685
36.846413,36,1159.824714
-398.370745,1000,1175.098328
-531.191879,1000,1191.247166
-58.561357,207,1193.847028
-61.803307,75,1195.001351
-309.980389,183,1196.876593
-347.487454,577,1211.011351
-1587.221861,1000,1231.64154
-506.999436,1000,1250.179465
104.929325,256,1253.448387
-51.619012,150,1255.34511
-86.556751,134,1257.213634
-1174.800204,572,1270.672294
-619.696282,1000,1287.771469
-180.14372,147,1289.634043
-172.34767,1000,1307.29813
-265.79489,475,1313.736853
-19.887785,91,1314.96776
-327.719229,1000,1331.749313
91.339019,667,1341.698105
-102.805649,198,1344.271478
-798.524499,857,1357.962523
-3.334666,331,1363.617349
-120.373513,175,1365.617195
-8.762817,19,1365.657468
-2144.653397,1000,1381.038289
-165.986108,210,1384.239454
-41.093058,159,1386.173012
-44.048355,72,1386.862418
-23.862718,86,1388.09079
-598.268301,809,1401.564597
-336.886832,445,1407.21053
-2458.581241,1000,1423.887027
-143.732719,1000,1443.998593
-4.887646,245,1450.412576
10.705258,27,1450.987958
-392.108119,1000,1465.179001
60.53156,1000,1483.394664
-334.628373,1000,1501.566105
-75.19603,138,1502.954453
-32.926846,199,1505.768727
-501.27791,1000,1525.217299
-449.08344,494,1542.088088
-71.58952,169,1544.903713
-145.95979,281,1548.593874
-28.134805,41,1549.288167
-19.145913,42,1549.989734
72.32191,840,1567.853311
-1858.016054,1000,1587.093622
-1985.030754,1000,1603.836941
-1189.951975,1000,1619.49535
-513.708741,1000,1640.131874
-96.303441,171,1642.079404
-969.928388,1000,1659.694453
-756.576667,1000,1680.214671
-15.637753,127,1682.055862
-320.776975,1000,1702.373315
-502.992482,1000,1721.875052
-24.952261,56,1722.599688
-210.686125,1000,1743.054926
181.733408,612,1758.895818
0.161824,38,1759.536244
-571.670345,1000,1778.236213
-463.153163,1000,1799.022608
98.127755,1000,1817.66387
-6.980197,93,1818.949767
-2.044588,216,1821.711368
-358.682199,977,1841.125564
79.381642,206,1844.307759
-739.461299,1000,1865.622238
-1.468877,1000,1884.858989
-2257.671373,1000,1903.701424
-365.5075,1000,1923.83654
227.911707,1000,1944.234889
-22.402983,159,1952.392354
-202.757267,1000,1971.707891
-95.137641,758,1981.061527
-101.11354,1000,1999.756755
22.895806,1000,2020.172362
-549.420677,1000,2040.467147
-10.890786,21,2040.517976
4.067616,20,2041.110473
-2201.64179,1000,2059.80677
-713.832986,1000,2080.239539
-330.407974,1000,2098.660794
-1509.494011,1000,2119.616951
-946.623111,1000,2135.199856
-989.046361,1000,2151.75216
16.544278,41,2151.807694
-50.959603,59,2155.232381
-1361.370204,1000,2178.154201
-572.550145,1000,2196.447633
6.028384,467,2202.812709
110.634261,859,2221.969388
-271.891752,1000,2237.861958
-1347.073684,1000,2256.00371
16.90683,1000,2273.805814
-145.25198,206,2276.3297
-95.925305,1000,2295.69725
-159.153253,217,2298.860895
-469.465933,1000,2318.997686
-282.18847,1000,2334.97293
-2229.85378,1000,2354.226149
-280.811917,1000,2371.898612
-76.227698,1000,2388.458466
-100.053594,1000,2404.239642
6.109673,187,2406.286809
27.248001,41,2406.933547
-1178.095459,1000,2421.995029
18.16422,106,2429.445788
-54.133975,418,2435.173976
88.379668,525,2449.554386
73.42504,578,2457.293832
-489.399448,922,2472.752671
-477.037604,947,2489.771517
-2198.15176,1000,2509.818541
121.090912,1000,2530.716944
-1439.057893,1000,2549.143217
-37.168661,430,2554.820926
6.152641,17,2554.855127
-2232.847825,1000,2574.9053
-289.923884,1000,2593.035814
157.894046,627,2607.723351
-4.674127,31,2607.791343
116.28182,435,2620.095737
-93.946634,1000,2636.825734
230.338719,1000,2657.367595
-624.803117,1000,2675.547775
24.269307,223,2678.122705
27.682976,211,2681.29316
143.894486,527,2687.887004
-1064.835468,1000,2705.4253
185.94854,1000,2725.934272
-1052.054602,1000,2743.307711
166.634662,1000,2764.031714
-168.322786,1000,2784.760558
-244.405762,1000,2807.008429
-73.119307,1000,2826.91748
488.57148,1000,2846.364598
20.470801,113,2854.024346
76.744327,1000,2873.583413
-401.455274,1000,2892.885853
126.718293,1000,2913.416033
152.372843,414,2919.063288
95.443569,1000,2938.217875
122.436678,1000,2959.07758
-292.204615,1000,2978.33918
-186.773107,1000,2997.002621
-17.660684,1000,3017.594867
251.972888,717,3032.855005
286.044578,624,3041.077824
-148.435531,1000,3060.49403
-320.726559,1000,3079.977221
-60.947812,1000,3098.997561
251.920187,1000,3119.786674
-503.93872,1000,3140.626465
-1194.630896,1000,3162.819048
57.527971,1000,3181.480464
234.056992,1000,3198.526388
51.349656,203,3207.614386
135.663772,1000,3223.166684
577.663626,1000,3238.589036
275.170756,1000,3253.073817
509.136408,1000,3267.336685
363.104921,1000,3281.712652
6.984696,1000,3295.901114
414.22707,1000,3309.435466
346.185645,1000,3322.937429
-141.392542,1000,3337.263991
226.445893,900,3345.518147
84.937592,1000,3358.879842
6.450777,76,3364.515654
382.963088,1000,3378.194331
28.66165,1000,3392.507874
386.955031,1000,3405.74713
38.499182,115,3406.696684
252.986016,1000,3421.1622
164.599252,1000,3435.107496
491.10991,1000,3450.704525
428.744058,1000,3469.442839
353.586112,1000,3485.130599
433.427503,1000,3500.996333
331.7787,1000,3516.59287
159.890477,1000,3532.18406
203.946665,1000,3547.812649
226.204558,722,3556.334321
431.175973,1000,3574.449499
57.843685,130,3575.680845
266.6752,1000,3592.908204
560.374716,1000,3610.164524
-111.030991,1000,3626.714433
340.059884,1000,3643.475099
208.748781,1000,3660.256818
-237.784753,1000,3679.043705
576.836172,1000,3699.804063
538.535265,1000,3718.480988
49.106693,1000,3736.762932
319.562007,1000,3754.965068
72.743971,1000,3773.502759
117.103488,1000,3789.341283
333.909125,1000,3809.853059
667.932685,1000,3828.555578
397.189839,1000,3845.881349
-715.904227,1000,3862.366171
-8.782003,62,3868.588566
162.216495,1000,3883.676707
121.495507,1000,3898.684434
308.319477,1000,3913.749781
73.017372,1000,3929.650777
-172.336098,1000,3944.745168
388.560285,1000,3957.878481
526.096625,1000,3973.040654
274.603138,1000,3987.979512
173.866552,438,3991.979715
356.676278,1000,4007.052469
236.941196,1000,4022.124718
534.328122,1000,4037.041693
234.297089,1000,4053.213855
359.777415,1000,4069.193351
-697.168357,1000,4084.148676
215.637688,685,4096.116176
278.312944,1000,4111.276815
399.271499,1000,4127.938601
64.703462,1000,4143.183785
593.378201,1000,4158.005621
397.046224,1000,4173.356837
154.07798,419,4177.662202
-783.520845,1000,4191.824826
-303.846694,1000,4207.006839
200.624629,1000,4222.218599
-108.359512,1000,4237.328116
34.329036,1000,4252.452631
7.26932,1000,4268.951884
302.808804,1000,4284.008562
630.025745,1000,4300.190449
74.607751,1000,4314.94586
113.530178,1000,4331.766144
362.964697,1000,4348.196546
465.117363,1000,4363.136615
460.232697,1000,4378.127896
95.129457,1000,4393.026347
8.798269,1000,4408.115824
620.735886,1000,4423.086576
-239.919138,1000,4437.220849
242.016684,1000,4452.295483
-41.411181,1000,4467.592558
39.690692,1000,4482.601161
523.197793,1000,4497.980844
408.119572,1000,4513.263508
118.382868,1000,4528.197257
-268.932907,1000,4543.118482
-173.683515,1000,4557.410264
479.684602,1000,4573.651603
434.60484,852,4592.379732
579.620884,1000,4610.797471
514.451612,1000,4628.313209
46.606689,1000,4646.02639
454.085769,1000,4664.347683
496.903762,1000,4682.273514
421.353084,1000,4700.491357
702.223691,1000,4719.180717
63.286885,1000,4737.98546
292.989974,1000,4756.937147
476.221672,1000,4775.851817
201.464802,1000,4793.982362
560.256974,1000,4812.468483
-31.991291,1000,4831.044256
306.866119,1000,4849.905313
267.924123,1000,4868.296045
429.127333,1000,4886.037616
318.24179,1000,4904.725416
290.148888,1000,4923.522929
301.796116,1000,4942.103112
425.81949,1000,4960.889411
394.916045,1000,4979.496305
332.450393,1000,4997.623359
248.648327,1000,5016.15945
-311.38936,1000,5034.817828
33.290269,1000,5052.335496
312.510579,1000,5069.843493
134.936042,1000,5088.720155
115.790006,246,5091.122868
229.704844,1000,5109.304662
334.405375,1000,5131.738757
597.337208,1000,5148.076222
364.471913,1000,5164.413075
500.776803,1000,5179.365
442.027703,1000,5194.411047
-466.650652,1000,5209.273707
427.041942,1000,5223.450792
185.548865,1000,5242.501572
460.574874,1000,5261.675037
439.043121,1000,5278.577656
16.623964,1000,5294.746014
723.665438,1000,5312.285982
446.572873,1000,5329.310486
198.629691,1000,5346.47797
693.218515,1000,5364.441624
-335.469953,1000,5381.26858
477.352759,1000,5397.291347
12.156216,1000,5412.865314
387.181984,1000,5430.075864
466.7969,923,5450.369692
325.670522,1000,5473.232982
110.426228,1000,5492.021287
272.656315,1000,5509.330796
367.852293,1000,5525.121609
-233.383647,1000,5540.492979
420.993976,1000,5556.452181
404.351173,1000,5576.705203
323.414601,1000,5599.304488
481.424567,1000,5621.222111
681.95699,1000,5638.141464
563.398754,1000,5659.159139
373.384995,1000,5680.092213
-171.680266,1000,5701.093151
406.897648,1000,5721.948673
-2322.993845,1000,5738.004971
-1124.750564,1000,5755.230114
849.671312,1000,5776.290153
54.480894,1000,5796.410351
612.015759,1000,5818.03293
584.934594,1000,5840.967524
163.43175,1000,5863.973622
405.300574,696,5882.945243
544.159352,1000,5905.842343
408.4102,1000,5929.03838
-401.631749,1000,5952.331152
467.433704,1000,5975.318878
245.222927,1000,5998.765263
277.90469,1000,6021.139402
370.016386,1000,6042.119694
-83.803366,1000,6062.859454
288.851668,1000,6083.886401
473.714666,1000,6105.083878
333.988064,1000,6126.522014
522.168134,1000,6147.723036
269.500623,1000,6168.857056
206.578113,1000,6190.092833
152.51645,300,6193.88198
-2.431258,1000,6214.414679
60.698761,1000,6236.547625
678.792389,1000,6258.116186
30.858738,64,6258.83086
439.059106,1000,6281.610559
239.063933,332,6295.298776
-346.104562,1000,6317.123573
236.159415,1000,6338.582574
500.4192,1000,6361.758961
-1984.092019,1000,6382.992826
179.214366,315,6387.18931
-407.897008,1000,6410.459374
498.40056,1000,6432.245844
259.22626,391,6437.890295
81.61024,1000,6460.187451
424.936562,1000,6479.93232
294.834241,1000,6499.941313
-78.090787,1000,6520.639834
-229.933819,1000,6540.456229
-403.087854,1000,6561.33519
568.711818,1000,6579.478707
315.591245,1000,6595.434702
500.066683,1000,6611.395926
576.87297,1000,6626.410726
444.696005,912,6641.442528
194.801629,1000,6657.25804
-215.948187,1000,6675.148612
-528.97189,1000,6695.191568
418.746036,1000,6712.307327
285.444463,1000,6729.911046
-34.309626,1000,6749.768319
489.204245,1000,6770.737076
-136.817726,1000,6791.836952
3.434672,1000,6813.050092
-328.867542,1000,6834.107419
67.971723,1000,6855.474431
317.197874,1000,6876.908162
-160.008859,1000,6897.984297
55.425561,1000,6918.851853
495.937957,1000,6939.864971
682.57924,1000,6961.175645
315.778113,1000,6983.047029
481.18342,1000,7004.157084
-47.043383,1000,7025.216455
560.944149,1000,7046.183836
165.645011,1000,7066.999991
-1414.915098,1000,7088.180057
501.89447,1000,7109.473347
380.459291,1000,7129.375267
-138.38081,1000,7144.206352
77.853626,1000,7159.028698
406.261968,1000,7173.877115
-3.738513,1000,7188.61072
251.347593,1000,7203.247068
-280.811727,1000,7218.92044
236.937829,1000,7233.095572
44.913678,486,7243.89841
557.325203,1000,7259.435525
337.531457,1000,7275.889533
518.437161,1000,7290.617288
-332.653396,1000,7305.990055
386.034418,1000,7321.226597
97.178995,1000,7336.526589
364.807255,1000,7351.864577
436.230744,1000,7366.228426
-2709.339559,1000,7381.703302
500.300982,1000,7397.035034
384.22494,1000,7412.432546
590.453569,1000,7427.854698
445.004106,1000,7443.113531
202.608254,1000,7458.394935
232.010276,1000,7473.72501
411.475473,1000,7489.148046
-1003.052828,1000,7504.465851
537.680355,1000,7519.072041
131.075157,951,7533.919327
604.896067,1000,7548.264466
51.357523,122,7549.257768
342.153137,1000,7565.72462
121.76755,1000,7583.665457
514.538574,1000,7599.460726
463.279075,1000,7616.913461
630.742392,1000,7632.208167
544.464447,1000,7646.78696
-33.839392,1000,7662.058751
25.346557,1000,7677.979507
73.119655,117,7679.530732
-285.314322,1000,7696.453503
603.032243,1000,7713.084475
519.978214,1000,7729.774677
674.24701,1000,7746.131707
691.950129,1000,7760.8635
400.785218,1000,7777.559037
225.642583,1000,7797.627858
324.489374,1000,7813.132998
203.319418,1000,7828.633114
179.996093,1000,7844.173214
391.869901,1000,7859.710233
190.070348,1000,7874.817518
259.948591,1000,7890.323606
-453.957563,1000,7905.043843
422.612242,1000,7920.359572
-298.134306,1000,7936.714959
196.762139,1000,7952.725424
457.271254,1000,7969.87443
-361.301782,1000,7987.873181
-442.277176,1000,8006.091405
129.619846,1000,8021.512787
-2231.61105,1000,8036.752854
742.655918,1000,8050.950722
408.626649,1000,8071.087986
316.421522,1000,8091.05151
625.583516,1000,8108.133469
37.715169,65,8108.704107
43.399798,79,8109.749486
-85.645001,1000,8126.108824
448.658983,1000,8142.991321
298.12193,1000,8159.67381
139.679919,1000,8175.654569
492.900275,1000,8191.370641
276.462562,1000,8207.042563
168.49376,1000,8222.547295
169.317064,1000,8238.017015
352.407495,1000,8253.441016
369.582008,1000,8269.249779
-508.368956,1000,8284.931605
373.869173,1000,8300.946883
495.00676,1000,8317.072409
108.066215,1000,8334.262661
350.090319,1000,8349.954011
188.338038,1000,8366.136839
-274.979377,1000,8381.685467
77.549664,1000,8397.186204
132.30086,1000,8412.648779
271.848653,1000,8428.149474
793.542035,1000,8443.572706
-1642.52898,1000,8458.915658
171.366174,1000,8474.595337
407.161349,1000,8489.521705
636.551494,1000,8505.010274
-202.451233,1000,8523.28955
696.960649,1000,8540.591787
214.721955,1000,8557.168451
569.288007,1000,8573.379537
792.584415,1000,8588.992934
496.313073,1000,8604.875853
-137.346015,1000,8619.832682
480.742031,1000,8635.793812
560.267148,1000,8652.295051
7.460713,137,8653.363466
267.616648,1000,8671.436694
375.810906,1000,8688.651894
389.762426,750,8703.01043
181.217552,1000,8719.206115
513.968856,1000,8734.813793
669.373168,1000,8750.625685
290.588029,1000,8766.380085
-680.185907,1000,8783.922785
12.006284,1000,8802.187782
216.383691,1000,8818.630734
420.168872,1000,8834.974782
443.307612,1000,8849.706735
-243.938287,1000,8864.698925
27.805501,1000,8880.138479
669.361407,1000,8895.626304
594.230401,1000,8911.015061
-179.186424,1000,8926.573443
461.252883,1000,8941.972966
612.497953,1000,8957.358426
463.605524,1000,8972.758308
368.822832,1000,8988.478805
455.801586,1000,9004.303828
431.879138,1000,9020.011413
349.152811,1000,9035.288329
535.301316,1000,9050.73041
604.688596,1000,9066.148293
476.534238,1000,9081.53007
465.619901,1000,9097.045542
150.799091,1000,9113.677137
499.020333,1000,9129.515688
-1013.370283,1000,9146.639474
155.803929,366,9150.584089
109.960837,219,9152.565655
-2267.340406,1000,9169.601448
147.064053,1000,9184.209927
379.45574,1000,9202.377083
-633.167548,1000,9218.986967
445.420294,1000,9234.530895
525.170795,815,9247.714428
290.660302,1000,9262.339319
432.522299,1000,9278.985895
593.015864,1000,9292.825845
273.176381,1000,9308.186237
14.136384,1000,9323.790381
-514.315093,1000,9339.505177
562.444306,1000,9355.286422
-701.718375,1000,9370.071175
562.065632,1000,9385.38245
-1048.816617,1000,9400.828567
-578.099388,1000,9416.639887
172.391234,1000,9431.031384
299.694906,741,9443.994287
-269.826689,1000,9457.234061
156.41356,1000,9472.768857
418.480945,1000,9488.816211
-760.335215,1000,9504.263897
584.94679,1000,9519.938037
49.642361,1000,9535.383283
-623.289712,1000,9551.148014
614.970898,1000,9566.83401
570.749019,1000,9582.247223
-1622.115603,1000,9597.632562
407.123681,1000,9613.060958
271.390279,1000,9628.305632
803.151933,1000,9646.278243
369.410257,1000,9662.867572
430.533795,825,9679.408381
-358.802116,1000,9695.169411
741.590139,1000,9711.096304
713.576148,1000,9726.618106
774.665606,1000,9742.148246
442.72827,817,9755.724931
594.458813,1000,9771.199962
566.527351,1000,9786.875469
368.879691,1000,9802.434892
502.909211,1000,9817.882504
-1069.903813,1000,9833.332629
-560.99848,1000,9848.786518
123.627029,180,9850.698723
542.221742,1000,9866.250295
-481.203297,1000,9881.96
-482.670998,1000,9896.76238
18.229178,19,9896.789858
676.444833,1000,9909.818439
702.775343,1000,9925.505565
632.574667,1000,9941.029306
-682.801948,1000,9956.299499
-521.910427,1000,9971.955803
808.480684,1000,9986.640423
-341.281354,1000,10002.109017
359.75342,1000,10017.005464
564.343944,1000,10032.666875
299.362181,1000,10048.305089
96.008147,1000,10063.84624
-528.419054,1000,10078.767939
-398.679167,1000,10094.387058
-347.561116,1000,10109.399074
57.906747,1000,10124.932366
675.316715,1000,10139.857154
567.560606,1000,10154.666277
580.169166,1000,10170.373316
83.039191,200,10172.334954
358.766662,1000,10187.111149
595.830101,1000,10202.735264
187.208882,600,10214.511299
536.182278,1000,10230.197468
473.59714,1000,10245.921886
333.419946,1000,10261.463236
554.294476,1000,10277.149954
564.422368,1000,10292.711708
723.767085,1000,10308.132083
406.879215,1000,10324.622129
477.433533,1000,10341.385774
515.655259,1000,10356.940044
477.181172,1000,10372.602737
566.713146,1000,10388.147663
-1414.37683,1000,10403.833436
394.256873,1000,10419.57461
596.347412,1000,10435.059647
308.017458,1000,10450.578385
401.596039,1000,10465.756045
-1068.60842,1000,10481.363369
223.430913,1000,10497.080734
419.915889,1000,10511.989379
42.783065,1000,10527.690077
495.042928,1000,10543.465998
205.941672,498,10548.376302
459.912918,1000,10563.973364
508.668826,1000,10579.555265
662.857181,1000,10594.693731
467.508379,1000,10610.632718
180.443823,1000,10626.226334
495.251296,1000,10641.832605
136.48302,1000,10655.735882
-240.921089,1000,10671.374071
-1596.260542,1000,10687.287546
-659.62827,1000,10702.208965
-73.539848,1000,10717.840428
580.004604,1000,10732.810356
696.064279,1000,10746.598448
-369.104617,1000,10762.342601
-181.423554,1000,10778.764763
634.25381,1000,10795.817649
316.167537,1000,10811.649318
132.555032,383,10821.297425
428.852123,1000,10835.530352
-684.88457,1000,10851.161571
647.299921,1000,10865.696209
545.268034,1000,10881.345734
589.978196,1000,10896.218758
45.196386,104,10897.333809
-1188.631137,1000,10913.129806
598.055952,1000,10928.747142
453.415847,959,10944.96306
431.326479,1000,10960.665184
555.145433,1000,10976.346523
299.343463,544,10981.910504
341.505038,1000,10997.878584
-495.600648,1000,11013.630734
521.273838,957,11027.164368
188.783163,446,11033.958496
-1112.122614,1000,11051.128606
361.984848,1000,11066.833073
-1664.0738,1000,11081.764263
-62.554004,1000,11097.423351
47.565657,174,11098.911569
230.670263,1000,11114.429485
440.346411,1000,11128.698766
486.051375,1000,11144.312145
45.02455,1000,11159.99115
-758.013448,1000,11175.5007
792.782123,1000,11190.313804
570.201611,1000,11205.158514
744.987027,1000,11220.817141
781.951515,1000,11236.429737
596.187497,1000,11252.551719
755.490079,1000,11270.360782
777.265377,1000,11285.742664
733.175407,1000,11301.470329
420.256766,933,11316.665722
621.039442,1000,11332.356977
406.912997,1000,11348.006093
397.75666,1000,11362.649966
321.248373,1000,11378.366675
641.19934,1000,11393.8762
297.748036,463,11398.256354
570.526428,1000,11413.848843
438.684945,1000,11426.730879
309.908545,697,11438.760422
432.80305,958,11453.976117
671.851091,1000,11469.669674
253.208077,1000,11485.399722
587.801447,1000,11502.156286
167.571401,1000,11517.837456
705.070186,1000,11533.784448
561.607885,1000,11549.481598
535.496129,1000,11565.175582
531.40407,1000,11580.982949
223.411228,333,11584.357416
343.030458,1000,11600.030247
560.72881,1000,11615.762683
452.393814,1000,11631.44538
566.878293,1000,11647.200245
-909.917814,1000,11662.132368
396.422686,1000,11678.199261
652.000158,1000,11693.978503
701.687484,1000,11709.634608
427.161831,1000,11725.212002
48.126534,254,11727.627583
534.194207,1000,11743.304901
840.559423,1000,11757.928358
369.455801,1000,11773.482643
88.640627,1000,11789.059693
668.569003,1000,11804.706541
-0.25642,1000,11819.508005
519.195385,1000,11835.13645
459.591014,1000,11850.876588
469.931136,1000,11867.249171
654.898956,1000,11883.275991
555.876844,1000,11899.177304
-835.256574,1000,11914.908431
428.074768,1000,11930.700375
450.827025,1000,11946.545804
383.982015,1000,11962.193681
660.342319,1000,11977.88833
620.476731,1000,11993.68133
575.333805,1000,12009.368224
328.124212,1000,12025.139418
72.193981,1000,12040.88661
57.155526,1000,12057.035572
-391.101557,1000,12072.91722
553.657822,1000,12089.371931
480.921241,1000,12105.028786
-1300.383328,1000,12120.640808
240.959449,1000,12136.520094
366.591112,1000,12151.98696
-474.644921,1000,12167.497315
70.209453,1000,12183.001574
615.305221,1000,12198.449511
550.655724,1000,12214.033866
339.025972,1000,12229.679185
234.368699,1000,12245.153954
600.406475,1000,12260.744387
368.681874,1000,12276.319431
552.268602,1000,12291.896716
-1488.996885,1000,12307.557674
401.7857,1000,12322.301849
359.9709,1000,12337.830999
-1207.375554,1000,12353.368374
-250.627789,1000,12367.219293
623.993675,1000,12382.898665
-1427.16405,1000,12398.198849
421.882855,1000,12413.841374
709.917721,1000,12429.423741
-1412.768534,1000,12444.461282
383.985652,1000,12460.146743
594.514965,1000,12476.986747
127.065588,138,12479.047441
606.042055,1000,12500.012405
-1656.531871,1000,12521.30779
127.843206,1000,12543.046643
384.293927,1000,12564.726599
596.368582,1000,12586.462071
604.00532,1000,12608.231584
383.505962,1000,12629.188277
491.365448,656,12645.211084
455.626411,1000,12666.816747
-948.983183,1000,12688.146881
541.036557,1000,12708.01807
-255.237462,1000,12729.437183
717.208495,1000,12751.037802
759.344035,1000,12772.043477
724.803775,1000,12793.289686
677.396389,1000,12814.853888
-976.40314,1000,12836.822062
169.060366,1000,12857.490528
149.85194,1000,12879.271824
80.001104,244,12882.432585
703.443391,1000,12903.865072
255.93977,1000,12924.076522
-546.714467,1000,12944.958498
12.822143,1000,12966.811306
312.738821,1000,12988.665872
142.008908,1000,13009.584701
455.63702,1000,13031.60234
682.914338,1000,13053.403504
139.716687,1000,13074.949298
543.420168,1000,13095.385028
-169.057508,1000,13117.159754
659.146436,1000,13137.98333
743.256383,1000,13155.786561
105.054114,1000,13179.354852
93.283768,1000,13201.987195
-489.432352,1000,13225.218778
22.708529,54,13225.862283
452.633468,1000,13243.345637
-666.548146,1000,13263.691988
-41.185451,1000,13285.438256
-1999.17308,1000,13306.598518
-829.765202,1000,13326.926481
251.576668,1000,13347.408523
-1720.292735,1000,13367.025283
333.291385,1000,13388.163136
532.327371,1000,13409.515603
82.69581,738,13426.555019
-119.149724,1000,13445.285763
-30.470892,691,13460.152374
289.574985,1000,13481.773954
-470.683434,1000,13503.137771
-2037.719898,1000,13524.658314
60.037332,177,13527.21175
124.195323,163,13529.144215
21.558209,73,13530.346865
249.542341,1000,13550.99851
-713.20053,1000,13572.684347
-1886.693055,1000,13589.289648
496.121946,1000,13603.308665
209.103127,556,13613.694218
-180.200261,1000,13631.498461
492.141075,1000,13652.875151
-407.592632,1000,13675.078944
399.074614,1000,13695.905691
148.148072,1000,13716.671526
-412.302154,1000,13738.310729
406.657945,903,13757.42212
-805.472735,1000,13778.553483
-1577.503186,1000,13800.473643
-166.808107,1000,13819.221571
-1007.543713,1000,13839.940579
412.078966,1000,13862.501652
669.595308,1000,13882.631685
-2300.508726,1000,13902.012761
-1264.222551,1000,13922.635655
360.950784,1000,13944.156624
10.205075,36,13944.78845
218.673899,1000,13966.689109
585.205377,1000,13988.76218
-92.051176,1000,14010.519446
330.268904,1000,14032.320302
317.597757,1000,14054.467525
-178.363095,1000,14074.319561
-353.45357,1000,14090.877077
-2265.440104,1000,14105.483124
187.192557,579,14111.303059
91.055164,193,14119.85833
-1313.709192,1000,14134.75865
55.016514,93,14135.714023
133.369551,1000,14156.801772
-1537.566894,1000,14178.367561
-82.974437,1000,14199.017896
323.027856,1000,14220.775896
12.87362,65,14221.419486
433.865472,1000,14242.494601
589.917243,1000,14262.055296
-2482.482242,1000,14283.848619
-739.362886,1000,14305.702796
-608.508286,1000,14327.403073
618.403544,1000,14348.987397
311.63252,1000,14368.768061
18.162367,49,14369.408586
-1383.906926,1000,14391.265896
21.241926,196,14393.802342
-1109.182182,1000,14415.88106
93.349157,1000,14436.33764
396.101426,1000,14456.710045
329.572587,1000,14475.981704
291.096676,615,14492.847365
154.150913,408,14498.539213
151.743496,464,14504.385389
-1345.116689,1000,14525.143605
357.948564,1000,14544.848668
-334.041841,1000,14565.552365
477.377155,1000,14585.65471
42.441401,143,14591.379748
271.193938,927,14600.577134
347.891635,1000,14617.721504
484.626309,1000,14640.014081
-217.843727,1000,14660.736045
433.04234,1000,14682.003514
526.741326,1000,14702.858772
-1691.686038,1000,14719.225849
-16.373629,560,14729.745667
349.022266,1000,14743.844748
-541.42513,1000,14758.786139
57.963599,117,14760.206651
-1013.070201,655,14772.728056
-1948.576751,1000,14787.535531
35.345922,1000,14802.196501
-1979.546536,1000,14817.051399
-802.747766,1000,14833.200657
-1191.493835,1000,14846.89304
-172.707321,1000,14861.615634
444.547366,1000,14873.689523
-1129.515562,1000,14888.920796
-1161.827235,1000,14904.154896
-350.488884,799,14917.282732
47.801013,139,14918.647098
-1268.171433,1000,14933.279844
-1862.553228,1000,14947.546398
-661.253255,1000,14959.449744
298.171598,1000,14974.664158
-2028.249701,1000,14988.45686
393.638082,1000,15001.858295
-1173.87498,1000,15015.113842
-2.041103,15,15015.135255
8.943852,188,15016.977239
-84.100084,1000,15031.761478
-860.690602,1000,15047.581207
-520.921839,1000,15064.16048
-224.404115,1000,15077.700081
17.218855,247,15080.154171
129.716922,1000,15096.696486
-1162.567362,1000,15110.663373
-43.891251,1000,15124.60279
-342.361487,1000,15137.838542
-727.543375,1000,15151.384754
-6.561221,245,15153.365988
65.626526,254,15159.943754
56.548107,178,15161.427017
-1160.535317,1000,15173.209127
294.118404,537,15178.501851
-1411.601735,1000,15194.745831
0.725498,25,15194.781086
29.863605,449,15204.239697
-1435.886001,1000,15220.007885
12.143172,55,15220.501322
128.556009,297,15223.407166
-891.242691,1000,15238.820114
-1674.375316,1000,15254.264576
-924.16422,1000,15270.677932
-1463.661833,1000,15286.338303
-115.215871,684,15300.024544
-1565.311935,1000,15316.553382
-2045.514327,1000,15333.021259
-1644.210366,1000,15345.119534
-201.414422,1000,15359.676508
-13.19692,46,15360.147683
-10.400385,1000,15376.711538
-29.282576,106,15377.679322
-768.546389,1000,15393.761589
-445.976669,1000,15409.960729
-10.624823,22,15410.411026
-1958.278653,1000,15426.601288
-1868.850999,1000,15441.047833
-194.720866,840,15451.973187
-129.19456,298,15454.9616
-1114.344178,1000,15469.21845
-58.547553,1000,15483.346843
-2321.999081,1000,15496.408643
-267.224947,448,15506.307978
-738.232034,651,15512.571702
-1727.899096,1000,15526.410776
-2017.2929,1000,15541.058829
-1854.433782,1000,15556.129103
-1812.986785,1000,15575.520557
-1175.953706,1000,15591.185032
-113.307156,308,15599.455352
-904.392706,1000,15616.522311
-44.158155,170,15618.517464
-111.571243,1000,15632.195799
-61.144921,1000,15649.138545
-281.628343,1000,15663.288546
-714.774648,1000,15677.03572
-1702.72462,1000,15692.750372
-549.672381,1000,15707.361962
-95.878003,281,15709.766488
-1433.413242,1000,15726.212348
109.141531,804,15737.506669
-66.189937,1000,15749.553845
-138.7546,274,15751.826406
-1278.014511,1000,15763.395695
-1807.283227,1000,15776.157585
-27.654955,36,15776.589334
-142.110776,139,15777.92348
-591.838053,1000,15792.861823
-676.776593,1000,15807.157773
-35.603399,89,15807.662256
-126.339717,1000,15821.73154
-1004.485645,1000,15836.763692
-76.386408,154,15842.653013
-23.757277,99,15843.548666
-1425.537384,1000,15858.632341
-1734.355209,1000,15871.963003
-68.470846,309,15875.048211
-977.624153,1000,15890.030354
-925.673396,1000,15903.222502
-16.122932,66,15903.694106
-565.083424,1000,15917.703957
-1410.618274,1000,15932.601887
-549.562093,1000,15946.719696
-1168.032045,1000,15960.842547
-138.360344,276,15963.137258
-592.293163,682,15973.880241
-39.454931,238,15976.112206
-1714.679813,1000,15989.269489
-1637.463493,1000,16004.12273
-11.037863,20,16004.149132
-33.569174,158,16005.550414
-497.017791,685,16015.232396
26.06512,173,16017.040749
-882.362858,1000,16031.443545
-56.554938,59,16031.906178
-158.081936,202,16037.055265
-559.663797,374,16040.297626
-1121.040151,1000,16054.643629
-40.893278,32,16055.072601
-242.63274,463,16059.208615
-29.573533,43,16059.66906
-65.774338,70,16062.563473
-2202.281326,1000,16077.906458
-982.430188,1000,16091.077863
-4.940725,27,16091.499084
-2171.10215,1000,16104.815069
-8.706986,186,16106.58915
-31.209966,87,16107.085308
-261.98257,1000,16119.480655
-983.130818,1000,16131.022334
-1077.606345,1000,16144.527332
-2056.917624,1000,16158.705334
-2000.451856,1000,16173.261979
-1804.028238,1000,16184.055544
-77.717073,60,16184.901138
-293.108194,436,16188.56183
-52.595885,114,16189.873133
-167.477952,153,16194.449953
-179.811495,230,16196.284838
-1981.6323,1000,16209.660104
-1709.686702,1000,16222.99627
-2658.992214,1000,16238.080638
-1567.262928,1000,16252.828712
-2019.949167,1000,16266.855427
-19.635882,21,16267.26775
-88.681983,115,16268.185658
-11.961656,19,16268.213291
-15.348093,84,16269.093245
-1768.687113,1000,16283.91132
-648.190249,1000,16298.042078
-745.767018,1000,16312.13272
-472.055386,1000,16326.980127
-139.669667,310,16329.703649
-793.04722,1000,16341.954509
-290.049032,432,16352.029428
-7.486601,269,16354.378889
6.668441,140,16355.712148
-68.687195,235,16357.929453
-1823.557255,1000,16369.241891
-73.221211,214,16374.341646
-1471.744891,1000,16388.670107
-505.036915,645,16394.499476
-2242.718539,1000,16406.298418
-15.701688,34,16406.725617
-2186.879787,1000,16420.856003
-2040.683253,1000,16434.975535
-2446.438867,1000,16449.923731
-1224.475462,1000,16463.893182
-1890.595262,1000,16476.793113
-1749.87731,1000,16491.658486
-1429.618734,1000,16506.652988
-1642.240681,1000,16521.71
-1205.528132,1000,16536.864379
-2268.810627,1000,16551.954766
-2298.470394,1000,16566.993813
-1513.260921,1000,16581.94862
-2396.219107,1000,16596.245349
-1202.369212,1000,16609.748868
-2296.695559,1000,16623.994805
-30.690325,240,16630.38472
-447.453798,357,16633.924499
-1195.856855,1000,16647.556362
-873.091318,1000,16661.721828
-807.816562,1000,16676.766565
-971.061465,1000,16690.775688
-792.7303,469,16694.841503
-1618.568204,1000,16707.453132
-2323.432165,1000,16720.926819
-2125.659077,1000,16735.882536
-2010.655687,1000,16750.055229
-1439.443814,1000,16765.262717
-1385.939913,1000,16780.201004
-1207.447037,1000,16795.168622
-1616.930644,1000,16810.080654
-1982.873257,1000,16824.94351
-403.723062,290,16833.070313
-748.427286,593,16838.436293
-881.767932,1000,16853.477056
