#{"env_id": "Walker2d-v2", "t_start": 1521370564.0465593}
r,l,t
-14.679723,71,2.898399
32.905379,111,4.010606
-5.712123,21,4.492323
-5.667294,8,4.503417
-14.183365,16,4.52479
-11.444107,17,4.54514
-9.655089,39,5.052181
-36.158123,83,6.068307
-10.224251,14,6.086143
-5.169789,6,6.094077
-4.721686,12,6.108819
1.8661,11,6.581204
6.611162,20,6.606802
-7.597663,7,6.61698
-12.934226,51,7.135869
-2.96113,7,7.144802
433.671052,310,10.713635
113.571782,228,13.630147
346.477621,225,16.185738
209.044936,324,19.324778
104.958949,219,21.418265
76.978195,191,23.480314
-10.738213,96,25.25582
104.75282,219,27.799088
-33.683314,80,28.349823
330.326491,205,30.417766
127.667461,242,32.994516
1001.067161,1000,47.030687
-10.336558,69,48.030956
-5.896508,66,48.566296
8.501528,131,50.12319
21.616425,225,52.692143
-14.618729,106,53.737223
192.741905,121,55.255962
392.332423,268,57.942818
278.597744,159,59.542319
149.946559,237,62.500242
531.848277,385,66.159739
1029.403403,1000,76.724171
3.091699,42,77.238265
14.280594,67,78.234288
0.654408,47,78.748025
2.456625,48,79.262332
-18.764305,43,79.314099
-93.099842,101,80.352845
-16.49633,111,82.107766
42.333009,50,82.630558
-9.465812,105,83.669078
900.129491,1000,94.747141
1065.122966,1000,107.732502
42.105585,308,110.850712
277.116053,155,112.407165
932.089242,1000,126.513361
285.744109,161,128.079032
1058.500522,1000,142.263833
307.69663,184,145.012003
342.519684,216,147.112177
294.95778,173,149.161885
300.899923,183,150.764499
177.06914,98,151.802753
297.30245,174,153.853219
35.647389,113,154.902148
-4.713305,84,156.474308
25.652143,122,157.530223
289.297853,164,159.108529
214.28711,121,160.637882
322.087381,198,162.714193
93.464131,149,164.264487
151.792566,159,165.826303
1007.25116,1000,176.575056
249.34952,139,178.711389
291.949544,174,180.282104
322.829277,198,182.338183
-50.722785,201,184.406888
286.714397,162,185.974942
285.088652,170,191.695137
831.540338,1000,202.646412
261.302341,150,204.205951
310.379482,183,206.263261
289.021174,163,207.839646
297.689884,193,209.909324
299.305679,179,211.501397
296.025353,175,214.300869
263.131322,147,215.85978
238.233654,127,216.93325
262.42231,144,218.478279
839.077094,720,226.932877
242.818343,125,228.049307
406.495535,219,230.189242
377.763526,200,232.308886
306.997801,162,234.383436
30.241776,78,234.940339
273.232199,176,238.559262
381.449402,198,240.669321
291.386657,169,242.247585
973.163965,1000,253.592356
345.673587,207,255.6699
382.919163,211,257.766637
337.90479,216,261.126235
391.862137,210,263.221248
468.648118,286,266.325763
56.45197,69,266.869038
9.356071,15,266.888916
481.479056,298,270.852261
416.395823,226,273.423255
378.731116,208,275.500926
1000.326554,1000,286.494831
409.394858,216,288.597781
507.958687,290,291.680828
993.246179,1000,304.048067
420.801554,238,307.496792
455.191388,265,310.090125
541.264965,317,313.212116
981.480004,1000,327.250475
991.349071,1000,341.380388
1005.949133,1000,352.699406
514.433693,326,358.701128
980.32638,1000,369.447295
1157.853894,1000,383.573482
411.207248,220,385.664262
1007.335402,1000,397.023953
-14.003249,174,399.058656
1004.327916,1000,412.203867
1016.854338,1000,423.699249
657.022327,560,430.914416
385.102905,230,433.481938
639.856751,524,438.691196
295.336782,175,441.422365
2.090262,59,441.953673
3.600914,77,442.50614
8.548061,183,444.555342
94.954769,222,446.655079
952.082554,1000,458.207481
-16.556508,112,459.706418
93.847205,139,461.229934
24.226775,79,461.774857
367.976426,368,466.329183
502.802836,262,469.381291
421.990002,188,470.972497
-62.215875,146,472.517878
301.312394,299,476.756299
-30.371129,397,480.884194
-16.568955,79,481.893386
62.199903,215,483.977178
540.402091,995,495.528847
64.158662,701,503.619896
616.365209,424,508.250622
570.753816,329,515.212136
56.035021,60,515.740124
53.561317,160,517.768234
385.790514,231,519.880319
9.96059,59,520.41141
412.465743,252,525.249776
439.850931,246,527.841481
140.705348,189,529.900158
415.70765,218,531.999089
395.955584,208,534.545338
356.7882,219,537.918889
563.744714,279,540.993661
674.43015,466,545.694027
351.181817,164,548.902084
421.769498,204,550.979214
821.378927,756,558.75879
331.934301,338,564.520366
497.089292,294,567.624161
631.381842,312,570.753195
554.879486,282,575.029679
505.617768,277,577.666251
424.196875,218,580.208057
6.729804,128,581.277445
271.955162,463,587.997711
702.72842,358,591.633084
-66.317147,162,593.199358
-3.740933,112,594.251154
989.260851,1000,605.694656
1398.328122,1000,616.50319
23.477316,206,621.442094
1074.547898,1000,633.373837
901.187242,1000,644.939745
288.466312,191,646.999088
441.482593,216,649.546351
457.65312,220,651.642392
117.469551,363,656.561781
459.891762,250,659.147837
9.112388,47,659.664893
-2.589369,30,660.159793
79.037366,109,661.202837
13.016453,47,661.716041
59.245035,193,663.784909
549.983891,299,667.666223
635.624639,391,671.345974
1048.716253,1000,683.435875
20.102857,80,684.447961
200.668418,128,685.976688
-31.209387,223,688.072846
126.654287,96,690.890898
520.004013,478,696.040667
167.626248,105,697.087159
540.468884,375,700.742385
555.218973,483,708.488778
22.599766,124,709.546144
146.316341,155,711.093771
127.525443,119,712.608631
37.628118,158,714.831014
-88.723046,179,716.874657
203.899558,473,721.555701
336.279086,234,724.11844
182.4843,123,726.437113
49.099058,245,729.015138
-12.294942,68,729.553845
-1.141148,67,730.551071
871.037576,412,734.701083
986.46778,1000,745.552709
182.970577,290,750.936221
458.749887,354,754.535412
946.344478,1000,768.637835
768.539068,429,772.820474
892.601042,632,781.928768
163.91654,265,784.596288
748.015585,697,793.764466
28.214777,105,794.850807
41.549839,84,795.881154
300.025524,191,798.001904
439.276662,228,801.078437
42.814246,95,802.126211
417.377864,250,804.75387
478.97913,232,807.387401
681.779484,387,812.95409
546.625068,284,815.641894
173.201454,173,817.713304
747.750886,1000,829.240452
831.550951,459,834.00241
458.870223,274,838.913849
182.550196,148,840.500415
-24.676672,95,841.091004
619.771923,306,844.713228
376.988033,237,849.032119
288.725387,396,853.232787
689.489228,409,857.460269
372.190232,266,862.069297
688.512341,325,865.269311
282.843814,245,867.908431
890.028474,1000,879.595484
0.448905,67,880.154038
683.176014,360,885.347171
624.282418,307,888.503947
711.822779,462,893.248742
564.629105,337,898.345813
922.41922,1000,910.449453
483.960369,208,912.560072
354.17265,192,914.663657
295.001082,215,916.797222
400.915377,210,919.899474
260.593258,161,921.510077
517.621422,308,925.161714
240.536507,174,926.760165
324.094377,203,928.874272
288.259762,175,931.847887
315.2742,195,933.948727
329.322454,202,936.087024
427.731023,211,938.210753
372.405472,257,940.849273
541.220651,313,945.06772
431.320297,237,947.646776
340.743176,231,950.218123
426.390936,223,952.327712
380.637931,205,955.403726
359.517431,215,957.50281
338.387014,216,960.151213
355.161168,209,962.235798
370.314721,237,965.835844
394.395304,254,968.430329
439.330863,242,971.008331
387.284764,261,973.606114
386.448763,267,977.173611
348.385581,237,979.765198
362.258862,230,982.327921
446.124264,341,985.499692
434.606444,269,989.593041
338.575058,213,991.677929
98.049551,110,992.731541
511.265382,324,996.337947
413.654965,262,999.94547
404.069304,247,1002.539019
424.850308,259,1005.14805
318.487851,206,1007.235881
457.700433,300,1011.465183
546.446961,490,1016.636238
501.521784,352,1020.259804
394.393739,212,1023.389834
638.50626,580,1029.556769
641.568334,317,1032.664866
461.182652,257,1036.272858
390.761037,231,1038.833103
469.778793,293,1041.932609
445.133308,297,1046.241398
546.416128,337,1049.383389
543.702267,381,1053.50219
751.843079,1000,1064.962466
31.988333,124,1066.482997
167.69769,303,1070.593362
469.264749,277,1073.217417
743.923912,509,1078.411912
395.81304,237,1082.465069
163.333928,440,1087.116278
417.915399,239,1089.709888
35.018396,70,1090.259166
794.269405,1000,1102.306968
403.306063,227,1106.157273
371.196771,221,1108.270027
440.765044,251,1110.865034
398.212341,230,1113.44225
381.903601,210,1116.658842
-22.685515,103,1117.701449
411.764327,239,1120.279873
423.055563,210,1122.361787
537.835395,346,1126.900165
425.595953,245,1129.491449
543.571999,351,1133.107235
424.733124,248,1135.693252
427.352359,241,1139.259714
371.805882,198,1140.861281
403.485206,241,1143.436276
382.966876,211,1145.975204
387.820936,273,1149.544145
283.857927,157,1151.105735
485.717934,318,1154.231722
-3.526019,133,1155.762123
351.570444,188,1157.817359
423.795084,251,1161.670112
958.83136,1000,1172.990045
472.995048,270,1175.598503
404.266111,199,1177.661815
388.502342,206,1179.732296
412.843541,242,1182.298094
447.392581,271,1186.342834
503.297786,226,1188.440063
7.063564,175,1190.479893
409.010117,237,1192.59119
748.587883,537,1199.95833
463.123583,291,1203.050113
424.335573,255,1205.65176
463.433756,281,1209.663735
434.740593,249,1212.239852
712.162833,309,1215.362827
459.599965,290,1219.337089
844.563709,580,1225.094122
472.166526,295,1228.20488
671.422801,296,1232.301701
584.040936,266,1234.907804
409.350745,266,1237.970677
863.281166,509,1244.387787
834.593689,422,1248.549665
415.064849,249,1251.130135
454.161063,227,1254.83461
444.940348,217,1256.926263
432.231796,287,1260.012765
605.60493,275,1262.634715
453.107805,248,1266.654999
397.835109,232,1269.218099
460.475415,284,1272.300431
724.831961,351,1277.504288
1037.587315,1000,1289.168016
202.423228,210,1291.253261
489.585244,289,1294.343396
567.334371,292,1297.442292
565.722467,294,1302.890115
552.191724,301,1305.997323
488.529583,248,1308.582856
751.168709,383,1315.683776
1122.537107,1000,1327.920031
894.584149,348,1331.543668
374.46948,237,1334.142296
1193.695915,1000,1346.223162
900.31499,430,1351.594907
653.249319,300,1354.70097
760.156674,344,1358.312516
1000.563391,483,1364.594298
386.704275,245,1367.17427
122.749734,384,1371.294805
465.890424,298,1375.830433
1125.810489,473,1380.982322
1691.645174,1000,1393.028526
1285.818798,576,1399.976153
726.61589,402,1404.14131
640.156935,343,1407.764265
34.704196,50,1410.373815
554.325547,342,1413.991381
383.030462,212,1416.080361
665.558621,422,1421.821681
542.414532,311,1424.953662
967.87596,1000,1437.106844
-14.124918,76,1438.119907
1784.27423,807,1449.250064
618.733654,290,1452.334458
1089.23024,502,1459.249999
955.968865,475,1463.922614
387.830311,220,1466.015115
84.797258,233,1468.588287
1168.575896,565,1475.500124
1788.737839,1000,1488.075895
520.74834,310,1491.655216
513.903492,343,1498.310729
941.338214,490,1503.005019
1107.003731,402,1508.942854
385.316339,189,1511.001939
230.698854,370,1515.107127
1913.776561,1000,1526.54714
1180.645118,489,1532.869016
931.977299,385,1537.000116
725.834484,367,1540.655857
900.344801,550,1550.13926
543.646577,269,1553.206681
142.161974,258,1555.807874
1720.857099,1000,1568.237292
1424.168889,626,1576.873373
2154.166536,850,1587.402881
1081.662978,526,1593.059917
2160.866202,1000,1606.881871
644.005436,273,1611.870273
2725.906092,1000,1624.672529
2118.411168,931,1635.148612
824.341817,406,1639.299788
1900.384529,1000,1651.774125
1328.894001,649,1659.774323
1390.019506,1000,1673.264816
28.560979,190,1675.332388
536.372682,373,1679.08606
80.476895,292,1683.603868
1438.935685,574,1689.784073
953.1306,410,1697.296352
670.481375,366,1700.947235
1156.890434,538,1706.667402
78.262271,205,1710.592668
1197.735668,482,1715.758098
1023.653474,1000,1727.868882
2065.34476,1000,1739.892067
114.593268,206,1741.969931
1689.400492,725,1751.709322
2278.267384,1000,1762.94935
1023.439349,411,1767.556307
2177.573209,1000,1780.017474
2161.985455,1000,1793.819687
1728.16412,729,1802.75028
228.340311,320,1808.169851
898.665481,384,1811.836857
2059.689565,1000,1823.184931
1334.565467,520,1828.84854
1057.531021,1000,1840.524951
2632.288635,1000,1852.177133
714.087095,284,1857.20577
885.98682,555,1863.097481
433.651275,215,1865.689406
192.442487,226,1869.233281
773.458556,323,1872.890896
206.922454,205,1875.036115
776.14691,396,1881.551853
611.805984,316,1884.722435
445.430976,277,1887.853207
973.014249,429,1892.976327
79.359654,139,1894.539447
806.297166,354,1898.224621
943.996327,382,1904.182001
487.021169,273,1906.829376
1246.438686,616,1913.197316
259.53092,186,1916.888826
560.09803,770,1925.307794
761.356951,363,1930.343248
879.784862,384,1934.002162
790.757713,342,1937.614834
534.22482,242,1942.423874
1068.924402,444,1947.078239
784.611898,386,1952.880136
783.227858,320,1956.012339
954.13823,364,1959.667106
765.43191,305,1967.056687
2337.351991,1000,1980.882135
517.009013,274,1983.507873
1630.14009,648,1990.227645
2170.198206,1000,2002.005439
973.352904,1000,2016.258292
2054.739334,1000,2027.549409
882.989092,336,2033.218227
735.490503,323,2036.33328
2400.524043,1000,2049.835809
85.456065,98,2050.868062
1259.309045,523,2059.907457
2262.794296,1000,2073.025448
155.282838,263,2075.631321
2480.02349,1000,2087.31882
1304.212574,465,2092.015757
610.398853,267,2095.785952
2141.728673,1000,2107.488233
722.306451,330,2111.086866
413.688521,193,2113.157605
1601.826229,708,2122.336492
2420.855325,1000,2135.470162
972.724203,553,2141.165989
1556.115362,680,2149.868709
1719.520766,654,2158.572117
743.181723,291,2161.649405
433.895422,222,2163.727376
670.590831,334,2170.561835
817.110706,339,2174.16024
752.412543,296,2176.790298
1003.614986,400,2182.797724
1056.887005,376,2186.873221
1011.885032,373,2190.49085
991.211067,478,2197.463428
28.980853,61,2197.989322
496.812884,412,2202.106792
977.62426,369,2207.973865
1328.454748,472,2212.634465
503.355246,240,2215.210154
492.84274,220,2218.748588
1146.699733,401,2223.340707
748.525687,313,2226.475397
-28.732974,216,2230.167711
834.521704,327,2233.777425
46.191571,125,2234.841126
655.008094,353,2238.489889
2813.041144,886,2249.648793
710.063716,347,2254.740108
833.023312,340,2258.348844
1003.007431,384,2262.021319
1682.391917,585,2270.878409
53.723912,124,2272.397753
959.3389,391,2276.073008
1101.240073,496,2283.100427
937.055976,330,2286.715841
25.258532,159,2288.274529
364.038704,202,2292.207115
468.758076,216,2294.305065
920.441207,338,2297.909099
993.362002,427,2304.484358
1856.294493,738,2311.769521
1272.096044,466,2318.242305
1287.169615,459,2322.903402
1373.110277,568,2331.024845
714.614835,338,2334.624403
790.676053,324,2339.407207
461.776275,207,2341.481916
1281.647028,467,2346.158132
720.64996,308,2350.84012
507.463264,238,2353.409262
57.589188,137,2354.941063
597.238829,336,2358.089313
660.164766,336,2363.570978
588.118918,272,2366.635181
718.039899,324,2369.763858
687.325958,314,2372.889153
1031.484331,444,2379.418132
39.972931,117,2380.936425
694.872784,276,2383.560065
1242.691925,471,2390.18103
524.582639,227,2392.743146
1594.847783,635,2401.256424
757.289482,284,2403.889543
60.212795,155,2405.916848
610.413955,274,2408.549217
1337.329368,457,2415.576453
365.356724,217,2417.664739
812.094507,328,2421.250742
44.186933,115,2422.299144
624.934337,376,2427.67889
657.263444,251,2430.269052
1382.968074,508,2436.985151
1457.83746,511,2442.190408
509.309349,243,2444.776148
687.079953,330,2450.125088
750.093781,317,2453.252635
548.324204,278,2456.336346
1043.32488,362,2462.025779
665.546832,303,2465.131614
572.011229,266,2467.726371
998.290675,485,2474.50212
653.66857,281,2477.567041
896.59213,483,2482.231081
1023.894889,423,2488.961633
704.403345,322,2492.08718
1043.767635,1000,2504.140531
1040.151383,445,2510.875233
-13.986449,113,2511.923677
660.093035,294,2515.02411
183.45032,290,2518.114086
1962.073869,850,2530.509936
1804.10298,684,2539.238897
718.887994,348,2542.856813
1281.523143,508,2549.430805
643.707881,264,2552.030781
826.246654,834,2562.293155
1002.323087,1000,2574.615905
1489.072364,551,2580.405944
1017.251568,423,2585.801263
165.630872,300,2588.903685
865.513048,383,2594.557182
1114.364938,959,2604.39516
1644.535437,844,2614.386107
591.279121,268,2619.685617
771.915273,317,2623.263164
620.531694,283,2625.888079
1058.61776,851,2637.027338
1293.110582,537,2645.223156
239.147825,121,2646.288068
1062.021974,430,2650.91136
2131.814945,1000,2662.860296
674.657625,358,2666.513161
988.294927,438,2672.557185
1159.736724,466,2677.247977
940.92479,476,2685.54183
904.856307,378,2689.292837
700.909759,402,2695.998863
2048.087613,685,2703.372476
1473.563726,1000,2715.637639
563.800822,299,2720.695131
1077.247782,1000,2733.052898
1053.233738,1000,2744.926885
12.713459,85,2745.984586
1314.071824,572,2751.80785
88.187135,187,2753.897602
734.25228,332,2758.709897
748.651196,349,2762.302841
484.273186,270,2764.902092
100.83017,85,2767.6324
192.162136,146,2769.180206
477.406726,259,2771.768913
835.704001,371,2775.406502
1099.212112,514,2784.572788
1304.749205,460,2789.705193
755.525955,395,2795.440867
806.979308,326,2798.580664
882.739874,406,2802.739624
378.112003,398,2807.933269
597.699952,403,2812.089293
78.849203,204,2814.170113
881.659904,369,2819.391915
1228.337052,458,2824.062781
928.867625,476,2830.330385
663.954523,292,2833.425638
1095.332911,509,2838.607918
450.594944,271,2842.867138
1749.149519,840,2852.773228
1148.437012,473,2857.447535
949.747034,1000,2870.734174
1400.211804,1000,2882.680438
1747.627579,946,2894.808187
1532.917803,637,2903.647399
880.421765,460,2908.3009
1068.594046,438,2914.711106
1166.960685,513,2919.870714
1209.776343,588,2928.074221
1846.271362,898,2940.077775
396.705438,230,2942.171741
1827.514948,820,2954.508161
1117.27413,519,2959.725062
674.880265,328,2963.322381
980.727212,541,2970.694128
929.785476,378,2974.817303
1366.096297,620,2983.664283
347.062939,193,2985.724805
2431.640932,1000,2998.503145
334.084339,192,3000.55725
928.637754,394,3006.577047
1282.24135,617,3012.784435
2207.394631,1000,3024.883726
757.77646,423,3031.18913
441.735623,253,3033.798152
693.57758,293,3036.907422
587.186256,244,3041.124838
622.70442,286,3043.748184
814.156433,362,3047.844248
494.063245,256,3053.070128
481.962978,343,3056.667843
73.125483,173,3058.24783
2403.51323,965,3071.269314
660.116614,365,3075.37484
1492.993587,600,3083.818913
1509.863962,667,3091.132248
951.311831,625,3097.395198
80.171026,237,3099.958643
48.383078,198,3104.675505
1493.387534,718,3111.959543
193.668485,148,3115.163881
117.9299,228,3117.7431
125.911939,255,3120.413124
571.772063,290,3123.508131
694.437575,364,3128.67491
45.869365,242,3131.24822
937.174441,411,3135.418399
1247.469332,547,3142.826911
94.125353,179,3144.874216
100.14994,187,3146.929318
148.642757,239,3149.047392
82.623995,263,3153.340318
81.402695,168,3154.917157
101.356399,195,3156.985098
743.903526,343,3160.584543
510.024335,322,3165.70873
107.790359,225,3168.261074
1079.823549,688,3176.986337
395.695721,301,3180.092411
56.027314,195,3182.158634
90.309044,213,3184.69523
449.278459,248,3188.415321
118.073287,225,3190.508043
374.76916,199,3192.565628
25.746596,147,3194.110161
666.61204,398,3199.965171
228.423561,349,3203.565522
1142.953391,487,3208.700091
92.338165,196,3212.748097
65.398917,169,3214.32095
794.534791,347,3217.928699
852.484787,440,3223.724056
753.190502,401,3227.849939
1157.879103,431,3232.045267
534.814101,277,3237.147291
79.089275,183,3238.782455
771.031045,350,3242.476279
2116.31326,838,3253.845244
1595.764728,689,3262.723869
882.98959,454,3267.47781
888.711854,393,3272.846631
814.366303,304,3276.047602
662.888897,361,3279.754189
188.911606,125,3281.320766
4.297334,118,3284.880391
665.057363,321,3288.561236
196.199699,338,3291.768019
373.122166,224,3294.382834
-72.253808,141,3298.311707
2145.232111,772,3306.123374
317.455509,547,3312.631042
656.364083,335,3316.231196
1122.701431,512,3323.025903
991.307316,385,3327.144455
127.97589,158,3328.708329
1619.139662,514,3336.562797
831.625046,430,3341.185548
733.915964,329,3346.478872
684.703941,308,3349.588042
2267.630829,907,3360.222434
1009.303997,1000,3372.520428
664.665173,302,3375.630932
832.294461,372,3379.292977
584.78462,300,3384.068916
747.787448,314,3387.189943
762.556848,310,3390.770834
174.755894,162,3393.93208
952.320938,435,3398.133186
1093.573818,451,3402.802187
664.546109,253,3407.635147
911.432374,397,3411.317782
1069.493045,1000,3423.812602
1192.198834,381,3427.944867
1025.781679,552,3435.802866
382.391831,231,3438.366137
637.519253,322,3443.146079
1104.219513,450,3447.795828
2772.917013,1000,3460.274934
23.756558,58,3460.806099
664.022092,451,3465.469115
69.047243,225,3470.862873
924.215571,351,3474.486823
-46.181347,152,3476.031327
488.756481,238,3478.659077
480.388134,213,3482.327792
1418.819224,570,3488.010123
1685.98221,610,3496.68948
813.298683,337,3499.834707
1494.198809,558,3507.712353
703.580068,302,3510.815142
532.698982,206,3513.346424
1021.197368,379,3519.452506
2508.57927,1000,3531.244894
1008.109174,473,3536.396411
563.55896,218,3538.490488
693.092039,451,3546.302244
173.573744,156,3547.864403
693.885755,256,3550.461104
1362.031656,431,3556.179664
145.642921,159,3557.74215
697.204564,301,3560.851911
630.367596,247,3563.445088
886.46132,329,3567.865144
132.605272,82,3568.420465
799.459069,280,3571.502144
510.08434,251,3574.083182
467.092755,226,3576.191087
1077.140921,366,3582.623872
372.17164,197,3584.690645
388.194615,200,3586.764272
871.975031,529,3593.688526
821.917864,380,3597.823013
891.659285,348,3602.990023
404.149581,208,3605.075665
853.602132,549,3610.776993
859.463302,345,3615.981996
708.778363,313,3619.089938
975.526996,368,3622.72309
960.015661,395,3630.16891
845.915423,319,3633.738223
771.361506,329,3636.867627
423.792873,196,3640.462622
712.893854,329,3644.048845
546.103132,255,3646.637996
751.762947,312,3649.754514
602.527094,357,3655.114486
448.768341,226,3657.660112
441.960006,226,3659.85979
825.354168,312,3665.558313
1513.211809,448,3670.2071
1306.432508,1000,3682.410153
984.412466,369,3686.068381
615.180985,264,3690.140742
199.518911,255,3692.734802
622.468062,256,3695.332506
1019.780591,1000,3707.646818
706.177167,321,3711.224957
158.09201,171,3714.026483
606.169599,273,3717.103048
553.819792,259,3719.685891
625.414729,311,3722.809361
184.918356,359,3727.949333
453.513211,234,3730.515378
948.585799,1000,3742.5182
665.619603,287,3745.614828
609.691233,403,3752.24776
678.014555,348,3755.856521
382.525899,371,3759.505768
530.855149,287,3764.002313
454.466568,251,3766.580585
915.66955,360,3770.200813
397.035291,201,3774.773022
110.916947,139,3776.298835
1017.912752,375,3779.924638
2477.292995,1000,3792.76238
647.106697,302,3795.871059
58.407433,191,3801.621757
614.387709,311,3804.727156
853.85825,334,3808.326164
2824.621715,1000,3822.391917
1489.665751,693,3832.247205
1157.700902,382,3836.370578
1522.840279,502,3844.444398
1213.659261,600,3850.650919
1129.520713,568,3857.962872
1807.897804,790,3868.053615
989.535254,508,3873.241337
1127.033408,428,3879.565618
1215.698072,569,3885.27829
1229.258803,498,3892.405819
2367.223968,1000,3904.902884
17.384385,34,3905.407054
1072.329819,401,3909.547876
702.75566,292,3912.156796
543.086,233,3915.781507
773.854113,283,3918.852079
652.174998,290,3921.935886
2607.712505,1000,3934.292737
975.470395,395,3940.734497
779.477577,379,3944.840161
185.551025,231,3947.4089
430.642216,255,3952.366881
1443.60387,619,3958.594236
148.978628,167,3960.639135
2586.503692,1000,3974.502908
2874.94651,1000,3986.632822
854.594826,348,3991.593069
1562.161276,582,3997.787817
1754.181266,731,4008.809297
1208.926751,448,4013.470099
3171.261007,1000,4026.855431
433.517694,247,4031.158045
738.080165,282,4033.788684
993.644938,447,4038.445861
215.375845,229,4044.329247
62.139793,157,4045.892791
195.474553,332,4049.500713
1397.703655,487,4056.676853
814.600243,293,4059.749243
2279.174606,646,4068.63781
1811.500718,595,4074.827642
2680.304707,1000,4087.54413
1637.186367,572,4095.572089
1402.258721,537,4101.226662
1044.178979,346,4107.091488
2203.615382,753,4114.851487
3056.473793,1000,4129.249622
103.638974,198,4135.441096
2392.655463,1000,4147.57186
1173.183809,709,4154.81496
165.385593,100,4155.845606
1221.370116,498,4163.930627
1075.187452,370,4168.037752
40.279263,74,4168.584694
2840.832233,928,4182.238894
1160.70097,470,4189.825521
821.503787,319,4192.948006
3515.347641,1000,4205.661938
2075.087516,1000,4218.772927
1937.918457,657,4228.601908
776.99961,341,4231.748808
1798.645113,524,4238.706451
414.802798,205,4240.776338
1020.079861,364,4244.401839
888.166714,335,4248.004251
709.112622,406,4254.809318
1090.196555,538,4260.488122
67.440781,289,4266.232958
1151.712815,481,4270.946196
1516.232083,501,4278.054256
904.655809,314,4281.629902
1393.635072,526,4288.350495
607.275781,247,4290.945042
3351.306371,1000,4303.907825
1101.999507,376,4308.012343
1450.406694,442,4313.755097
595.018695,249,4316.344883
1656.932016,524,4322.016012
2080.264135,637,4332.355054
135.853711,86,4332.913529
116.165501,87,4333.929173
3471.005837,1000,4344.982805
813.077245,391,4350.259416
499.678047,199,4352.323019
251.692528,126,4353.388071
1638.652478,482,4358.53033
7.694062,150,4360.79406
860.820009,291,4363.880486
-8.467589,156,4365.441545
400.762714,179,4367.466964
2421.20939,826,4376.460164
841.095535,283,4379.631834
720.106885,270,4384.28684
1191.244488,379,4388.390221
1077.263314,389,4392.060375
788.276151,311,4397.203748
1986.759835,626,4403.465182
1320.580628,431,4409.958914
1694.093967,512,4415.155042
16.563411,128,4416.687363
1497.245134,545,4423.268214
140.344913,83,4423.827757
664.331345,264,4426.439064
91.483878,75,4427.44518
710.008604,440,4433.225273
1546.007429,444,4437.86781
453.626955,223,4439.966666
2028.728139,630,4448.427312
701.966906,309,4451.536135
758.836718,278,4454.886494
1016.752784,389,4459.026065
126.245374,76,4460.034362
345.136265,175,4461.621958
1181.476955,365,4467.250088
394.62962,227,4469.351619
89.060161,73,4470.355162
965.329674,353,4473.957896
847.056775,328,4478.594598
1025.935543,371,4482.683273
568.803104,247,4485.260152
130.69247,83,4485.81123
127.523207,83,4486.821324
1261.093442,376,4491.297865
909.256873,345,4494.891693
1230.603043,501,4501.271945
718.360419,296,4504.362752
624.036781,241,4506.938385
1183.040348,374,4511.787084
1915.596824,544,4517.018872
1318.764476,473,4524.070671
1551.411508,745,4531.839673
841.014677,391,4538.181118
156.265086,167,4539.75503
1265.646175,450,4544.418164
84.465151,175,4546.008286
964.561359,403,4552.421968
3553.708503,1000,4566.402461
2452.647902,739,4575.730246
-1.417218,154,4577.28807
156.491675,180,4579.332392
1159.952372,487,4584.499793
1165.626991,459,4590.408684
801.044292,329,4593.546161
1273.457161,401,4599.425266
1344.734847,465,4604.555138
2020.272303,630,4612.557142
1570.168168,527,4618.22792
736.472629,331,4623.827783
639.329987,267,4626.438848
636.20489,314,4629.559838
169.054773,225,4632.118349
642.406998,277,4636.893166
1915.618253,595,4643.060724
60.66523,66,4643.59514
1353.967132,465,4650.106909
807.633558,310,4653.217481
820.850447,348,4656.841817
1158.408879,460,4663.828702
146.5459,154,4665.391501
861.401373,302,4668.502808
922.261853,361,4674.070094
558.353233,251,4676.663967
508.370965,245,4679.246236
62.051054,75,4680.255352
1343.641633,478,4685.725969
1225.339305,498,4690.908118
930.004019,373,4695.732821
764.893924,314,4698.866508
143.215485,242,4701.458866
1460.155574,667,4710.818208
2422.402124,690,4720.660555
176.722482,142,4722.203268
1395.046483,508,4727.403012
1085.953332,382,4733.4554
954.993737,354,4737.081439
636.964568,272,4739.798068
1847.275842,574,4747.813393
3470.817114,933,4758.448084
3596.80746,1000,4770.662371
1346.619974,454,4775.316653
957.489961,354,4781.816753
1421.62046,428,4785.972866
722.460415,270,4788.572491
3130.138415,858,4799.636136
893.396484,400,4803.767059
2069.014558,630,4811.956084
865.859831,386,4816.073134
892.925472,392,4821.914903
402.17224,179,4823.49615
335.776179,157,4825.513834
354.452846,161,4827.08787
1038.751715,348,4833.047056
374.651294,180,4834.640094
898.031457,350,4838.267172
612.569054,273,4842.914368
102.211078,125,4843.985368
277.403896,138,4845.525365
2015.645426,582,4851.733607
1114.051328,580,4859.030868
1510.003912,489,4864.177801
574.884938,204,4867.915255
688.603443,287,4870.994845
284.441257,162,4872.563077
1505.544137,465,4877.949249
36.985075,54,4878.474592
61.985581,72,4879.485231
52.97118,65,4880.023307
3438.524104,1000,4891.711888
158.248744,81,4892.72285
1010.52499,411,4896.878322
997.154581,332,4902.604202
1002.796799,385,4906.278802
188.006903,320,4909.87933
46.243933,115,4910.937682
101.437619,216,4915.270164
534.513972,239,4917.882172
651.114553,307,4921.036763
1084.990421,391,4928.239012
36.602224,122,4929.749853
138.411692,79,4930.296842
186.787974,115,4931.343842
1243.943769,384,4935.446268
1951.03749,604,4943.396203
585.652215,270,4946.47425
149.898513,229,4948.593755
1084.786866,383,4955.068276
1668.301904,545,4960.751265
976.645054,358,4966.519176
1343.828884,500,4971.706825
664.839534,457,4978.922211
1160.101906,409,4983.084106
1680.286315,522,4990.661434
224.898985,172,4992.247292
1831.462045,595,4998.488779
3751.404728,1000,5011.236823
1112.728521,397,5018.299433
1150.326881,411,5022.455628
2003.538961,612,5031.717837
249.498357,334,5035.327932
33.744973,149,5036.881884
1712.495439,677,5046.38676
413.346701,242,5048.511816
1355.692293,500,5056.91116
1307.837531,455,5062.027454
3040.517736,1000,5076.097425
1178.255786,383,5079.752476
775.970581,287,5085.59867
657.540333,239,5088.162462
1338.696592,460,5092.795252
2859.396121,1000,5106.425911
814.118076,356,5111.922477
1059.940344,378,5116.033238
717.259975,333,5119.170978
1925.110168,576,5127.706647
712.98025,267,5130.33143
679.57174,258,5135.595815
1025.175797,388,5139.705414
1479.179002,486,5144.856626
1262.329402,1000,5157.618106
1134.440105,388,5164.103282
1547.126539,521,5169.292996
1103.745987,527,5176.743859
35.429965,124,5177.816158
1602.232541,532,5186.46611
1166.419324,400,5190.611144
284.523908,151,5192.158868
289.869715,150,5193.704237
761.1202,261,5197.749896
495.717914,254,5200.338822
1543.350999,504,5205.497886
1194.693319,373,5210.52385
1204.30489,374,5214.609142
484.447187,211,5216.686722
530.653259,249,5219.261637
2260.298658,755,5229.237774
641.662234,234,5231.788132
1382.795567,438,5237.976143
1017.581755,334,5241.120769
1337.611694,475,5247.796377
1363.396845,504,5252.972619
934.753442,425,5258.757087
1425.963396,532,5264.431749
693.060822,323,5269.587093
1310.158318,554,5275.34503
476.22538,229,5277.489887
802.45035,302,5282.436759
1305.842445,417,5287.071345
722.283781,258,5289.673114
1118.006208,359,5295.54429
721.185438,252,5298.126123
1365.163967,430,5302.767112
794.989478,288,5307.56964
721.823481,260,5310.637432
3.79014,163,5312.210905
1037.738499,407,5316.350189
1329.107781,416,5322.358242
769.944939,272,5325.423854
1428.193652,448,5332.352227
204.13125,123,5333.412846
894.870654,318,5336.534478
814.432194,276,5339.595244
533.645487,220,5341.681275
701.915214,303,5346.526097
653.480886,244,5349.090209
879.264827,336,5352.685256
753.842671,327,5360.439375
759.105005,372,5364.075872
1053.721025,370,5367.70682
1214.526217,396,5375.257719
780.325512,271,5378.329235
1748.465069,571,5385.742342
1844.8369,627,5392.447303
2976.508508,842,5404.158813
1009.723146,345,5407.309951
679.982871,250,5412.34185
755.249436,256,5415.412849
226.577137,132,5416.489164
1360.600753,430,5422.851002
335.118266,168,5424.425033
190.269305,102,5425.465873
608.703833,234,5428.043785
838.542723,315,5431.178019
2668.814481,769,5441.577923
609.442377,250,5444.16435
506.301484,225,5447.82022
536.902295,240,5450.402895
1915.927251,570,5456.129103
2160.830086,650,5464.626457
226.38667,159,5466.193369
1728.129629,541,5474.367819
726.638666,266,5477.43106
1558.253636,491,5484.449245
1141.627489,536,5490.125863
1454.634707,480,5497.761283
326.128661,218,5499.836717
1044.938662,366,5503.458112
2068.661811,665,5512.41568
467.080738,222,5514.501306
799.09432,294,5517.596088
1006.078654,374,5522.931378
802.492709,292,5525.55983
981.774085,360,5529.644353
1311.306489,421,5535.482911
1184.278569,385,5539.604913
1499.609029,461,5546.846428
1806.651501,708,5554.122447
911.098329,386,5560.351854
827.976183,605,5566.576005
1164.209171,389,5573.199287
1448.787206,464,5577.872923
2126.304855,607,5586.226499
2640.583099,757,5596.064828
509.721119,247,5598.637339
2510.095003,646,5605.363916
267.232917,154,5609.368075
801.440199,276,5612.445419
766.990373,377,5616.102113
107.10818,102,5617.137345
483.538011,237,5622.927272
1508.397884,440,5627.560138
1539.043336,487,5635.715376
1446.062625,428,5639.992489
1241.623531,389,5644.11821
2818.184481,1000,5656.959951
1172.787228,376,5663.879174
1134.311291,429,5668.4984
1596.817644,571,5676.737909
676.865733,353,5680.346522
224.310768,140,5681.883473
1979.897204,530,5690.054896
1920.505196,556,5695.766084
1385.730585,454,5702.494764
1470.730783,500,5707.659356
933.229088,368,5714.965996
2127.732706,943,5727.436888
2306.734389,813,5736.134541
631.115059,286,5741.218965
785.238639,326,5744.79338
9.106685,187,5746.850383
3501.452759,1000,5760.759929
1626.678231,607,5770.303056
1329.625861,417,5774.415172
1540.62459,466,5781.486048
2713.573608,722,5789.134208
1335.210631,424,5795.87716
2993.838411,886,5806.731746
-8.077387,97,5807.757374
1528.59984,511,5812.918132
1051.874177,350,5818.560998
750.553909,270,5821.62025
-9.569437,131,5822.689938
693.716096,290,5825.772739
1148.690343,389,5832.070828
1344.326689,484,5836.773156
815.753394,273,5839.855415
1055.280836,403,5847.279159
1068.209495,347,5850.910756
1451.988553,456,5856.993226
576.084838,235,5859.559099
1258.819961,431,5863.74761
2030.169175,602,5874.046528
1753.882725,592,5881.024421
878.318104,398,5885.173827
1932.527268,593,5893.54236
1445.30305,517,5898.733007
2346.976432,645,5907.917846
1278.407168,449,5912.58234
795.136982,302,5915.682004
1495.632929,513,5923.366493
2013.482001,641,5932.199186
1589.203353,466,5937.313876
2453.472158,789,5949.384134
1527.830355,430,5954.008784
767.937038,265,5958.30947
566.255897,505,5963.489323
3125.960648,1000,5975.953247
1269.702361,542,5983.267837
388.843744,192,5985.321099
816.754288,276,5988.398025
1132.896397,362,5992.039892
871.669132,346,5998.181153
469.584158,213,6000.313452
1132.871204,416,6004.471423
889.899442,345,6009.557856
1265.230043,419,6014.171121
1621.392517,504,6022.020176
808.360519,348,6025.641882
3367.870647,980,6038.440432
1214.912806,535,6047.21952
2001.320489,589,6053.399401
3062.471801,935,6066.510969
2617.419924,701,6075.354173
939.160117,353,6078.98671
1501.880741,445,6086.0552
3763.903635,994,6099.651208
1035.38004,357,6103.727706
3233.472973,1000,6116.453749
2030.11926,731,6126.678918
1388.388987,435,6131.302143
855.842179,308,6134.412825
442.122187,261,6139.368284
711.681455,283,6142.448086
1224.971452,402,6146.596087
3082.579678,1000,6159.744427
1468.54072,473,6167.812418
-27.023019,137,6169.354126
1759.014093,577,6178.18449
930.375158,365,6181.852496
1834.437318,551,6187.539745
1264.949429,402,6192.499237
516.146572,397,6196.646157
970.956633,337,6203.755868
2131.811889,638,6210.012161
2062.329289,564,6219.31953
2121.931187,564,6225.008989
1520.942107,481,6232.239222
1105.379107,362,6235.927638
1554.51919,498,6244.295401
1072.837189,356,6248.000167
1364.928728,466,6252.751898
1277.323816,428,6259.531925
2216.523621,608,6268.275192
2026.807858,534,6274.052078
1747.245645,527,6281.620845
1186.46337,384,6285.821763
1043.127778,329,6289.044759
3333.874692,830,6300.630466
3697.077684,1000,6314.028754
1951.651112,561,6322.792845
2360.214203,620,6329.610404
1639.798363,475,6336.356168
3100.702249,1000,6348.882205
60.00344,63,6349.411577
1476.603992,502,6354.568492
2727.647156,756,6366.679084
1140.591925,375,6370.315686
1636.446198,466,6376.829375
1230.879864,372,6380.925924
410.015286,202,6384.72964
886.765782,311,6387.852289
3531.372429,879,6400.877259
4278.790182,1000,6415.372261
2159.721032,644,6422.104701
1117.192117,359,6427.453229
1719.033845,505,6432.640838
1152.412999,371,6438.818214
1375.61381,454,6443.484138
3719.279959,1000,6456.277791
390.770683,241,6458.858843
939.71441,307,6464.657825
4132.192316,1000,6479.290999
1078.909524,1000,6491.821983
1641.528205,512,6497.464654
831.730843,428,6503.81684
-6.20019,114,6504.874101
1054.363381,1000,6518.151548
1210.075467,369,6522.24221
3286.294274,831,6533.949028
1043.068377,1000,6546.324956
688.626096,258,6549.379623
1010.637718,1000,6564.067692
1258.809625,380,6567.725108
3169.237317,787,6579.891825
638.921949,247,6585.121109
1550.039311,661,6591.852156
887.832392,338,6596.554788
1346.708904,445,6601.203863
1085.060753,354,6604.822744
884.743826,1000,6617.448936
1483.973341,436,6624.367113
1024.778281,1000,6636.995408
6.899697,134,6638.063593
24.906888,163,6639.619796
1249.353234,408,6644.214316
38.56433,174,6648.706817
1450.289188,440,6653.323886
35.51926,119,6654.375199
2457.744775,716,6663.919129
1192.961877,496,6669.072468
683.456511,423,6674.529429
1061.952207,345,6678.151459
799.08894,332,6682.695192
184.145781,122,6683.75771
2210.292719,624,6689.981166
1107.537143,895,6702.064996
1175.770291,363,6708.74102
1069.576992,379,6712.409879
1011.639759,329,6716.021228
202.765726,141,6717.572887
2172.692094,741,6727.068176
1567.528127,496,6734.622357
1044.957518,350,6738.238846
8.403176,124,6739.755624
110.418769,330,6742.899413
851.804619,1000,6755.783785
1706.029316,477,6764.426962
1028.577747,355,6768.046212
2024.030544,631,6776.525117
1708.417709,604,6782.714416
590.066376,206,6787.915215
36.835564,150,6789.461535
2839.447506,851,6799.04442
1051.375105,1000,6812.904864
1572.153247,570,6818.606456
2208.916478,622,6828.567801
1695.06521,751,6838.948099
65.552005,80,6839.49909
981.893029,1000,6851.996481
102.053582,213,6854.546133
1044.672788,1000,6866.890349
1358.954865,434,6871.075961
3919.04533,1000,6884.48317
1809.981535,521,6892.371059
4258.922251,1000,6905.494366
930.399126,330,6908.639716
1881.09536,581,6917.207186
2225.101207,634,6923.903389
42.424175,63,6924.437651
3336.396342,915,6937.602409
155.40767,204,6940.697439
395.906257,203,6942.760821
2479.405005,734,6952.446419
1288.941486,413,6956.589669
1919.730063,505,6961.749181
846.434078,284,6967.326274
4072.596315,1000,6979.988647
1039.590589,1000,6992.679877
1169.120108,615,6998.929005
1306.519729,387,7005.535241
63.46016,63,7006.074009
1847.881665,505,7011.255602
-2.007744,122,7012.771863
1207.382972,396,7019.374273
1374.773995,416,7023.520602
2505.716082,690,7033.243162
1261.443717,415,7037.404868
59.142268,62,7037.937837
2616.381626,683,7046.995201
3291.382816,1000,7060.206468
117.033953,85,7061.226629
3624.419346,1000,7074.262256
198.378568,118,7075.311786
649.625165,368,7081.8645
1888.491289,558,7087.529287
4008.226385,1000,7101.418903
466.09296,198,7103.478298
46.022915,62,7104.012165
1900.619327,600,7112.822424
1617.863219,727,7122.168318
1254.99806,1000,7135.617642
1568.666277,481,7140.756469
2332.354206,682,7150.076365
1079.281019,578,7158.547913
759.441847,321,7162.127373
1004.649862,1000,7176.598783
873.378968,335,7179.78932
3892.98648,1000,7194.841645
1338.277469,410,7204.034825
1058.035626,1000,7216.841808
1454.167379,444,7221.142083
1995.16004,563,7230.681324
1998.415907,547,7236.48039
192.458199,121,7237.559973
760.046669,352,7244.177107
1457.719973,442,7248.907649
1190.321433,589,7257.548261
1057.824234,375,7261.273785
625.561046,270,7264.345249
758.148754,306,7269.957819
487.706455,393,7274.080405
1511.616439,468,7278.769994
1002.88773,1000,7292.39726
924.950352,324,7297.515109
734.378631,306,7301.09375
876.033174,311,7304.217012
124.375389,125,7307.081233
1031.266293,1000,7319.821894
2467.202411,694,7327.04389
911.442083,321,7333.84195
880.886026,1000,7347.506999
1037.738229,1000,7359.779355
857.807881,390,7363.44604
3183.756945,867,7374.540494
804.880682,297,7377.623854
1172.158649,387,7381.273756
4151.627715,1000,7395.16037
2422.841513,653,7403.829144
1354.85955,473,7411.467504
791.613469,266,7414.078884
1237.251193,388,7418.194293
932.740093,327,7424.032105
225.352608,110,7425.083754
1940.199342,573,7430.8174
2077.726972,567,7439.990919
3259.661448,823,7450.342798
2337.738987,636,7457.086213
180.050251,105,7458.141235
468.76641,176,7461.37017
728.278116,259,7464.42518
164.429844,103,7465.469891
1397.278789,425,7469.66943
1333.890151,393,7475.744791
1315.483037,433,7480.400991
1138.346622,330,7485.512245
86.772365,156,7487.079449
547.666662,214,7489.640485
302.288844,150,7491.205121
1045.579594,592,7499.101114
1509.751191,455,7504.214357
1270.289952,413,7511.089416
1170.957584,425,7515.248061
1508.040881,443,7519.861147
3705.377548,1000,7532.709006
1222.07992,360,7538.861947
1262.392542,389,7542.994234
2491.805944,730,7553.098403
1009.011125,490,7558.273223
443.337399,257,7563.506891
966.074055,362,7567.162668
1940.331382,665,7576.07889
1345.599259,420,7580.702124
867.930184,366,7584.343975
1293.919051,507,7591.969117
1667.775753,574,7600.476043
1315.479976,437,7604.662979
656.485023,271,7607.741755
596.685799,250,7610.339533
975.56503,337,7616.019842
1462.021801,441,7620.768884
2460.043726,655,7630.410121
315.617247,174,7632.453528
110.172149,76,7632.999912
1625.338284,581,7640.404048
672.079116,286,7643.49311
1022.420857,356,7647.125792
904.233709,341,7653.348641
561.543803,228,7655.451083
2412.234429,757,7666.431152
3036.102618,835,7677.468142
639.72407,267,7680.074072
2101.663987,593,7686.262092
875.249259,331,7692.445818
1066.997291,438,7697.071775
757.864061,292,7699.699151
946.702628,326,7706.20428
2594.830356,722,7713.47207
164.497615,127,7717.198133
416.343419,250,7719.775588
1319.516503,425,7723.946188
966.20467,361,7729.918015
2000.634905,606,7736.138861
27.957665,88,7737.157842
833.741642,282,7743.594062
1729.912427,513,7748.771027
1292.331791,430,7755.423468
640.801081,256,7758.023153
818.106701,295,7761.125177
1110.993827,359,7764.741041
1386.983412,412,7771.173127
1267.779516,416,7775.333935
785.826169,310,7780.48606
748.566556,298,7783.58489
958.799329,347,7787.197129
2732.803012,703,7797.698447
1366.754467,422,7801.996931
1201.252395,404,7808.836081
1711.903705,502,7814.115505
1395.411024,402,7820.338991
898.498094,308,7823.516375
684.622718,251,7826.164112
1081.42416,342,7832.117076
965.024395,324,7835.315179
931.632146,317,7838.491275
1134.852577,327,7843.683101
1103.738421,347,7847.292774
1454.986026,465,7851.947392
984.80253,324,7857.971092
581.623329,373,7861.609711
832.927206,301,7864.708376
692.207421,282,7869.804787
1208.129649,371,7873.462318
24.905863,131,7874.993401
-25.552022,119,7876.053311
114.621513,106,7877.097295
148.284878,90,7878.122851
143.074552,130,7881.919788
451.130236,252,7884.521406
322.369688,167,7886.094213
3042.200706,944,7897.088307
3382.984997,1000,7908.750415
153.284159,100,7909.782453
838.897425,442,7915.411246
962.974468,301,7918.518273
96.026331,82,7919.529133
136.593361,83,7920.084801
181.026061,93,7921.109856
1795.46066,508,7927.276114
375.582328,186,7929.318516
567.923042,265,7931.922395
1454.105682,477,7939.244912
1458.824123,427,7943.409368
1991.559198,619,7952.543404
1466.905994,504,7957.70369
945.052971,322,7960.82112
827.841105,353,7966.395643
1188.152667,471,7971.538877
448.671746,408,7978.330932
423.545819,240,7980.940223
317.442307,216,7983.025317
72.776725,143,7984.569847
477.055621,216,7986.653297
1076.147549,328,7992.263222
67.196324,66,7992.805972
1010.901068,1000,8006.414861
635.610019,289,8009.511869
932.279953,336,8013.136497
1028.074111,1000,8026.024344
186.925625,122,8028.922385
59.097518,89,8029.947174
1458.337939,405,8034.097866
1066.959642,331,8037.23198
981.627683,1000,8052.162372
382.645095,182,8056.415646
987.390082,400,8060.559664
573.548693,288,8063.644675
1228.015921,403,8070.417922
1074.117193,354,8074.045778
1034.9913,375,8078.164778
465.88874,195,8081.324039
242.913423,170,8083.355231
831.764464,298,8086.438458
913.944644,366,8090.073964
747.634429,331,8096.042325
605.964074,273,8098.657344
1239.57866,507,8105.73906
760.633556,267,8108.81133
571.207583,225,8110.907799
2445.440738,711,8120.254414
520.565664,214,8122.802682
1518.146905,504,8127.992212
1245.254249,400,8134.295378
605.461484,385,8137.963855
2232.097714,766,8147.939767
1032.155172,378,8151.608066
1042.466331,335,8157.260108
325.793577,160,8158.927767
843.367639,340,8162.538811
697.193994,233,8165.107238
7.082647,28,8165.140454
13.32303,32,8167.619199
492.658039,198,8169.697081
1399.317254,424,8173.856759
885.171824,326,8177.446409
1353.085295,476,8184.214163
1200.822201,380,8188.327915
751.077365,1000,8200.619996
473.886408,223,8204.709765
9.737067,29,8205.204473
25.942112,120,8206.262417
423.221791,218,8208.81346
1199.463994,382,8212.47082
36.218487,54,8212.995933
2566.165862,824,8222.930895
1099.179197,403,8228.80574
989.59452,336,8232.395203
4.376424,25,8232.424304
1911.356567,498,8237.582065
2956.384845,776,8249.406414
787.75555,363,8255.121205
1147.988739,402,8259.257736
4135.491192,1000,8273.441273
2290.978019,641,8282.575798
1689.504311,533,8287.888626
49.258361,282,8291.063823
603.946233,809,8301.947878
1208.533371,364,8309.456007
1176.606856,421,8313.698923
1484.551528,519,8321.79805
1228.097083,425,8326.52744
1867.708907,537,8335.287907
1453.460193,444,8340.073232
2038.054537,556,8347.631848
270.699889,265,8350.240225
2626.09482,645,8356.979338
3719.089802,1000,8369.561749
1321.157964,410,8377.894864
2507.478707,726,8387.448346
2900.996462,762,8395.209254
3858.689864,1000,8409.687498
3614.601496,964,8423.430006
2301.585079,617,8432.872895
722.197288,271,8435.940227
1682.569656,559,8444.913166
1243.288146,409,8449.061633
4199.8625,1000,8461.712152
1078.811567,626,8471.248882
778.68099,315,8474.383715
1794.990876,532,8483.677094
4198.064288,1000,8496.811741
3251.678582,841,8505.140099
2488.934935,650,8513.663504
1979.328318,708,8525.390457
2384.089407,1000,8539.097407
1500.756295,500,8544.251355
2337.779807,1000,8558.431226
842.852752,352,8565.785668
2843.746492,776,8573.549295
1015.940547,353,8580.718227
731.58607,267,8583.771673
724.593477,291,8586.412782
-2.564267,75,8587.419912
3644.722158,915,8599.838022
182.89365,350,8606.510867
1129.450126,328,8610.096879
1219.498847,417,8614.255866
1434.318654,457,8621.905894
21.660503,63,8622.897759
1562.966511,468,8627.589996
27.130245,80,8628.135664
436.040846,182,8633.761157
1630.289183,484,8638.923321
2022.73566,569,8646.507506
520.908093,209,8648.581862
358.343045,162,8650.602845
549.211276,195,8652.208069
655.69924,227,8656.540918
524.946577,205,8658.615009
783.795207,286,8661.715381
1293.61052,440,8666.360891
818.909624,281,8670.930297
17.932008,60,8671.461087
34.036349,62,8672.452719
1364.639046,423,8676.62627
1364.276186,423,8684.89815
1791.139727,695,8692.115045
2140.803638,659,8701.350112
3264.026169,923,8713.387701
671.631638,380,8717.510873
1088.149385,395,8723.515894
570.660467,317,8726.649645
378.100638,238,8729.233331
1281.132167,658,8738.274377
703.799919,463,8742.958755
1292.807417,408,8749.921902
1083.508828,352,8753.551706
299.041217,152,8755.106985
-7.260852,74,8756.114147
2341.856928,599,8763.365895
1748.641924,516,8770.831111
1235.590408,375,8774.958129
106.500384,85,8775.518805
801.430471,288,8778.615077
1404.850596,440,8784.225453
5.055973,52,8784.750149
31.003604,66,8785.292407
247.30225,120,8786.80564
580.592742,267,8789.405205
1465.839246,486,8796.920866
154.070566,89,8797.940279
1016.982094,362,8801.562164
12.722341,108,8802.605374
605.149098,257,8809.283628
712.280963,268,8811.881072
720.816863,257,8814.92487
3804.755862,938,8827.137185
2434.702911,641,8836.4003
1244.203806,360,8840.029268
3001.96657,1000,8854.285169
1554.977087,464,8859.40538
4120.892636,1000,8872.524444
50.197129,141,8876.939863
1592.793851,606,8883.708647
2199.183016,580,8892.194107
911.555584,320,8895.766672
1394.654309,378,8899.430075
1064.347402,337,8905.195918
570.164033,240,8907.787231
1063.095073,335,8910.945976
870.360547,286,8916.207425
178.001736,108,8917.259239
523.696871,205,8919.339318
54.09347,82,8920.354585
1323.62769,387,8924.478195
871.906096,275,8929.466793
717.062595,327,8933.068395
868.747595,319,8936.203163
789.382563,1000,8948.978927
2138.739821,622,8958.476222
808.627005,296,8961.55807
2809.083687,819,8971.817517
2230.27273,610,8980.914681
1469.610788,499,8986.072859
1004.756195,1000,9000.973925
945.155052,308,9006.939136
1268.042131,470,9012.09394
1184.287866,370,9015.742309
2733.698351,771,9026.488131
2695.145081,732,9037.983241
994.858537,1000,9050.903684
1576.41573,477,9056.056431
3865.138114,1000,9068.927831
1127.598301,384,9074.777904
2586.281105,951,9086.520353
1366.612284,427,9091.14537
1063.219556,1000,9104.411804
1014.573487,1000,9117.207461
599.020352,222,9119.303035
2229.64897,620,9127.775398
2279.319182,615,9136.331389
253.60281,144,9137.873037
1460.097291,489,9143.047441
869.914908,316,9148.034118
1392.118507,438,9152.683059
2235.433402,612,9162.107427
1012.253593,365,9165.751136
1006.264814,1000,9180.840856
95.421827,171,9182.918683
1356.844611,439,9191.237126
1570.654565,571,9197.085287
961.105946,310,9200.279878
152.774593,108,9206.001951
1611.393956,627,9212.839957
1212.527638,419,9219.92879
1525.816153,496,9225.227907
1052.758878,1000,9239.811884
314.9448,303,9242.93875
3168.319712,1000,9257.0494
798.231717,294,9264.007776
124.062502,87,9265.027357
1455.918122,423,9269.175411
1616.800283,457,9275.461165
2093.116392,557,9281.607675
702.886471,376,9288.212002
4057.285554,1000,9300.848026
509.894006,773,9309.110697
1152.949244,361,9315.11389
520.893383,235,9317.227491
925.106788,286,9320.330254
1365.786488,416,9327.99692
4245.124059,1000,9340.753034
1127.883048,369,9344.393884
921.863423,306,9347.508746
982.8838,1000,9361.937185
1702.73671,476,9369.270766
132.716774,133,9370.338868
600.696219,599,9379.034076
2595.648808,725,9386.727257
127.17575,141,9387.807819
112.445371,76,9388.813278
110.460316,84,9393.218331
1785.881486,543,9398.89623
2425.613533,606,9409.10133
3916.70368,1000,9423.411652
2506.187529,849,9434.260256
1978.626849,619,9440.485832
1264.777719,424,9448.257862
1506.399482,439,9452.454255
2832.049294,824,9463.071695
974.778034,1000,9476.228179
2328.533164,775,9486.383577
1441.815749,420,9490.995818
1219.796005,360,9494.623018
2647.164691,674,9504.231173
1118.149808,425,9511.737668
1626.547685,468,9516.433718
1760.319309,491,9521.592931
2244.8021,628,9530.836442
3252.6946,743,9540.525913
3304.788462,802,9551.463735
567.21365,236,9554.031674
20.216343,118,9555.551724
1536.238774,448,9560.200086
1732.827908,456,9567.34206
1413.77264,423,9571.48729
1127.627337,355,9577.194277
922.084713,1000,9590.082144
963.379425,301,9593.191285
709.57638,311,9596.317062
1067.930908,362,9604.775323
2083.492314,516,9609.956891
950.155454,327,9616.491343
1459.855607,428,9620.656687
1073.014532,312,9623.789135
1073.049346,374,9629.913602
926.205994,301,9633.028076
340.308765,180,9634.626177
1425.154576,401,9638.791975
1977.118494,573,9647.304116
1664.138326,471,9654.379847
749.451189,279,9657.463244
1901.613583,623,9663.703831
726.580428,284,9669.300629
626.740256,279,9672.383227
1035.497072,362,9676.01516
1426.918677,521,9683.411899
919.812647,1000,9696.274204
480.511531,215,9698.827267
3573.394627,1000,9711.227128
465.847239,347,9714.840456
1427.655743,434,9720.585225
1211.614902,379,9724.704423
1636.658972,474,9732.335284
1147.21051,403,9736.469288
1493.377434,454,9744.095838
3724.977418,987,9757.562052
1808.49012,508,9762.75596
1187.283201,379,9766.873964
3956.092935,1000,9780.898549
851.954891,323,9786.257393
1047.319191,374,9790.382126
1559.883616,465,9797.439637
386.860348,203,9799.514732
2861.702855,814,9810.203364
1329.880886,383,9814.323043
496.777204,223,9816.875896
1620.391285,497,9823.90213
990.301601,342,9827.037899
35.030134,138,9828.569189
145.473294,230,9831.120035
174.451457,111,9834.45808
1125.74828,371,9838.090651
453.70759,228,9840.648191
3773.417329,1000,9854.0639
1242.817927,449,9860.837188
640.608889,287,9863.92876
930.90489,356,9867.540368
962.542398,1000,9880.542118
401.256578,195,9882.611071
846.180304,305,9888.351447
580.2236,251,9890.939276
557.407265,265,9893.55077
35.980204,103,9894.594075
2430.507737,629,9903.916012
1264.126715,463,9908.580237
46.346329,109,9911.543158
777.169674,287,9914.651738
1201.698513,382,9918.75689
107.104031,227,9920.863759
3362.682429,1000,9934.78991
844.495007,436,9942.529251
335.868462,198,9944.587374
3612.150289,955,9957.299371
951.743844,455,9964.440133
1186.888834,430,9969.049893
239.249152,145,9970.134283
1555.087035,476,9977.519971
1189.339347,439,9982.154818
928.670735,345,9985.763201
205.780239,158,9989.137448
2088.670792,629,9995.364876
1641.172048,519,10003.656424
3104.680478,925,10015.377801
873.649587,321,10018.965249
406.148563,238,10021.069245
983.086062,1000,10034.946884
384.080523,232,10037.513102
737.571643,249,10042.373453
1074.150667,370,10046.485306
113.957958,180,10048.076319
688.206102,316,10051.192269
1909.222481,528,10059.85434
3383.306509,818,10070.958602
2021.502851,560,10077.12581
1280.359126,421,10083.656644
1169.424255,779,10094.29342
236.353687,151,10095.85166
2298.37393,639,10102.105142
973.33905,333,10108.101764
747.286375,263,10110.695117
689.619094,297,10113.795958
169.025889,101,10114.835113
2759.054558,763,10125.305002
2621.639812,703,10136.093002
563.320611,243,10138.275537
55.279967,186,10140.400987
1540.942591,464,10148.032181
142.037627,92,10149.053635
928.698423,439,10153.685223
3552.893703,1000,10167.042225
1460.039703,537,10176.313091
3999.652958,985,10189.184139
1526.190839,512,10194.946216
2314.970254,639,10203.982084
433.339708,214,10206.568778
341.058188,195,10208.673205
1836.784741,585,10217.023811
1889.698352,565,10225.235005
1982.775628,617,10231.600606
372.137155,215,10233.72226
3636.074686,1000,10246.694454
1102.304603,617,10256.413441
1345.035584,388,10260.147493
107.525061,132,10261.69317
2210.591981,599,10270.820193
2832.111543,728,10280.692941
2041.886389,613,10286.895479
2656.762482,764,10297.145187
1747.466384,492,10305.258772
1963.877228,520,10310.484283
378.368151,213,10313.039833
1349.379935,465,10320.882833
1051.986517,448,10325.533672
996.878202,342,10332.985242
774.465951,369,10336.629825
1317.221229,513,10345.369913
2491.376221,677,10352.588316
1634.077113,712,10364.423054
848.154688,328,10368.055885
771.200376,357,10374.8908
1264.35937,404,10379.039576
270.501063,339,10382.650177
1758.355758,820,10395.188898
2510.8875,661,10404.345202
2657.458469,776,10415.789924
1708.981273,507,10421.076216
560.133211,235,10423.671174
1874.000471,513,10431.296293
905.865482,331,10434.951746
1884.028071,598,10443.808759
2636.225732,673,10450.709124
2051.492415,581,10459.191142
986.78345,368,10462.900408
2478.379188,648,10472.367981
2454.520725,709,10482.39277
1715.329724,581,10488.687923
448.800379,242,10494.476683
919.738657,355,10498.194683
1570.416515,508,10503.426539
1034.775582,361,10509.687405
254.476693,173,10511.72688
1053.968344,373,10515.401712
993.823023,412,10521.930831
1770.115091,521,10527.607128
1358.220216,450,10534.87664
1656.11285,511,10540.050312
580.385418,240,10544.584087
748.672088,278,10547.208505
2028.842843,617,10553.874212
952.488825,433,10561.060777
1311.41842,404,10565.1963
1346.794223,406,10572.178625
1630.915672,489,10577.32402
1481.982477,475,10584.792133
1448.134935,383,10588.443876
1385.899897,472,10593.594861
876.253466,303,10600.12285
1172.565284,336,10603.728101
639.52602,240,10605.842281
582.867949,231,10611.171421
391.16394,149,10612.728173
1878.103019,579,10618.903436
1916.397185,516,10627.513241
1193.048146,383,10631.622103
2455.882279,987,10645.407003
3657.987882,1000,10659.449096
774.40731,328,10665.438312
80.955282,108,10666.485142
679.39693,254,10669.077841
1324.647084,407,10673.213097
300.724316,139,10674.749674
1014.24723,422,10682.328802
1002.608672,1000,10695.005548
2637.582987,688,10704.573043
981.953742,352,10708.169173
1836.465472,471,10713.30311
2921.991764,740,10723.338153
489.512535,212,10725.877725
2522.832252,637,10734.43198
335.943876,261,10737.493976
505.386133,218,10739.578769
1875.84551,460,10746.617716
1297.340853,385,10750.724434
1289.458383,424,10757.771204
2202.017468,563,10763.927243
1301.095534,603,10772.649394
999.098435,323,10775.794144
1936.373867,529,10783.932315
2235.3375,594,10790.143039
1935.918787,558,10798.342434
1434.944599,406,10802.511747
1722.583452,448,10810.070948
1417.518238,422,10814.249331
3830.131607,1000,10826.954316
1019.778571,331,10830.556884
769.707345,311,10837.010814
2732.392176,818,10848.610811
1005.386461,1000,10863.372527
1005.222694,1000,10878.50195
982.131025,1000,10893.691086
644.960447,256,10896.297445
995.60028,1000,10908.857506
38.137679,227,10910.969417
1002.793345,1000,10924.222445
967.962537,341,10927.832868
164.652467,102,10932.718067
4063.522082,1000,10947.088892
3063.722583,1000,10960.680228
3376.373234,1000,10973.125977
59.774427,200,10975.200478
1010.82401,1000,10988.256235
422.056138,184,10990.296433
526.799145,209,10992.371753
1297.293664,461,10999.162178
284.009397,149,11000.711103
963.201468,305,11003.811327
1447.708886,452,11008.463153
4088.084615,1000,11021.670326
834.95241,317,11027.547331
2081.407061,831,11039.531255
3150.005634,776,11047.827413
17.05778,125,11050.648189
783.014889,322,11054.261826
1016.725216,1000,11069.500228
1599.276093,486,11074.21137
-17.992478,115,11075.718321
1394.581454,578,11083.432882
-16.025783,115,11084.946141
959.672241,1000,11097.370225
1290.219655,393,11103.325807
496.269128,218,11105.884803
1516.761526,469,11110.591979
360.57659,340,11117.144284
870.734759,1000,11130.466598
2756.960376,688,11137.80656
1088.696961,363,11144.672784
1717.391565,583,11150.976848
1597.852874,487,11158.681797
409.191017,216,11161.297559
986.339601,329,11164.490148
3817.215396,1000,11179.319901
1024.010024,1000,11192.397218
1568.964148,455,11198.867172
-3.661555,188,11200.993881
1613.303775,493,11206.28631
82.351434,194,11210.538896
-8.39825,180,11212.168283
68.183107,132,11213.724698
1157.658694,351,11217.450678
1322.558494,480,11225.230301
411.894431,199,11227.293749
961.144219,343,11230.903201
1596.598756,478,11238.385748
315.016737,163,11239.946329
1521.646159,505,11245.119614
-10.138489,149,11249.88704
185.848027,335,11253.5018
865.22308,1000,11266.264651
1634.131139,505,11271.433468
3185.119281,821,11283.235144
1316.841797,415,11290.068997
1061.424045,345,11293.671237
1186.652073,399,11297.798006
929.273713,314,11303.311388
807.647091,1000,11315.315218
-48.902627,116,11316.372665
885.395827,1000,11330.610081
944.919584,1000,11343.396186
921.132185,302,11346.520124
545.10625,358,11350.612344
992.848446,446,11358.402416
696.424234,372,11362.049297
1114.018239,376,11369.274533
193.385169,138,11370.358253
914.044384,373,11374.461751
1321.472118,499,11383.166205
2671.223502,706,11390.403167
64.58098,202,11394.969156
466.944689,241,11397.590996
924.734633,373,11401.319897
1558.121586,545,11411.041702
667.072229,668,11417.782268
594.231859,275,11422.54231
1780.405624,578,11428.247114
1194.143781,1000,11441.05903
1176.280227,362,11447.461949
996.083943,326,11450.595585
1071.742351,355,11454.223912
795.720891,287,11459.742728
1985.390464,535,11465.400894
401.412317,201,11467.477369
1730.144438,501,11475.698814
2770.919497,780,11485.626145
1559.647803,539,11491.317983
1258.040386,419,11499.937777
635.039985,316,11503.066331
34.110222,39,11503.571691
665.384583,277,11506.185863
1938.274974,568,11514.999418
1050.595998,339,11518.146767
1365.186939,429,11525.187046
752.882029,318,11528.314871
1152.858903,453,11533.005805
32.933101,131,11534.532103
2614.209217,893,11547.509062
1070.774954,355,11553.792758
1090.292268,345,11557.412036
1646.178771,546,11564.794154
1715.823673,554,11570.473899
135.452809,235,11573.041327
228.8869,343,11579.727684
203.991007,315,11583.289887
55.942637,188,11584.88294
1307.019784,1000,11597.659358
375.208114,211,11600.200895
1182.708588,386,11606.963584
544.29142,236,11609.532197
2956.219291,824,11620.910157
416.255655,319,11624.04324
2272.916941,639,11633.282432
1262.251108,386,11636.951829
1232.387142,383,11643.693021
199.884993,134,11645.232002
1556.256647,552,11650.936439
2127.404829,558,11658.529288
778.119166,281,11661.605683
1653.238501,438,11667.25175
127.418822,76,11668.260174
1879.852174,517,11673.448705
1160.661065,391,11680.023092
103.77331,83,11681.043222
860.490466,300,11684.151479
1105.138863,409,11688.283637
901.158655,377,11694.800636
2056.645313,517,11700.442468
971.100015,435,11707.752783
45.323252,234,11709.859812
1183.427551,388,11713.986287
1032.613413,331,11721.934128
2684.083138,698,11729.174089
182.197112,99,11730.203893
469.604152,224,11734.310634
190.435978,218,11736.393873
2985.698327,757,11747.269323
1063.439348,361,11751.349409
716.138063,300,11754.470417
1200.375933,1000,11767.535362
1958.150247,595,11777.987084
444.363956,211,11780.066641
1540.225656,462,11787.362118
2164.0628,592,11793.578101
2845.370636,791,11803.919818
1474.236173,492,11809.088771
1528.814503,453,11817.097381
640.18187,236,11819.204333
941.573571,304,11822.318192
1329.960554,419,11829.136795
1960.092315,610,11835.357157
3478.530825,958,11849.691328
1000.474287,1000,11862.909225
846.165347,300,11869.474838
2357.605086,726,11877.34094
1064.313992,365,11884.052859
2561.81589,701,11891.414094
1146.166548,472,11898.871363
610.771579,310,11902.521362
1250.436272,390,11909.687278
1204.102155,436,11914.440869
101.047601,236,11917.079724
19.240194,184,11922.119087
1432.840388,423,11926.357874
1618.837137,486,11931.637861
2.088124,117,11935.56728
61.372545,116,11936.645097
2004.152747,560,11942.928044
91.324974,110,11943.976879
741.087921,284,11950.687592
-10.399215,138,11952.229261
681.047626,254,11954.823855
1014.870859,353,11958.4228
4.439183,107,11959.919261
1786.50569,487,11967.489873
13.145892,107,11968.529743
1857.812819,583,11976.18427
25.984208,61,11976.715305
19.740495,53,11977.236849
19.007793,61,11978.225628
14.201181,30,11978.264207
2444.139836,669,11986.887801
-5.362729,196,11988.499356
-98.033711,210,11991.035127
368.895712,203,11993.097411
565.861669,212,11995.180116
291.831785,171,11996.769202
2350.05001,631,12005.782391
631.618245,263,12008.377181
736.839342,302,12014.528976
3947.914801,1000,12027.380131
617.270243,232,12029.948111
1532.761487,421,12034.122113
1157.276325,425,12041.871644
857.159909,292,12044.970864
3091.404843,855,12055.814271
1643.971226,508,12061.079405
815.805934,352,12067.180063
42.079833,53,12067.699853
962.949475,1000,12080.808296
214.821927,177,12082.890914
2059.976403,585,12091.387014
4016.078247,1000,12106.315305
172.308798,98,12107.367901
3728.544391,1000,12121.573625
131.345271,193,12123.629237
55.121288,115,12124.67881
397.460001,173,12126.719468
688.18323,331,12133.329085
2062.74961,586,12139.071139
1577.430562,548,12147.944644
1909.601203,622,12154.616399
563.676251,246,12160.367098
1242.266043,424,12164.519705
305.875707,218,12166.60753
1985.032796,521,12176.182352
3372.133112,939,12189.176904
3366.367174,853,12197.979062
1465.222095,538,12205.255159
876.536208,340,12208.871138
2364.084471,628,12219.261027
-3.889271,129,12220.330469
3931.169378,1000,12233.987069
1028.96411,530,12242.76339
1716.523727,507,12247.953523
1054.392882,384,12255.052394
2452.423764,834,12263.405455
1375.426105,492,12272.958024
1234.75518,409,12277.115505
910.77034,334,12282.973889
56.590529,119,12284.485452
2136.771386,608,12290.697075
618.96742,245,12297.603704
2825.211773,1000,12311.89389
3447.213654,1000,12324.396731
64.507824,129,12325.463967
3749.676685,1000,12339.127256
1359.389091,415,12343.273651
1770.958034,481,12351.531887
3054.801635,819,12359.824777
1764.41504,514,12368.283944
1163.549823,379,12371.953656
1509.933331,491,12380.709823
372.582921,157,12382.267391
2826.141583,758,12393.489237
1036.57656,386,12397.609886
1960.764877,533,12407.926788
1827.800574,498,12413.097785
1595.793362,454,12420.297107
2514.861179,730,12427.57088
2612.108351,655,12438.534326
3910.728718,1000,12451.613349
977.05928,372,12455.249504
90.679251,72,12455.79239
1195.802854,481,12464.636332
337.567125,188,12466.701937
1280.956064,384,12470.809754
2737.846251,759,12481.071934
1253.780018,436,12489.650027
3952.158414,1000,12503.877443
101.711567,148,12505.440911
1038.545606,371,12509.551062
2520.826603,679,12519.687075
243.874151,119,12521.213791
3337.829026,1000,12535.263232
400.106852,256,12537.876458
1782.897311,548,12547.049955
4027.363732,994,12559.66923
662.860413,271,12562.27928
3726.373194,1000,12575.791445
2412.140683,1000,12587.651853
1163.659906,370,12591.745148
1823.461442,523,12598.456717
1215.153915,366,12602.083797
2211.126093,632,12611.85067
453.292548,184,12613.894313
2170.232047,612,12623.538901
4032.675414,1000,12636.968192
2121.299118,601,12643.17416
1361.829738,402,12649.371237
3967.906343,1000,12661.587195
1491.560857,434,12666.230128
369.553529,186,12667.828659
415.442621,238,12673.646979
17.517462,48,12674.161481
271.80599,192,12676.216259
1622.870254,464,12680.874878
137.233952,226,12684.742519
1332.493713,450,12689.405906
