#{"env_id": "Walker2d-v2", "t_start": 1521158564.8856883}
r,l,t
-14.955024,12,1.815343
-4.733543,8,1.826436
-14.558746,15,1.846935
-20.095222,20,2.439473
-3.6565,6,2.447707
-11.382964,37,2.489557
-8.949843,19,2.872723
-2.689255,10,2.885928
-2.829888,7,2.895311
-17.140891,12,2.910633
-1.44081,25,3.361424
-4.619665,6,3.369529
-3.785318,7,3.378354
-7.984625,52,3.799602
-1.792934,7,3.807642
-20.212378,19,4.191426
55.910335,183,5.488055
-17.993072,35,5.890373
89.720694,158,7.15973
-23.499212,79,7.975501
2.685386,143,9.23094
0.705594,10,9.242797
-8.441312,21,9.265381
-10.339559,105,10.11586
122.521554,178,12.527373
83.019831,198,14.201763
129.811346,244,16.317705
-3.389683,6,16.326759
75.989007,187,18.077487
425.540395,302,21.288387
129.573,243,23.375383
18.116603,43,23.426461
262.04831,381,26.768485
74.985324,188,28.438273
43.133392,176,30.413417
274.237481,418,34.177064
189.136707,303,36.696974
383.219086,1000,45.782032
86.013935,201,51.11792
70.687834,183,52.427358
999.751954,1000,61.987924
12.068706,134,63.234722
108.402805,229,65.313477
-6.590737,79,65.763704
-62.050944,136,67.010297
-11.515733,84,67.830808
-22.659849,79,68.281689
-35.59155,85,69.411473
-26.066298,80,70.221099
85.957004,104,71.061779
-4.454685,73,71.506373
52.09433,241,73.585334
-51.340016,90,74.419902
-41.601023,121,75.285454
-9.17322,67,75.722437
-45.37512,103,76.95168
-24.361861,127,78.208818
346.764756,278,80.754741
94.831743,213,82.498038
-37.85617,116,83.383676
322.76432,253,85.536365
9.516031,234,88.445939
278.279646,156,89.740131
444.610865,453,93.611672
115.057486,233,97.018786
3.89807,99,97.881633
338.770208,215,99.610386
231.522171,395,103.020467
103.476009,211,104.751821
308.274863,185,107.121464
377.803503,265,109.299389
69.785112,160,110.592185
79.099279,176,112.29073
337.812143,216,114.010371
285.359813,168,116.570428
77.650878,167,117.88145
332.179065,430,121.724427
975.751024,1000,132.734799
7.483297,94,133.225046
35.012295,156,134.878678
370.24941,434,138.747447
623.741431,1000,147.724118
-9.579525,99,148.588851
7.300509,136,149.843917
7.981144,105,150.714023
30.807567,169,152.011954
-0.98185,161,154.445924
226.243122,148,155.703708
349.756224,321,158.272632
245.896647,143,159.529948
213.081954,129,160.401582
209.007815,137,161.64661
34.725772,98,163.137467
314.338007,212,164.833124
227.868486,146,166.095427
300.502531,202,167.773466
51.275736,265,170.270758
-24.613017,134,171.150721
263.979524,149,173.011523
98.569927,349,175.960421
275.799211,189,177.637763
3.426867,69,178.076597
12.774787,98,178.915318
289.411389,261,182.064859
243.08575,164,183.340384
957.338787,1000,195.371839
397.829088,276,197.603228
963.597196,1000,206.683393
192.342394,115,207.902522
239.819741,136,208.788637
401.743763,278,213.972443
5.429153,85,214.799916
283.859279,383,217.773667
25.10807,125,219.016958
283.829443,169,220.303737
209.960162,150,221.572237
692.866859,617,227.552325
504.259501,556,233.242469
244.955925,145,234.48631
343.671252,183,235.784367
791.71921,764,243.452389
433.356779,371,246.420368
905.207417,1000,255.806722
1100.857938,989,267.274109
564.86731,539,273.273706
238.581685,148,274.171451
131.15668,260,276.660401
445.592265,363,279.614025
1053.332906,1000,290.008051
392.745785,350,294.559768
792.044216,1000,304.722405
476.561719,472,308.532773
342.231448,332,312.718263
370.289225,407,316.079007
498.20991,407,319.440769
305.124516,206,322.383348
546.407937,1000,333.485663
257.610649,190,335.172399
95.287415,234,337.259066
926.09916,1000,349.263713
785.275124,1000,360.58147
744.209127,1000,369.373854
529.166776,573,374.59692
294.812212,171,376.237269
444.316828,339,379.251036
308.228661,186,380.550997
401.86705,277,384.375666
510.131642,412,387.732281
519.79452,453,391.515449
505.634916,1000,402.420242
239.246708,197,406.482331
264.398527,196,408.151464
977.812511,1000,417.198803
388.395695,418,420.56968
813.917143,1000,431.920284
190.716899,169,433.564773
631.070208,533,439.289423
253.633305,251,441.381593
-12.116069,82,442.199195
463.190351,1000,454.30749
608.312919,1000,463.381846
1003.413997,1000,472.574045
-18.040754,77,473.38999
754.989339,641,479.029512
394.515172,207,481.071979
127.266549,320,487.261353
548.502708,1000,497.021732
1029.555259,1000,509.081495
110.293166,88,509.90744
613.170199,415,513.275818
112.265744,370,516.263693
916.380675,1000,527.453107
373.895242,485,533.578456
392.131153,313,536.127724
303.252323,232,538.224337
326.986867,214,541.277435
26.787547,169,542.924051
250.953444,151,544.193533
129.897472,458,547.993854
145.391634,92,550.076973
931.180297,1000,560.410326
313.963217,221,562.1183
4.145839,128,563.350935
213.756536,408,566.714664
822.938899,1000,578.191475
843.539264,1000,590.309128
514.410499,1000,599.531278
-16.169438,96,600.361991
871.223715,1000,612.656503
404.094444,276,618.581327
944.868368,1000,629.803625
8.117408,152,631.081638
998.229531,1000,643.044017
198.75174,310,645.651311
97.595673,293,648.231282
85.119771,237,652.390399
-35.140428,177,654.072529
146.977192,291,656.274692
389.026073,300,658.824245
94.278533,232,662.004481
766.011881,1000,673.480356
58.765061,237,675.598471
49.432993,135,676.852703
37.369833,179,678.177631
127.765977,272,680.694916
573.120287,472,685.440099
18.667046,120,686.297624
209.154212,466,693.488272
851.255356,1000,705.625987
260.124532,191,707.291762
42.41898,229,709.004343
145.949828,435,712.760733
389.490698,269,717.610399
197.298592,332,720.5296
633.278805,482,724.333679
97.832511,289,730.559818
189.284673,382,733.898399
984.869071,1000,745.564515
477.918784,797,754.99213
221.087693,1000,766.856674
658.104351,536,771.473904
21.915343,637,779.529497
262.945965,337,782.471663
386.437113,614,790.876469
1001.540115,1000,802.960995
87.254566,296,805.482437
914.192769,757,813.999435
72.296403,83,814.832911
525.634522,331,819.057289
849.987176,598,824.12623
451.922863,284,826.280384
3.057546,423,831.401831
841.745584,1000,842.594994
100.19788,224,844.32245
862.626474,1000,855.490008
892.310468,1000,865.571483
986.140645,1000,875.879937
523.384985,462,879.679673
1018.192177,1000,890.100728
1071.229112,1000,901.214953
95.450535,205,906.00992
1001.131517,1000,917.286445
731.609065,933,928.060432
519.564047,450,931.845361
1154.793584,1000,942.46337
181.476968,166,944.103744
384.852545,199,945.779859
135.002705,85,948.649523
291.566206,195,950.328617
1032.228135,705,956.316872
667.415113,646,964.241349
33.495176,168,965.903424
331.370948,1000,977.150603
127.086987,94,977.618436
1046.256728,1000,989.451901
1141.971922,1000,1001.107129
966.199487,1000,1013.075413
906.409091,1000,1025.434413
234.333957,176,1029.990121
1015.730281,1000,1041.657805
1308.379546,1000,1053.74575
318.28464,194,1055.425336
952.660392,1000,1065.894532
812.946477,1000,1078.024195
1003.30554,1000,1089.03452
1074.840131,1000,1099.254745
1019.225623,1000,1111.449095
986.237266,1000,1122.43702
558.323748,1000,1133.981298
991.136972,1000,1145.759946
-5.043006,91,1146.59147
835.726936,1000,1157.737937
344.230896,471,1161.541744
167.732121,118,1162.406632
720.131816,448,1169.957431
963.062408,1000,1181.655504
847.498431,1000,1193.293003
353.73271,374,1196.643121
833.941102,1000,1208.178689
489.051805,306,1211.996016
998.728111,1000,1223.767868
354.100508,185,1225.427687
815.283683,1000,1237.589444
571.57218,366,1240.539707
339.793596,259,1242.642724
1487.014212,1000,1254.758465
1139.681109,1000,1265.498654
797.557915,1000,1276.165015
493.963078,226,1280.549684
477.605345,401,1283.906342
567.305128,482,1287.705398
614.858245,496,1295.203906
427.822499,404,1298.551465
934.588471,1000,1310.602418
1271.556506,1000,1322.766121
886.056616,1000,1333.226801
1544.751807,1000,1343.838192
1421.73352,1000,1355.970062
257.638319,465,1363.349374
997.523839,619,1368.405714
907.614381,1000,1379.436746
982.105355,1000,1389.886738
640.821914,368,1394.559695
674.817493,428,1398.308228
908.503324,495,1405.097717
120.860718,107,1405.95338
85.667709,181,1407.616967
977.319284,1000,1417.588193
114.924208,269,1419.712302
802.085643,1000,1429.332549
866.816894,1000,1440.350553
1.677819,140,1441.601978
1498.21209,954,1453.287497
239.684471,196,1455.812797
592.707731,427,1459.311709
691.856285,460,1463.481108
1023.038545,1000,1473.375443
302.850892,328,1477.473304
432.733609,501,1481.686323
1262.276015,1000,1490.747772
889.050906,526,1497.381691
444.022118,283,1499.517345
1191.178601,1000,1510.435541
269.477958,166,1512.071516
588.800274,378,1516.50545
135.536819,84,1517.327427
165.280381,104,1518.165415
206.151652,126,1519.027217
142.565847,293,1521.541874
485.409935,398,1526.641711
210.20692,115,1527.864029
895.079619,1000,1537.247731
439.859387,242,1538.981609
132.798675,340,1541.921488
686.007848,557,1547.926737
611.544494,339,1550.850934
9.373708,20,1551.237577
919.56749,490,1558.73878
1409.264919,1000,1570.837488
749.92321,1000,1582.188393
8.020084,28,1582.587471
721.934479,368,1585.550865
345.503714,274,1588.046251
869.403375,1000,1599.090994
520.613362,434,1604.685381
414.554914,363,1607.994905
948.43067,1000,1619.618925
1057.948778,1000,1629.406903
54.251979,393,1636.104356
1012.318994,1000,1646.026571
47.797968,162,1647.297449
1122.20726,1000,1657.326007
981.126802,1000,1668.596285
879.395552,1000,1679.771549
38.343535,397,1683.198489
1171.73781,1000,1694.829808
1571.779115,1000,1705.049233
148.087684,112,1705.930605
589.355765,1000,1716.524713
1255.642135,1000,1725.834516
856.638102,1000,1735.893682
112.20104,171,1737.229414
831.661979,576,1743.929853
1084.72653,1000,1755.085526
1200.503215,1000,1765.938513
848.512916,1000,1777.452912
990.422254,625,1785.81874
59.673545,68,1786.623448
1035.385658,1000,1798.967046
1152.196224,1000,1811.12055
279.290246,188,1812.437826
1080.995583,1000,1824.492929
482.527256,227,1826.581754
1660.844926,1000,1836.842449
929.01651,714,1844.95581
1230.423312,1000,1856.17172
813.95314,1000,1867.205775
607.138848,324,1870.117426
127.652788,279,1872.256369
234.975446,106,1876.552071
1203.325883,1000,1888.459055
1315.567829,1000,1899.642611
628.48683,445,1903.423632
1387.840713,1000,1915.537255
1607.097801,1000,1925.20928
215.938996,145,1926.463778
631.154978,351,1929.390846
520.754546,611,1936.655539
1519.562637,1000,1947.201595
562.968018,230,1948.914822
557.782908,335,1954.113074
869.09816,791,1960.837277
1147.949977,586,1968.813425
247.661938,315,1971.719965
490.525501,243,1977.029733
497.97703,259,1979.137331
788.117081,351,1982.0716
200.503851,230,1983.784435
485.920313,299,1990.071712
746.188044,568,1995.089248
520.503745,357,1999.809409
768.062818,499,2004.104566
51.340872,71,2004.570815
66.014686,160,2005.860454
649.604731,292,2009.893737
821.28143,1000,2021.257422
421.369468,345,2024.195962
476.918111,344,2027.147835
362.334863,167,2032.179219
411.338258,245,2034.298627
669.688193,1000,2045.16978
1909.960429,1000,2057.395601
748.139395,638,2062.871398
1259.963335,1000,2074.844444
478.652576,457,2082.419333
720.057122,433,2086.188618
361.715042,272,2092.123963
669.426408,753,2098.43364
82.764983,233,2103.548844
421.816681,1000,2115.63607
74.015504,358,2118.575482
-21.258794,96,2119.410877
14.975305,220,2121.10932
-92.838985,450,2128.348655
-3.479342,622,2133.810282
923.702923,1000,2146.082752
1032.712941,1000,2158.140441
108.098712,490,2164.522073
812.356114,438,2167.932556
703.789268,356,2173.925936
133.260091,381,2176.969815
1583.935673,1000,2187.030475
577.913164,282,2189.540892
715.553229,448,2194.744002
760.215401,1000,2204.470473
596.572436,427,2207.85989
86.615127,202,2209.544392
-73.232594,995,2221.200312
744.870581,653,2228.419837
738.170505,498,2232.615923
1208.40364,602,2239.325413
436.796426,224,2241.403477
475.805557,198,2245.715024
441.843388,198,2247.389896
474.81413,235,2249.101359
114.468572,67,2249.903042
1167.980171,476,2253.712921
729.058322,499,2259.006737
469.494421,255,2261.115373
558.55649,380,2265.963618
624.372148,306,2268.48702
1139.97398,1000,2279.567401
204.252942,1000,2289.053731
23.245412,95,2289.885211
321.827707,267,2291.994778
61.264394,277,2295.341864
-41.026393,135,2296.585439
228.660157,113,2297.441716
2320.84518,993,2308.421856
917.01578,406,2311.88258
902.573641,415,2319.187817
101.839813,293,2321.760925
574.154565,243,2323.900647
1078.747745,485,2329.838018
1877.506276,1000,2340.622398
877.673909,400,2344.053601
1893.004797,1000,2353.662719
11.288759,45,2353.719474
386.816709,183,2355.423794
-2.793684,125,2356.733755
1022.951938,387,2361.63124
427.572094,226,2363.718785
1092.909147,503,2371.118907
-43.479485,95,2371.961502
-4.688409,96,2372.797666
1048.069908,448,2376.591114
299.072594,146,2377.847639
1112.450249,441,2382.992326
936.801289,1000,2393.804886
2026.506876,1000,2404.405566
501.201597,1000,2415.710426
308.530691,144,2416.957929
468.312534,317,2419.85339
817.461909,375,2423.77635
416.646111,189,2425.451474
881.540616,350,2428.391118
100.024856,189,2430.075695
1256.002148,1000,2439.884238
269.505218,234,2443.145334
376.751267,186,2444.825712
558.436085,206,2446.523488
676.052658,283,2449.048559
483.539156,221,2450.754672
630.615301,255,2454.700695
880.0697,361,2458.031632
155.085593,262,2460.154358
643.157188,290,2463.238484
641.180253,247,2465.348938
501.898263,285,2467.513583
608.323828,253,2469.612665
530.851926,206,2472.986313
441.530592,280,2475.129411
299.872252,134,2476.372466
447.8983,192,2478.04523
280.171411,132,2478.922477
9.310092,132,2480.167794
478.561885,280,2484.773084
401.884604,156,2486.041313
297.768438,136,2486.920846
201.690836,114,2488.133611
1070.342132,1000,2497.481288
1320.323542,723,2506.9403
604.291077,328,2509.851075
191.732195,164,2511.121453
1390.572531,1000,2521.077639
384.482627,205,2523.819801
57.954217,70,2524.265454
352.221511,163,2525.914786
623.407297,402,2529.291826
260.811455,131,2530.160432
444.291627,219,2533.368335
138.110734,120,2534.227707
455.456446,232,2536.309096
861.153032,616,2542.681479
206.744067,133,2543.914428
62.416956,62,2544.349329
409.535667,212,2546.042224
350.937194,176,2547.687811
38.436979,52,2548.10943
326.357459,190,2549.771719
821.338225,631,2555.872664
5.995082,112,2556.725716
1103.686628,436,2562.460044
448.060623,222,2564.539637
1080.22914,507,2568.769238
892.910931,351,2573.465878
2285.427913,1000,2585.270079
1160.164848,479,2589.081564
785.235812,311,2591.967691
825.394336,321,2595.994676
1235.971825,462,2599.785852
1389.741263,543,2607.468081
854.708951,336,2610.389834
1021.534078,365,2613.337728
346.881763,149,2615.849111
553.609587,256,2617.957848
689.944738,326,2620.883182
663.207895,290,2623.402339
1507.122213,622,2630.040856
1712.484762,812,2637.431672
947.228781,554,2642.060809
55.167436,68,2644.322579
1342.692587,510,2648.552041
76.747132,197,2650.233678
928.780212,1000,2660.167669
2094.454059,1000,2670.407652
695.456392,402,2675.706779
1051.441384,1000,2686.763811
1447.254785,478,2690.573662
977.36847,395,2693.946611
97.461842,178,2699.460978
2001.057046,776,2705.809293
1442.260763,612,2715.058938
688.812473,318,2717.708392
1410.356845,471,2723.721173
598.243871,489,2727.930829
1324.993745,486,2735.760925
995.134094,383,2739.127912
809.63402,356,2745.933978
2366.403723,1000,2758.246965
706.935014,304,2760.780066
2965.358045,1000,2770.490024
828.991233,345,2773.448825
2156.752833,1000,2785.776867
585.356239,236,2787.510589
2798.148685,850,2797.752723
1010.432928,368,2803.683474
1588.575302,576,2808.352328
1474.365917,605,2814.875758
772.122492,277,2817.388349
807.782553,305,2819.932911
870.777796,302,2825.06388
529.644303,476,2829.23064
940.092146,434,2835.441849
920.692289,349,2838.385692
715.78906,296,2840.897497
646.85201,287,2845.779186
65.776437,286,2848.280977
696.268771,320,2850.826488
1567.891836,566,2857.066408
2625.303564,866,2865.980848
2295.568038,895,2875.208689
991.411478,348,2877.789595
482.417502,214,2879.846585
623.952787,274,2881.971211
1373.126365,521,2888.311501
1371.800135,507,2892.527665
1088.403834,389,2897.503137
1214.632022,511,2901.70456
629.162311,241,2905.174857
660.239243,305,2907.713276
521.019892,200,2909.386132
2365.407056,1000,2919.332235
373.825583,173,2920.62721
518.265626,249,2922.722114
1275.72149,552,2928.449454
916.127189,345,2931.381627
1333.933174,452,2936.577766
744.59989,316,2939.114717
611.258008,253,2941.587839
67.858794,117,2942.448791
859.043479,1000,2952.783852
733.286063,322,2957.128816
750.297412,295,2959.656499
45.006228,45,2960.075195
757.827101,291,2962.607402
108.783374,253,2966.732029
179.579592,158,2967.99781
37.232221,49,2968.419112
-30.988626,208,2970.103919
688.419246,293,2972.629304
1403.081353,515,2978.357734
2753.458706,1000,2988.487447
457.349669,205,2990.531275
467.835691,192,2991.852582
473.653212,207,2995.146353
2372.369256,1000,3004.994967
578.015769,247,3006.73286
664.094553,282,3009.239383
685.76296,280,3011.753429
665.54881,247,3015.226454
584.498966,237,3016.96078
852.31792,425,3020.727461
1283.391012,431,3025.841779
548.668849,219,3027.554382
517.623226,242,3029.648933
1471.055694,631,3036.361409
393.25173,246,3038.458845
590.85266,309,3041.005322
1185.083352,443,3046.749622
11.623935,22,3047.138973
2932.797113,1000,3057.026838
957.971893,377,3059.997722
1392.132665,534,3067.397918
692.576579,286,3069.909971
676.979182,272,3072.047407
1077.689556,373,3076.967915
260.391179,128,3077.878126
615.377473,253,3079.985596
-22.677692,237,3082.068822
1452.775361,516,3087.846189
512.292979,274,3090.334452
1202.183164,462,3094.134356
549.977986,348,3098.419899
254.96248,127,3099.29138
656.519176,303,3102.186801
412.277846,365,3106.492311
1857.395627,728,3112.388731
621.633079,321,3116.851405
557.263021,307,3119.377716
718.752498,347,3122.312458
662.721514,276,3126.462584
57.845631,245,3128.555455
849.770059,300,3131.070601
202.338717,143,3132.321281
781.725587,266,3136.512508
862.385627,298,3138.666632
603.569555,229,3140.742599
1293.353731,445,3146.15313
921.66821,327,3148.721681
1034.850592,355,3152.029251
719.798321,291,3154.175619
947.137362,403,3158.752637
716.515863,261,3161.227234
388.673758,191,3162.897378
1023.49082,368,3166.921396
906.891436,371,3169.865602
155.582365,378,3173.197253
576.81922,240,3176.622305
631.412892,248,3178.708407
948.50296,374,3181.665697
946.874051,420,3186.501986
864.364944,285,3188.991649
563.478468,211,3190.68564
1192.306694,402,3195.464638
1141.955044,393,3198.816201
14.246582,29,3199.216327
774.378293,284,3201.706447
596.423709,245,3205.418686
550.254148,240,3207.51056
596.498575,257,3209.61172
769.160233,297,3212.116828
458.893314,213,3216.130002
732.559079,255,3218.230367
579.064819,221,3219.94131
454.302793,204,3221.632626
530.563051,215,3225.109552
614.937033,233,3226.833546
924.94104,301,3229.363704
1607.012167,564,3235.76766
1120.666359,1000,3247.258749
885.27974,336,3250.200919
651.908267,288,3252.717307
1073.369056,549,3259.30103
106.253653,105,3260.152916
742.319336,299,3262.682595
777.901628,309,3265.220391
1040.093079,352,3269.836819
485.878036,215,3271.903723
915.857333,320,3274.448431
729.03819,335,3279.167125
81.991496,74,3279.61733
1067.956426,415,3283.017794
866.547781,344,3288.021723
89.81663,54,3288.450639
569.630113,237,3290.535827
69.881142,92,3291.369526
849.513867,300,3293.89913
959.802652,356,3298.533546
378.171891,166,3299.811437
917.61436,382,3303.163549
887.09373,338,3306.097888
727.971901,304,3310.112699
773.994933,318,3312.665351
592.595109,263,3314.785714
905.718517,360,3319.260784
315.753347,203,3320.951939
1458.298973,596,3328.529704
474.362407,279,3330.680627
793.303339,318,3333.601712
755.627651,316,3336.152383
904.519644,340,3340.674968
503.982943,230,3342.407372
316.589969,143,3343.673904
2984.911815,1000,3354.227045
507.587566,244,3356.34037
651.721407,257,3360.052337
745.140522,259,3362.164608
572.891057,259,3364.643296
816.773202,302,3367.18491
1577.346734,657,3374.435951
1131.344842,453,3380.345223
1860.944771,652,3385.823409
742.044814,325,3390.627369
1109.4447,408,3394.375663
1074.906416,315,3396.909941
423.260076,185,3398.577309
527.963404,238,3401.927378
1661.991142,588,3406.973883
1401.263328,591,3413.359007
998.625744,1000,3423.318547
31.855866,287,3425.822275
1026.219569,1000,3435.744547
867.667674,315,3438.382466
759.730637,333,3442.982419
510.772044,242,3444.71129
461.702987,200,3446.39564
1690.626309,606,3453.472574
616.397407,349,3456.052686
50.123641,48,3456.473378
78.398965,76,3457.284595
434.225718,206,3462.649412
909.951323,356,3465.593701
1105.995235,363,3468.545675
1588.169986,1000,3479.216454
2976.092071,1000,3490.410723
860.463595,355,3495.547778
554.307587,243,3497.287513
325.962636,180,3498.94566
669.340413,245,3501.036866
1013.2152,391,3506.309754
698.374214,504,3510.516738
380.987633,218,3512.22628
731.211913,295,3516.059708
342.527454,181,3517.721468
253.897762,133,3518.601636
1278.783928,461,3522.767468
357.947581,180,3526.21823
1088.206447,355,3529.21278
893.797487,345,3532.220729
1206.061706,448,3537.675328
411.590381,188,3539.374051
569.989113,254,3541.53445
784.971514,304,3545.934786
1408.660355,469,3549.807434
306.942867,149,3551.079689
220.590977,251,3553.250687
353.719187,178,3557.084659
919.110061,365,3560.105253
271.478687,137,3561.397424
1041.347712,1000,3571.106668
1899.66377,618,3579.157007
597.858766,242,3581.31384
1309.823262,563,3588.555804
889.257211,328,3591.166605
2687.068302,1000,3601.374634
319.180409,161,3602.653257
896.991707,444,3606.433699
38.53456,267,3611.572412
22.681558,253,3613.699865
1004.707485,390,3616.736782
2892.65195,858,3626.011036
441.150339,214,3627.708483
830.455807,327,3631.593698
1103.764561,410,3635.339344
-17.595489,78,3635.79391
2815.814317,1000,3646.574933
742.952027,341,3651.114319
547.36106,377,3654.086932
1285.870835,485,3658.295393
942.002719,411,3663.419945
1937.503184,694,3672.41741
119.523912,320,3675.336471
3198.450242,887,3686.572638
9.011674,246,3688.675269
526.039064,337,3691.609369
561.871291,336,3696.408906
132.650411,179,3697.70437
1089.19529,410,3701.454982
790.651822,290,3706.571685
2710.589434,925,3714.541988
36.752582,75,3718.016527
1603.901871,685,3723.89901
2329.415118,1000,3734.597409
148.85264,101,3735.444723
67.16699,243,3739.277799
2313.949353,994,3749.143243
403.332789,190,3750.810439
3.797584,134,3751.690716
1960.570206,1000,3762.771631
2109.690524,769,3772.551961
2039.509373,1000,3782.643495
531.173116,267,3784.778636
32.196884,90,3785.618044
-73.492346,231,3787.335702
707.805774,252,3789.442626
1754.2391,571,3797.989285
2175.182353,702,3807.864892
1290.73542,452,3811.633753
468.786273,241,3813.73686
965.807229,451,3820.958335
948.195434,1000,3832.365319
801.135589,312,3834.900211
1201.959195,447,3840.339499
506.249091,231,3842.422092
927.636034,433,3845.817127
1581.154385,602,3852.61126
795.560393,353,3855.575606
422.723763,197,3857.258825
1720.9895,598,3864.375894
50.083988,79,3865.192888
621.695841,323,3867.749333
765.342042,333,3872.763735
1961.814627,606,3877.831968
2637.742788,1000,3888.595447
549.723156,221,3892.286304
1584.181692,569,3896.943468
1253.119373,568,3904.502467
812.812411,360,3907.482978
657.663397,388,3913.338897
1218.310245,505,3917.566044
1281.004992,520,3923.598731
2472.138016,915,3931.210546
-7.685329,103,3934.682399
2001.02484,664,3940.164848
501.419402,226,3942.255407
2039.903616,1000,3953.841687
402.332235,204,3958.972708
578.364667,243,3961.075319
2871.053254,1000,3971.900235
1316.333381,460,3975.696758
1766.580134,683,3985.473341
525.828758,263,3987.594615
829.968076,379,3992.751761
2117.364772,813,4001.097639
1158.095092,721,4007.01736
592.069016,246,4009.118737
320.285597,149,4011.614631
538.955502,313,4014.159812
994.208923,373,4017.49442
785.814285,512,4024.500945
440.811548,211,4026.199633
841.365101,389,4029.547319
42.160164,56,4029.974817
577.829841,266,4033.979497
2584.457975,1000,4046.190217
1924.294661,727,4052.079623
813.204645,333,4057.797428
2717.850128,1000,4069.398822
851.599223,316,4071.932804
1342.609061,466,4079.698822
2993.51249,1000,4091.702645
753.907028,347,4094.634057
2287.076386,1000,4106.477738
1709.578472,736,4115.690729
2122.198677,1000,4127.411866
2917.470563,1000,4138.559739
2702.686377,1000,4150.537311
2166.621459,727,4156.901296
760.143592,292,4161.184795
3066.887297,1000,4172.076446
534.027333,278,4174.579671
853.923066,305,4177.115646
551.738693,1000,4188.668978
894.484498,340,4195.046419
2160.586931,1000,4206.971976
1827.70913,980,4218.116629
1408.471977,518,4222.719677
2822.771882,1000,4234.668373
-31.12483,123,4235.546822
1980.564357,643,4243.285889
54.054475,158,4244.572741
2117.36268,632,4253.604395
147.059866,253,4255.708414
4.544391,101,4256.559485
1419.624366,479,4263.464485
2188.907549,1000,4275.937969
970.651535,1000,4288.180054
687.119202,383,4291.166583
1960.911368,973,4303.534379
846.828563,337,4306.087039
476.333911,257,4308.571957
418.579759,240,4312.484943
732.990157,290,4315.001309
53.8775,100,4315.837703
2850.600817,910,4326.317733
1300.570193,683,4335.024508
384.662061,204,4336.747813
1535.285109,569,4341.797873
78.392349,95,4345.067496
3158.622095,1000,4356.201336
414.750709,175,4357.851416
607.039693,311,4360.372868
855.89284,352,4363.307844
2162.733427,830,4373.241454
2655.384079,1000,4384.946944
1031.242597,423,4391.006467
2404.390928,1000,4401.864671
1397.786358,641,4407.328393
2043.234576,726,4417.380411
-10.802033,90,4417.85133
1607.081123,577,4424.87078
522.456249,242,4426.959806
-36.619707,128,4427.835714
2674.885055,816,4436.607908
604.043268,297,4439.117357
33.114448,163,4440.40696
753.100313,374,4445.010669
762.07601,400,4448.364478
1494.964474,543,4454.619848
9.498292,78,4455.433685
584.947789,340,4458.360885
668.579237,335,4460.924432
1654.782694,551,4468.994617
909.169682,1000,4479.322356
2450.024128,985,4490.390564
1396.577763,652,4499.692735
728.65751,299,4502.207332
537.850632,220,4503.90325
201.954554,153,4505.155559
3209.092169,1000,4517.459648
2323.73908,847,4528.9467
1711.294013,1000,4539.473727
1054.870038,425,4546.793783
0.928847,96,4547.66236
51.574867,75,4548.111652
597.632457,291,4550.690646
405.983922,348,4553.686431
466.182365,500,4560.919241
925.298756,1000,4573.70753
558.88964,285,4576.24194
1059.041046,1000,4586.441511
-6.806632,94,4587.280723
1721.153635,1000,4597.895464
1109.594963,426,4604.496633
57.481693,115,4605.348358
1872.331977,1000,4616.138772
37.383221,136,4617.385757
685.537835,298,4619.906462
1822.685209,664,4626.704782
2377.085876,745,4635.969497
1394.401051,492,4640.165946
1709.228191,560,4648.081678
49.425628,86,4648.905684
2581.4264,1000,4660.493434
1291.16146,424,4664.250451
1481.581242,486,4671.664837
1021.70572,369,4674.982781
1415.157734,455,4678.764823
-81.369113,163,4680.923717
3038.210317,1000,4691.112329
17.030297,89,4691.938125
479.001979,281,4694.082712
74.391856,100,4694.928689
45.100629,180,4696.622593
667.740227,582,4702.712749
1263.456922,526,4706.930821
408.157106,183,4710.121428
23.369546,110,4710.967307
578.079664,287,4713.466495
3110.890686,1000,4723.327368
745.990102,300,4725.863803
41.296457,127,4726.736898
8.00656,79,4727.553909
31.757266,85,4729.422983
776.991983,409,4732.793664
464.233297,274,4734.928715
17.871266,115,4736.15635
465.253284,219,4740.127664
1325.76145,480,4744.31703
3.780656,88,4744.78466
4.30838,75,4745.600232
271.063211,175,4746.888431
6.756129,78,4747.707907
2330.557784,1000,4758.374727
58.104412,215,4760.985466
682.324042,296,4763.506688
941.309656,346,4766.450566
511.176448,244,4770.335902
553.250325,300,4772.861664
369.433659,178,4774.150782
-5.193737,164,4775.791514
2215.257534,1000,4788.079504
-9.598876,199,4789.762439
1343.354461,425,4795.386387
639.8813,1000,4805.270324
42.632636,139,4806.52257
3160.653975,945,4816.692516
1122.763249,404,4820.067654
16.791009,145,4821.32939
2753.365086,1000,4832.175428
524.080422,210,4837.16556
3254.579625,1000,4847.389905
824.672349,345,4850.34334
982.549169,377,4853.686079
957.034609,354,4858.88646
1302.559713,470,4862.691724
3467.222865,1000,4873.595366
3375.257118,1000,4883.617285
1539.545821,579,4890.898793
344.067858,178,4892.18969
3238.130881,1000,4903.466744
550.005987,263,4905.575222
959.363196,349,4912.257662
940.247064,399,4915.633702
1515.250904,628,4925.107355
980.466145,341,4928.03713
2922.523359,1000,4940.237217
96.218657,446,4944.002781
2620.272202,1000,4956.52464
551.275513,241,4961.521339
747.171646,346,4964.457477
2524.062067,840,4975.588006
2261.918733,727,4984.919817
1618.716721,531,4989.144358
464.516251,206,4990.833629
78.889849,167,4992.486713
-30.556991,162,4997.824612
-26.275558,136,4999.065905
443.500669,396,5002.417091
422.393193,499,5009.694843
2850.175536,1000,5022.281811
447.623579,226,5024.003665
1190.391975,402,5027.360685
602.443233,257,5033.542112
3132.087074,1000,5045.165491
1414.581034,448,5048.940385
889.610669,322,5051.854356
24.163962,34,5051.89276
678.363445,1000,5063.621523
1939.68916,636,5073.150031
3075.733239,1000,5084.021725
1902.76045,641,5091.708931
274.362005,169,5093.002667
985.736674,348,5095.937766
3249.143426,1000,5107.799918
1708.798864,496,5114.683726
1404.157785,536,5119.269833
536.373263,228,5121.341469
1186.211784,399,5127.760065
857.414331,319,5130.303749
1141.403791,388,5135.751333
83.656247,60,5136.185677
2887.50013,863,5143.358387
1600.854165,518,5149.987166
1837.712422,650,5156.491236
657.770664,270,5158.98441
554.297577,290,5161.490896
531.079487,236,5163.217721
330.572515,180,5166.511747
1178.456722,481,5170.685455
2002.062642,585,5177.149306
1106.709189,471,5181.328762
642.167424,246,5183.426001
1353.502925,460,5189.446141
540.378076,242,5191.550953
40.692037,50,5191.969224
1245.811468,407,5199.524653
42.563576,57,5199.958703
977.465405,1000,5211.632088
540.941199,248,5213.775718
580.006176,252,5215.926335
515.172527,245,5218.075058
1767.019307,633,5227.213447
357.476463,202,5228.911602
934.232153,353,5234.511393
1751.448428,558,5239.278466
30.175847,41,5239.698972
583.286022,268,5241.843709
23.290813,36,5242.247637
35.32259,255,5246.03852
1124.626642,406,5249.399229
100.955625,154,5250.668947
258.761442,177,5252.326915
20.560005,35,5252.366549
892.139655,412,5259.048811
3289.164512,1000,5269.868345
1404.884,511,5274.458708
616.01667,264,5278.793235
867.220294,306,5281.30987
582.54797,237,5283.391931
760.556966,347,5290.507234
130.442945,401,5293.892498
465.682259,255,5296.001453
698.842036,301,5298.530723
235.197357,166,5301.775665
556.550778,238,5303.875111
3319.173614,1000,5315.52078
709.103453,352,5318.48135
2622.720751,791,5327.362498
1073.719292,381,5330.355427
1485.881506,598,5338.29965
3356.518471,974,5350.08184
931.714355,329,5352.696638
401.451886,208,5358.287838
16.873701,30,5358.324407
453.22392,215,5360.440779
1155.516481,403,5363.880958
739.503443,463,5369.942471
710.231666,331,5372.573107
532.71105,318,5375.547695
3283.856615,1000,5387.669499
596.520473,296,5392.411328
534.846018,227,5394.18048
732.069747,253,5396.329708
503.463907,184,5398.014675
883.77616,305,5402.118017
2379.452545,743,5408.591666
3009.646365,1000,5421.373448
802.055502,399,5427.57342
393.32276,165,5428.849955
547.420885,212,5430.904749
2628.925287,975,5442.002862
870.06179,364,5444.960788
1241.29603,436,5450.898435
628.049422,242,5452.987774
1479.068495,461,5459.600622
211.318833,102,5460.453938
2110.527965,661,5465.926934
527.742135,237,5471.061592
3085.899512,1000,5483.130094
147.757388,201,5484.815648
556.224025,239,5486.924466
27.146049,105,5487.778099
3068.340594,1000,5499.299095
1561.539583,553,5507.547697
2532.187003,709,5513.424263
444.250601,185,5517.864914
2846.945265,856,5525.037586
2650.326837,1000,5536.614082
327.725737,174,5541.799411
2868.656302,1000,5552.705732
455.196109,272,5554.836425
1646.597704,524,5559.052346
2044.413229,675,5566.584614
393.418389,210,5568.27669
422.223063,217,5569.970679
1453.400742,544,5577.182514
1781.086279,566,5583.837784
609.49593,309,5586.37193
426.510848,187,5588.044472
2806.808723,1000,5599.729853
12.646949,22,5599.755589
679.215238,294,5602.328736
2978.233858,1000,5612.157857
641.744048,318,5618.007843
339.580773,195,5619.721915
2199.894889,749,5629.927431
790.715561,456,5633.803208
505.807732,196,5635.532435
861.69835,293,5640.286936
1625.186546,553,5644.991709
56.838013,63,5645.450342
2227.712809,857,5656.985929
3434.410828,1000,5669.707784
2986.317947,1000,5682.27855
3173.179489,1000,5694.82132
3183.702421,1000,5705.542594
1376.555341,422,5708.942429
73.71492,184,5712.530646
10.812438,24,5712.558168
1877.062917,747,5718.862236
118.195923,298,5724.676842
671.728092,281,5727.184964
3077.086995,1000,5737.429502
1006.045014,393,5740.788868
57.663997,328,5745.422408
712.664713,244,5747.536252
33.676145,226,5749.266456
-46.827181,144,5750.527414
25.745667,37,5750.939016
2851.042078,871,5762.717453
1567.042684,496,5770.370666
997.398133,1000,5783.067841
609.229447,271,5785.567461
94.067284,224,5787.280599
478.781403,182,5788.940067
847.281867,321,5793.065525
2832.946407,1000,5804.93348
2652.557884,1000,5817.350012
1966.280617,586,5822.375618
347.765787,171,5827.608028
2162.682668,1000,5840.144542
920.530605,340,5842.70364
1406.013233,457,5846.471822
1608.473127,1000,5858.101619
1267.592131,467,5866.311908
490.900753,215,5867.998411
3304.547347,1000,5879.673442
32.670176,44,5880.090264
1818.542855,552,5888.458035
2588.989902,1000,5901.082733
462.311891,203,5902.770246
2893.104788,1000,5915.360006
96.263974,175,5917.013469
582.387957,317,5919.565568
36.486837,44,5919.983472
762.737528,425,5925.458706
952.622232,374,5928.808548
693.498684,381,5931.803608
389.261822,189,5935.320364
444.622187,178,5936.96985
366.354602,171,5938.256641
551.4317,283,5940.765774
3221.245835,911,5950.185656
1817.668648,609,5957.048406
484.614502,215,5959.160744
1554.512311,530,5966.569757
647.316226,267,5968.69659
527.764502,249,5970.797831
3092.343839,1000,5980.824618
727.517253,345,5983.778635
1501.9619,1000,5995.038029
232.955707,223,6001.332122
821.014079,345,6004.263786
98.819998,256,6006.382596
-3.275395,171,6007.671485
960.977096,1000,6018.482448
432.701488,190,6024.328679
1906.324926,626,6029.77933
3325.772937,1000,6042.406378
8.401942,151,6043.668959
1160.581411,442,6051.301831
893.312321,314,6054.215444
3673.543413,1000,6064.839658
548.866324,219,6066.547766
762.524114,276,6072.430408
1340.071448,469,6076.236409
2835.768257,837,6087.476653
849.072521,284,6089.620771
2588.863203,1000,6101.753711
1198.036917,443,6107.689389
1837.74255,577,6112.71044
763.346258,321,6119.351587
3203.622451,952,6130.892344
1625.193018,513,6135.474465
2818.326219,893,6145.384588
1323.238323,461,6149.534524
13.772855,26,6149.565321
1444.8706,942,6159.243436
1159.794766,395,6164.364841
2103.647092,595,6169.420908
1728.56254,471,6176.602487
3233.018739,1000,6188.658049
1263.61403,1000,6199.114173
814.114743,347,6202.057635
41.983145,273,6204.541551
719.363078,326,6211.178191
3117.03618,1000,6221.102865
302.987974,204,6222.78939
3617.087024,1000,6234.898074
635.402278,282,6237.40146
1493.516961,509,6245.844888
1802.10691,565,6250.504327
101.374934,198,6254.999014
505.387956,252,6257.121685
906.165743,347,6260.071619
71.895612,167,6261.724664
274.901839,162,6263.005344
1252.288023,413,6270.552413
924.831984,363,6273.527211
142.612232,258,6279.242421
12.347979,23,6279.2713
1658.675296,512,6283.517643
3581.649384,1000,6295.06834
162.918882,297,6297.604342
1816.410621,582,6306.554047
77.996745,229,6308.269419
906.1173,352,6311.235647
541.919617,459,6318.624459
674.409082,258,6320.736698
383.321202,219,6322.456386
3557.230909,1000,6333.22598
78.589998,175,6337.06337
543.057367,225,6338.784735
1825.972029,552,6343.406079
1537.060232,538,6352.231475
113.935794,230,6354.32902
2224.744065,754,6364.875972
3295.525996,1000,6377.382489
23.620371,221,6379.09147
2340.894322,818,6390.016758
3406.966869,1000,6400.503778
1638.242725,601,6408.54969
2264.393355,679,6414.410918
209.070208,225,6416.117717
118.015201,301,6423.245791
773.751117,302,6425.769106
40.425784,222,6427.488837
491.040881,272,6433.543406
305.239707,327,6436.459472
2653.037946,696,6446.526198
3018.8008,1000,6459.110889
3104.698509,1000,6471.838632
2629.755056,1000,6484.463827
2348.474637,1000,6497.06506
1246.503061,427,6500.492944
3389.076528,1000,6513.102796
2722.137367,1000,6524.847863
1450.453074,482,6529.040193
986.908,1000,6540.794504
2273.771444,683,6550.982924
492.771467,225,6552.717171
910.476249,305,6559.305667
898.709658,313,6562.215438
2624.70846,870,6572.60424
3557.617745,1000,6584.869725
1360.980969,748,6593.719715
30.073579,177,6595.027593
476.84783,225,6597.112439
1723.46625,546,6604.255787
1224.059237,361,6607.215482
884.70792,299,6609.741425
960.565394,1000,6621.163278
1360.989353,1000,6633.92843
890.216091,306,6640.708875
33.095947,254,6642.816026
1074.899894,450,6646.630723
1106.93675,598,6656.011837
3512.29606,1000,6668.854802
1197.491672,1000,6680.138546
490.043533,241,6682.242347
447.361694,202,6683.94368
2428.047441,730,6694.262113
3069.736526,1000,6705.871648
1677.069661,567,6714.025611
1804.301416,594,6719.057777
761.046043,379,6726.243533
612.430409,282,6728.381547
798.782371,590,6733.410445
2436.702989,826,6744.021675
556.656263,241,6746.116594
3391.201257,1000,6757.806336
88.813789,234,6763.104894
2204.026314,1000,6775.137809
2343.439133,609,6780.180843
287.940064,168,6786.171694
596.632697,252,6788.285454
110.937419,191,6789.593328
2313.650506,853,6800.915484
6.287747,16,6801.302762
953.584399,318,6803.841816
2153.722819,1000,6815.661674
1112.235921,505,6823.052363
374.742265,212,6824.763695
30.896943,172,6826.41871
3044.857502,1000,6838.979444
445.850629,186,6840.643851
1019.150654,397,6847.858781
2331.80924,686,6853.373222
3713.673467,1000,6866.190858
32.968109,127,6867.433478
2444.482167,781,6876.407681
3370.618017,1000,6887.86178
761.006223,414,6893.946828
663.820591,261,6896.074635
896.300523,363,6899.042456
448.529036,195,6900.717317
3227.329718,914,6911.773643
2802.883226,1000,6923.76064
724.388757,279,6930.521343
42.925391,119,6931.384902
549.29631,259,6933.856012
66.803048,241,6935.60216
798.49086,392,6941.520377
483.476226,199,6943.199388
41.529598,50,6943.620931
1330.587733,521,6948.212732
1274.877073,529,6954.904243
59.900279,133,6956.147905
3057.388956,1000,6966.114659
3598.989726,1000,6978.646329
787.480284,303,6981.182189
340.85943,197,6986.13107
1683.219062,508,6990.351399
235.55647,252,6992.463614
362.40596,189,6996.76458
1056.251769,514,7000.975346
1033.471945,385,7004.321524
815.14293,332,7009.80468
48.629634,240,7011.892403
564.605007,282,7014.400773
651.572839,297,7019.642421
965.941474,1000,7032.043993
1418.207509,483,7035.858257
62.434962,199,7037.638731
607.705882,427,7043.209595
730.739384,254,7045.326654
2478.486261,753,7055.853673
830.632196,353,7058.783414
879.954312,356,7061.731607
855.858415,370,7066.564252
454.157376,221,7068.26539
754.709354,316,7070.804388
874.33312,394,7076.251241
2108.382221,613,7081.653211
2886.021763,844,7091.216642
56.215554,324,7094.134695
104.18618,350,7099.825434
-24.612516,299,7102.335961
1944.689023,626,7109.859609
9.683627,151,7111.117262
1424.18347,589,7116.140215
437.490673,233,7122.565663
1291.214688,439,7126.327667
3875.719914,1000,7137.927719
176.493339,412,7143.699668
308.773928,179,7145.356021
2167.355802,744,7151.308516
-34.07615,251,7154.928685
-30.386827,147,7156.194438
1440.758849,427,7159.981415
709.762759,264,7166.456692
681.069443,334,7169.400679
481.771532,287,7171.914113
1546.40338,1000,7182.948546
3011.832234,1000,7195.171328
449.23679,197,7196.8548
1622.76259,1000,7208.379644
333.400957,184,7213.964568
127.927469,258,7216.069768
1322.758722,507,7220.737083
1718.691216,1000,7232.4503
1482.756131,476,7240.140236
377.885859,201,7241.828402
1438.274407,493,7248.997756
951.466296,301,7251.553414
3972.947111,1000,7264.23371
32.683433,320,7266.780678
513.078749,1000,7278.679696
1196.168562,1000,7290.728824
386.179721,221,7292.811009
418.077933,294,7299.385646
3132.844795,1000,7312.075861
285.734804,150,7313.333146
446.280314,201,7315.003376
482.80475,227,7316.723844
1126.667786,341,7323.443989
752.552723,322,7325.98694
579.638393,237,7328.067741
283.635671,182,7329.733857
749.827289,309,7336.060342
110.393485,460,7339.851374
1827.494165,1000,7352.507937
3527.152792,1000,7365.098507
2060.402736,541,7373.53173
3812.196947,1000,7386.41629
71.865888,215,7388.117454
2762.043228,840,7399.284588
759.189559,283,7401.779684
3395.740374,1000,7414.499472
3714.267222,1000,7425.255632
317.159264,167,7426.538841
150.325316,105,7427.383595
594.899387,270,7433.003881
1594.065492,1000,7443.892032
1582.645968,474,7447.704774
535.120715,285,7450.219353
457.416267,172,7451.514644
38.143585,177,7456.334645
151.452993,266,7458.468075
16.181114,23,7458.855761
3329.084674,1000,7470.792843
3871.791889,1000,7483.084696
546.906693,611,7492.487766
1263.328913,716,7498.393736
16.619005,27,7498.788605
1082.37046,343,7505.059131
2832.060151,1000,7517.781563
39.896108,73,7518.229753
1212.136344,394,7521.58464
1519.46476,541,7529.361082
-5.07638,150,7530.623902
1590.477025,479,7534.455906
1215.062646,406,7541.734434
1152.424757,406,7545.116435
96.060185,120,7546.355692
933.763254,327,7548.920424
2186.580187,628,7558.695685
372.863351,200,7560.39918
1496.288727,487,7566.903323
468.549854,240,7569.006929
755.379114,265,7571.139358
3295.865321,974,7583.521836
3596.911303,1000,7596.343538
477.407216,207,7598.049821
854.314454,498,7606.595441
1372.252954,481,7610.781224
53.98821,61,7614.282439
3403.725535,1000,7625.362922
35.813963,242,7627.456371
517.892707,231,7629.536685
20.8342,75,7629.979691
30.861396,59,7630.414551
1514.489865,589,7636.587948
412.478993,266,7638.722314
428.128187,264,7641.204916
1822.004526,550,7648.053486
3434.559137,1000,7660.459826
2669.412565,866,7671.83189
3113.175444,1000,7683.719806
973.01721,1000,7696.362774
3049.438593,1000,7709.171257
2445.41456,682,7715.051425
471.044091,204,7721.029343
1981.45289,638,7726.457022
45.356885,67,7726.898316
154.38863,86,7727.719475
827.370004,552,7736.065464
2255.376822,1000,7749.016722
205.791157,418,7752.398456
1942.441537,599,7761.849502
3282.419416,1000,7774.478973
430.432125,260,7776.606468
3094.629573,1000,7788.227768
1625.645192,574,7796.863961
403.246194,254,7798.977044
1.254288,10,7798.989014
3600.37168,1000,7811.841007
3276.325658,861,7822.920509
71.895003,167,7824.568423
3258.581499,1000,7836.627012
1905.356999,603,7844.474651
736.355402,305,7846.99265
1119.940265,349,7849.938051
1279.770903,374,7856.281678
1377.428173,406,7859.668058
1465.007994,435,7866.164354
80.019722,249,7868.278603
2627.922788,826,7878.328766
2846.774002,1000,7890.637459
2533.286559,728,7896.954632
797.526058,306,7903.400412
659.560086,247,7905.499024
1599.024289,889,7916.786448
2195.135857,596,7921.847381
3742.836473,1000,7934.150747
-0.783368,114,7935.002925
-38.59777,208,7941.083661
468.70459,244,7943.186924
2973.579269,1000,7956.021607
2200.116242,783,7966.704823
4253.892449,1000,7978.998866
479.313695,1000,7989.726116
152.704451,111,7990.576771
2855.53875,1000,8002.129402
957.885359,1000,8014.495312
2658.169785,946,8026.859998
2472.731483,716,8032.77762
826.351273,357,8040.091711
566.14382,264,8042.573276
1565.794079,429,8049.885229
986.516813,349,8052.834693
903.869714,323,8055.754142
3322.422148,978,8066.271383
14.417119,24,8066.665696
2437.338602,1000,8079.661594
231.1704,141,8080.915102
4171.923791,1000,8092.195076
323.356844,188,8095.891674
638.415376,219,8097.976783
1567.226674,513,8102.241737
2210.564187,778,8112.808095
229.617555,117,8114.033919
385.792485,198,8115.725482
447.171076,227,8119.895612
498.910719,198,8121.570646
658.941812,447,8125.360676
2811.564632,1000,8136.469761
485.20152,199,8138.171703
211.062253,431,8144.928577
2220.974323,696,8153.310655
15.845413,24,8153.340795
243.008467,155,8154.611269
3279.83269,1000,8165.317752
2954.815276,947,8177.264869
1324.255383,402,8180.623672
3842.586482,1000,8192.689011
17.931105,24,8193.082901
927.376106,434,8200.331206
2418.301051,948,8208.292639
16.573035,27,8210.788099
311.905059,142,8212.047766
3490.731813,916,8221.850761
3977.167492,1000,8234.641564
1593.606562,471,8238.808696
1434.691305,579,8246.316082
2440.071535,788,8252.970455
835.682193,279,8259.038711
719.518205,275,8261.525723
167.490814,101,8262.357727
4113.656507,1000,8274.949768
1039.925109,311,8277.461721
3441.952796,1000,8288.754982
731.729156,268,8294.39565
1738.261185,479,8298.294506
3278.736322,1000,8310.379782
2352.773642,1000,8321.54473
572.58999,311,8324.07761
574.74385,412,8329.755988
424.132925,194,8331.069094
258.637867,165,8332.711792
3336.068879,1000,8345.531238
256.897196,147,8346.80055
410.562473,246,8353.304784
466.189881,212,8354.997026
2918.807225,882,8364.691458
573.793708,252,8366.806666
224.002459,139,8367.704663
624.392411,260,8370.19205
701.684433,314,8375.150824
97.419427,212,8376.849454
631.140171,292,8379.37731
3210.8216,1000,8392.128832
2300.058194,919,8403.263475
388.076418,191,8404.957041
12.751213,21,8405.348476
1635.527548,738,8413.078992
156.260893,113,8414.294763
10.788904,113,8415.158468
23.745722,121,8416.028567
20.659776,110,8416.883835
446.176667,253,8421.606357
630.377022,767,8432.851059
100.296909,199,8434.550342
298.974631,162,8435.827817
615.712423,276,8438.328049
364.796691,174,8439.630696
2225.529253,640,8448.40483
140.42395,276,8450.551808
339.64375,196,8452.241702
313.908028,171,8456.081972
475.877726,336,8458.645587
1909.917792,576,8465.320474
474.091093,228,8467.419425
3165.816704,1000,8479.176848
2940.221314,991,8489.52376
3395.282933,1000,8502.46123
2777.273441,1000,8514.318467
2712.937664,1000,8526.853412
2040.685013,1000,8538.181367
38.526041,46,8538.596621
519.941135,274,8541.084889
781.346721,261,8543.191407
896.879905,349,8548.950398
1099.40329,414,8552.335933
466.403153,200,8554.015702
412.380068,195,8555.687354
452.125783,210,8560.610449
1349.065132,410,8564.338667
1163.780742,416,8570.199466
522.405185,226,8571.908621
475.681269,218,8573.995002
393.970021,199,8575.670202
30.518655,44,8576.082782
431.069433,233,8577.799747
906.424634,1000,8589.504235
872.932435,1000,8602.168454
322.413322,202,8605.462675
13.061795,92,8606.29964
888.680743,426,8610.055519
509.851992,219,8611.753307
421.214711,184,8615.397232
407.314976,240,8617.131641
3295.052671,1000,8628.480455
803.017124,310,8631.38246
472.794295,256,8633.501727
539.90475,265,8639.250174
238.431832,149,8640.502477
2530.02677,731,8651.287904
70.930147,221,8653.005344
3570.383021,1000,8665.914977
190.135077,305,8668.454364
2117.286225,860,8678.913849
2660.5922,1000,8691.392905
36.195123,41,8691.805434
1357.329369,506,8696.045926
3203.837172,1000,8708.326019
893.193649,307,8714.497344
1754.212683,589,8719.195716
198.200795,130,8720.436598
3678.0297,1000,8733.33742
7.42762,18,8733.35681
1038.677243,1000,8745.642797
128.836127,266,8752.639224
387.428165,197,8754.341846
679.019528,256,8756.472889
3514.804152,1000,8768.874721
665.70819,252,8770.983775
927.255232,309,8777.546286
3621.913605,1000,8789.103085
39.603429,309,8791.647539
2226.606641,610,8800.943554
770.66434,320,8803.873007
2410.166612,860,8814.428728
1464.635457,738,8825.103742
1095.326416,396,8828.44621
1315.724185,1000,8840.494352
415.065792,215,8842.223736
66.594132,75,8842.673513
2645.048389,747,8852.261441
365.953422,184,8853.92303
1066.182307,497,8859.871741
18.361156,26,8859.901426
696.178943,290,8862.413259
525.784684,245,8864.501161
561.822512,279,8871.136765
3124.735659,1000,8883.177463
479.133563,215,8884.878807
576.622689,287,8887.385374
664.015305,299,8889.893422
3116.832257,1000,8900.338778
3081.087919,1000,8913.29623
193.110719,531,8921.466966
1555.275877,627,8931.52244
486.852826,271,8933.656915
3950.970037,1000,8946.037354
3061.770516,1000,8957.886739
3261.275643,1000,8969.266702
2216.641581,740,8979.843784
600.331582,266,8981.974628
981.115802,331,8984.896739
2027.50718,613,8994.458552
1170.399655,432,8998.21632
94.603685,219,8999.937416
2789.281944,1000,9012.881371
456.151795,215,9018.733578
1838.527358,563,9023.365744
2870.35519,1000,9035.555936
425.750522,216,9037.255558
3307.740749,871,9049.275817
166.3651,97,9050.114618
504.422814,283,9054.909347
29.143072,66,9055.717394
591.941186,261,9057.837638
1742.678459,523,9062.059682
2307.669385,787,9071.540397
257.919209,143,9072.789871
2963.466454,1000,9084.063989
607.094685,308,9089.847413
660.047928,297,9092.375677
2755.628691,1000,9105.317513
116.865852,325,9107.859379
129.394862,406,9114.502489
3845.149926,1000,9127.097437
700.36223,435,9130.490844
62.855361,187,9132.155446
1685.59079,588,9139.630643
3414.809028,1000,9151.932988
2382.710881,788,9162.991407
209.24356,504,9167.64794
619.959641,263,9172.180475
126.922741,241,9174.317787
51.014628,128,9175.214498
1395.411114,481,9179.477398
1533.644091,1000,9192.185564
1288.701133,958,9203.886859
391.307159,229,9210.347911
655.883909,251,9212.442496
3778.340713,1000,9223.510818
1237.400865,475,9227.341452
150.478273,265,9231.28239
69.273734,269,9233.780194
1710.750872,593,9238.865905
3033.181429,1000,9250.000045
2915.004772,1000,9262.926416
1000.745913,1000,9274.563561
43.106439,185,9278.888352
125.081924,244,9281.000256
92.362255,218,9283.079747
876.252339,433,9286.50044
-0.62819,392,9292.212778
664.139765,291,9294.733737
764.446791,391,9299.899973
936.708221,388,9302.903018
544.073283,261,9305.392678
1587.360917,531,9313.237497
3557.118345,1000,9323.896467
3102.940114,1000,9334.915475
182.680238,388,9338.265427
119.578405,221,9339.983397
127.671158,258,9346.763984
159.529812,271,9348.89746
3704.744357,1000,9360.895365
1649.461781,530,9365.509732
2139.083184,678,9372.858735
467.181704,235,9374.938383
23.683153,33,9375.344881
63.233218,201,9380.642904
2812.677599,1000,9393.520933
2935.717288,1000,9406.47319
3331.477477,1000,9419.485811
3501.74063,1000,9430.988266
315.023911,604,9436.030495
306.370816,177,9437.325655
38.246651,48,9437.740801
3063.691683,1000,9448.128433
239.946218,150,9453.975135
2701.638744,795,9460.711472
270.589961,146,9461.965725
146.404766,187,9468.116116
508.740392,197,9469.793738
1774.93064,546,9474.403344
714.203686,276,9481.014288
269.305276,212,9482.701723
1297.263901,436,9486.466638
537.582486,269,9492.866238
1022.387313,441,9496.651697
1743.122357,500,9504.693309
3198.675904,1000,9517.150099
293.016463,166,9518.79102
595.808263,288,9520.946694
1184.70598,414,9524.691187
3515.843579,1000,9536.494929
908.4353,387,9544.000309
2369.478546,628,9549.448448
5.266424,138,9551.972794
425.048839,207,9553.682437
525.820967,223,9555.412806
116.304393,178,9557.085934
895.225634,566,9564.609436
327.662296,433,9568.393758
3856.810211,1000,9579.298528
2852.308611,788,9589.088061
554.834819,226,9590.808771
96.367346,125,9592.054512
731.523705,279,9597.027646
321.784962,345,9599.956696
326.513074,192,9601.63941
64.800969,175,9602.940534
311.462936,156,9604.573411
3.656068,14,9604.590706
530.286155,293,9610.668494
0.946339,111,9611.521448
37.70193,67,9611.962917
1187.275156,375,9615.286232
3564.528688,953,9625.993448
1000.891197,353,9633.163473
1343.490302,458,9636.97497
412.267415,221,9638.710129
410.095059,234,9644.345584
813.138149,368,9647.309394
432.877198,248,9649.431721
138.520158,100,9650.270693
687.796706,368,9656.575456
1289.334052,418,9659.972854
3453.038278,1000,9672.284689
1545.001146,1000,9683.719773
933.752047,1000,9696.725918
1071.581322,425,9700.495705
369.555164,196,9706.8347
287.808562,144,9707.740654
2685.1759,772,9717.722665
3490.590977,1000,9730.718568
3431.828804,1000,9743.219659
917.081685,357,9746.166379
1190.821056,550,9750.773736
3072.541174,1000,9761.373376
33.20218,35,9765.045643
94.719655,174,9766.338765
983.333755,394,9769.685383
1542.382625,630,9779.167068
3266.583021,1000,9792.209944
4.884876,16,9792.230668
3130.745399,1000,9804.688499
3284.333514,1000,9815.459496
-5.222449,147,9816.717894
1243.030886,738,9824.206977
1760.043992,518,9828.446813
4.618489,18,9828.468167
-2.171649,9,9828.849618
214.779428,105,9829.698032
34.549167,35,9829.735342
2.580412,14,9830.115383
53.825801,106,9830.967715
42.986027,133,9832.947006
3.124873,16,9833.33262
2.243021,14,9833.348386
76.193254,90,9834.182904
717.275602,376,9837.179473
1886.551941,1000,9849.646617
3740.113647,1000,9861.216885
645.399487,328,9864.143371
3884.460408,1000,9877.184397
622.669942,268,9883.849098
4050.455211,1000,9894.738616
3113.908791,1000,9907.733646
3539.152364,1000,9920.727236
99.71316,325,9923.649544
328.198486,200,9925.347611
824.063267,312,9927.89541
69.35518,261,9934.030441
1837.675877,676,9939.889822
2889.984974,1000,9951.769227
736.139834,273,9958.523387
64.107244,194,9960.203696
2611.521218,1000,9973.280755
975.142659,341,9976.213058
772.634809,720,9986.054606
58.97403,62,9986.854623
1179.485904,398,9990.200519
1695.824621,678,10000.227866
1087.650216,361,10003.188259
344.686197,220,10009.33032
2044.654501,670,10014.831265
3431.516472,1000,10027.138763
59.910904,201,10030.116508
51.419768,98,10030.958606
-28.986705,92,10031.789667
-0.719762,77,10032.605497
1039.354634,1000,10044.606899
527.848007,273,10046.741323
2773.691794,798,10057.753417
16.127008,158,10059.021484
980.017337,436,10062.801357
1335.263042,502,10070.658978
1008.759989,1000,10082.342612
-1.766518,79,10082.793586
248.552818,173,10084.443692
1414.780991,666,10092.40426
1843.25144,1000,10104.120912
-6.890217,152,10105.387009
352.916337,196,10107.068457
2745.649821,1000,10120.185703
3462.818166,1000,10131.135625
301.375284,242,10133.246811
685.821073,1000,10145.493043
3705.913049,1000,10157.909684
-56.568313,117,10160.146732
352.047381,200,10161.833637
-26.151281,574,10166.845309
909.934795,1000,10178.806028
357.094657,189,10183.477693
2492.137669,1000,10196.068575
2407.500088,741,10202.016608
264.466772,287,10207.381587
524.716155,237,10209.512614
3699.822026,1000,10222.479439
767.960322,286,10224.991943
39.327048,294,10227.512446
1821.114656,598,10236.569492
331.391171,158,10238.208485
2077.111917,852,10249.533716
2370.387889,732,10260.004026
437.247468,216,10262.075591
784.069073,285,10264.209894
2624.132992,1000,10277.204501
2151.967214,612,10287.278606
403.348383,381,10290.251695
3326.952634,1000,10303.191777
222.610834,121,10304.413747
1650.880713,535,10312.621121
1118.579586,331,10315.5391
3205.468591,1000,10327.400728
507.811199,326,10332.699212
3383.060845,1000,10345.079781
709.507206,256,10347.543957
71.001213,106,10348.397668
615.971935,232,10350.10673
998.167629,437,10358.203717
1049.26965,515,10362.425602
995.446233,451,10369.918993
1210.640854,540,10374.532728
2263.89219,1000,10387.143242
1808.326841,1000,10399.403686
3586.340614,1000,10411.995513
68.442151,199,10413.686897
14.468948,35,10414.091387
2053.414921,665,10423.837993
472.370054,287,10426.367942
1943.946591,614,10435.993396
3287.170168,1000,10448.73512
4082.911399,1000,10461.676092
2674.671145,1000,10474.296842
977.802912,1000,10487.418845
461.18607,270,10489.911695
98.32336,218,10491.624535
2048.164246,1000,10504.699869
922.376628,375,10512.019687
3205.614114,1000,10525.112002
3690.036179,1000,10537.209016
3188.012393,1000,10549.179718
3787.250292,1000,10560.862867
44.757104,48,10561.283708
3619.702619,1000,10571.106703
3093.99296,1000,10581.729762
1607.602139,687,10587.604756
2953.739784,1000,10598.12078
811.938731,482,10604.204217
306.183702,219,10605.91783
414.846914,219,10607.978832
34.76789,62,10608.408046
897.743381,328,10615.523659
6.773653,16,10615.904476
3872.066309,1000,10625.936352
647.839068,255,10628.03477
940.306911,341,10630.955563
80.616753,201,10636.666665
3192.922152,1000,10649.830875
3807.652201,1000,10660.398476
197.387178,118,10661.261762
3333.771716,1000,10672.598753
5.700554,15,10672.615419
1010.318609,507,10676.83057
3633.871251,1000,10689.999714
2814.055746,751,10700.903
725.849093,325,10703.82641
2599.224363,739,10714.815749
3130.800184,1000,10727.316751
495.842671,201,10728.997461
3605.567071,1000,10740.949019
168.728159,99,10741.800111
1374.47756,491,10750.144269
3362.131119,1000,10760.832701
1154.554774,506,10765.047256
3485.480146,1000,10775.264826
37.026883,34,10775.307344
168.06654,102,10776.150266
147.823486,95,10779.757664
3757.563644,1000,10791.858074
1477.370281,494,10796.05365
2702.213911,716,10805.035401
1525.217403,441,10808.814444
3294.962376,863,10818.436066
341.16983,180,10819.730776
142.971859,89,10820.56635
372.501462,215,10825.368549
3052.920274,799,10832.11574
432.158158,188,10837.779928
215.682751,132,10839.023237
199.854904,120,10839.884599
40.062868,50,10840.310347
535.185219,241,10842.409436
187.096903,98,10843.248221
183.283995,126,10844.112702
3845.911852,1000,10855.903812
65.878949,189,10859.959048
1770.950013,497,10864.161419
167.76785,192,10865.830689
56.58284,185,10867.502444
778.23387,321,10871.783664
96.422868,213,10873.487727
4029.109797,1000,10885.782666
1055.909579,1000,10896.776512
1576.129065,588,10906.502794
67.720045,202,10908.191822
118.499599,234,10910.287678
2081.43456,655,10917.95594
358.292875,147,10919.219618
1026.422229,372,10922.18564
186.726752,105,10923.028386
196.986168,109,10923.876583
32.281721,38,10924.287659
8.576389,17,10924.672255
165.362584,94,10925.139899
2291.765972,837,10935.463769
520.705123,268,10940.090922
3918.838405,1000,10950.067496
1712.688788,599,10955.099049
407.483646,176,10956.394789
188.829593,110,10957.2419
1421.683195,614,10964.263305
170.093044,101,10965.100776
3869.178194,975,10974.723734
370.017242,182,10976.406462
142.242076,96,10977.240576
175.522945,99,10980.580379
2039.066264,517,10984.815703
2589.90298,740,10994.49179
72.203611,248,10996.597708
3069.849726,1000,11006.652057
3204.166878,1000,11019.855135
3474.448034,1000,11032.707021
1619.692407,470,11041.219805
3717.517634,1000,11054.35006
3821.045619,1000,11067.760959
84.715809,197,11069.492422
338.136159,185,11071.190459
3818.016795,1000,11082.597009
1659.995156,500,11086.875422
3910.123158,1000,11099.844286
89.390582,211,11104.24995
214.935937,109,11105.099339
789.67033,285,11107.668434
2187.656503,596,11117.610005
2459.493263,1000,11130.966974
3966.85358,1000,11141.954808
99.909052,350,11144.90247
410.263486,229,11146.633589
589.824579,262,11149.104977
482.088321,212,11154.83948
2917.310426,932,11166.80584
3485.78505,1000,11178.643076
5.864829,18,11179.032421
3263.21542,1000,11191.602022
988.52263,331,11194.149532
739.139369,401,11197.501719
182.088247,112,11198.721134
19.602662,28,11198.753338
1669.53605,810,11209.148668
133.432922,99,11210.00357
144.864846,107,11213.292901
2611.811124,758,11219.592854
1497.150416,537,11226.768391
56.691353,156,11228.399796
988.963093,1000,11240.157986
3778.539033,1000,11252.686815
2957.053929,1000,11265.212809
183.862639,117,11266.072798
2506.900689,775,11276.497083
3981.896078,1000,11288.15139
3639.053835,864,11298.598689
3522.724647,1000,11310.051463
1261.211333,468,11313.869444
192.157025,284,11316.383378
