#{"t_start": 1521158515.069713, "env_id": "Walker2d-v2"}
r,l,t
106.77097,184,3.172951
-15.66271,13,3.187846
-8.162137,15,3.568739
-3.494363,68,4.00793
-3.509304,6,4.01548
-4.487444,7,4.02372
-3.268297,7,4.031857
1.377405,52,4.813904
-16.177734,32,4.849497
20.573653,128,6.077039
1.907983,11,6.090589
-2.708136,7,6.0988
101.020469,225,8.161716
2.53673,26,8.191376
81.761901,196,9.861912
106.413745,213,12.294901
69.635987,183,13.95697
58.620183,171,15.236856
74.979764,189,16.903853
-0.976495,122,18.133084
-14.14037,94,18.596789
110.498013,226,21.363669
89.185099,195,23.033019
7.682744,126,23.900933
151.957027,268,26.389522
303.532637,183,27.679603
-27.064298,78,29.164867
98.211188,212,30.860712
304.731814,170,32.501064
179.102512,300,35.020099
86.077647,199,36.699678
386.436737,264,39.43089
472.752017,350,42.386805
50.326851,162,43.670631
-31.850538,77,44.505244
272.780503,157,45.777239
269.045604,150,47.731177
108.128151,226,49.458126
-12.679878,79,50.280926
50.956929,185,51.942759
300.989577,181,53.242197
-60.462736,131,54.483356
138.080479,231,56.9819
273.954862,391,60.340937
151.164378,390,63.709675
280.716469,157,68.28297
377.669918,237,70.378953
3.198757,113,71.233729
77.756463,198,72.915683
34.60189,167,74.552646
15.134301,142,75.439641
42.909985,172,78.11814
123.85368,241,80.199822
92.346499,206,81.884907
355.836167,234,83.604712
836.508475,966,92.669695
136.526812,250,94.770335
161.975188,276,97.451844
503.523009,383,100.800716
68.532116,192,102.465784
49.659164,170,103.740896
27.590294,219,106.941587
1001.512746,1000,115.58141
136.868421,94,116.055595
93.15169,57,116.842238
53.226731,150,118.115622
256.00428,152,119.371912
115.287104,74,119.820295
109.436514,68,120.26039
114.057854,233,122.599325
180.948723,117,123.451868
120.805705,80,124.285684
207.940216,126,125.51099
71.517209,198,127.255608
97.662754,56,127.729194
31.103712,76,128.217626
18.141247,65,128.677987
77.077459,72,129.528948
651.138888,1000,140.452684
411.542277,563,145.518554
229.380852,116,146.362655
212.819882,139,147.608855
182.810859,104,148.453862
63.98813,81,149.270716
184.480177,123,150.129845
179.822346,361,153.915956
200.122326,131,154.793866
90.222572,140,156.041577
28.407304,48,156.456816
314.220487,269,158.583903
170.754138,115,160.223726
-13.672562,88,160.685809
-7.136456,26,161.08054
137.721507,79,161.891168
8.910803,90,162.351905
-5.127191,69,163.156727
416.430303,458,166.941682
12.707802,179,168.220828
181.23377,113,171.758015
130.664267,121,172.61868
258.329702,204,174.285673
207.489176,173,175.914173
8.108857,162,177.174999
220.867429,177,178.450043
149.580189,93,179.701819
160.318007,111,180.9117
87.419494,71,181.354008
70.255882,250,183.442363
142.539196,94,184.276404
33.034553,195,185.945995
6.450973,25,185.973792
-28.604402,140,187.22338
144.714579,90,188.410717
200.939973,104,189.251561
19.968233,170,190.524845
106.094315,63,191.321676
160.578842,88,191.778895
283.521941,148,193.027625
968.176512,1000,202.039938
266.829276,140,203.282634
250.370889,146,204.531021
373.096032,224,207.261166
125.402421,94,207.721662
187.686966,115,208.935054
283.99628,146,210.178273
260.101798,192,211.474992
209.635984,136,212.718761
77.59866,104,213.554343
168.097848,95,214.380083
160.564432,93,215.633688
7.566083,26,216.025624
325.099416,182,217.314582
284.289406,162,218.569607
226.657912,115,219.79202
255.246432,126,220.669714
292.763276,144,221.910977
400.621329,242,224.589711
1059.688851,1000,233.546662
56.46571,246,235.634544
864.952546,1000,244.789266
-5.80214,101,245.626401
216.283872,120,246.479642
231.606464,129,247.809405
310.663399,189,249.475609
419.118148,244,252.049193
310.639524,175,253.339552
336.155128,150,254.601791
290.859094,149,255.863985
261.777458,139,257.112659
144.006552,87,257.943027
-4.089323,80,258.399602
-12.277845,70,259.205715
-3.707064,55,260.356946
241.188891,178,261.657583
227.91259,145,262.903602
178.692838,97,263.742829
245.699198,107,264.59764
193.066635,108,265.451674
104.639008,109,266.672641
120.678106,79,267.128674
222.475129,116,267.981806
139.90554,108,271.278275
553.24792,401,274.669233
425.499922,249,276.781753
251.925384,144,277.668883
118.943785,96,278.507847
459.457689,285,281.465712
312.050392,183,283.121646
336.899536,217,284.811644
1038.443415,1000,295.518772
492.821653,318,298.070752
98.248911,172,301.009017
319.482098,221,302.72155
910.462757,1000,312.13779
287.063237,167,313.793751
502.65603,286,315.94165
378.811613,276,319.693805
162.211317,96,320.532719
415.770569,218,322.229637
103.647929,161,323.497567
501.956875,212,325.548979
87.773654,162,326.817118
-2.006552,20,326.839517
122.038416,81,328.484968
169.303743,208,330.183901
211.960485,132,331.42873
186.57925,241,333.516469
992.526891,1000,343.23138
370.420502,190,344.526793
993.632017,1000,354.215075
258.535617,159,355.474674
162.050092,229,358.308858
110.025807,125,359.536658
369.598575,198,361.205747
56.960334,117,362.063987
597.177485,447,368.105777
323.003816,158,369.373817
179.346787,108,370.219731
364.263336,305,372.733823
35.999488,102,373.57283
485.394951,274,376.457974
294.878648,162,377.732793
251.796643,135,378.977133
270.084731,148,380.231718
908.260553,1000,389.385427
144.080258,90,389.845845
263.707783,158,391.480169
35.877369,70,391.918604
198.816417,108,392.762821
322.424073,199,394.891907
208.471936,108,395.738918
207.046237,105,396.581641
1000.747671,1000,405.655048
308.340343,171,407.294834
52.249188,75,407.744744
129.458268,177,409.399899
306.858659,180,410.687871
235.837129,134,412.33002
193.30986,112,413.186874
289.402208,144,414.444903
24.209154,161,415.712635
326.809753,164,417.347544
523.73051,345,420.267163
235.006291,133,422.361186
238.453905,165,424.001196
362.633415,222,425.69424
32.167816,144,426.973258
273.617183,142,428.277972
933.685709,1000,437.334116
11.933743,30,437.369113
253.525502,130,438.614764
393.458495,243,441.513189
202.348479,125,442.383857
244.814301,139,443.635907
328.585766,174,445.290962
299.138446,173,446.581666
308.276518,171,447.869853
482.855368,320,451.113056
268.233398,154,452.392038
281.458326,173,453.684879
77.642882,224,455.762749
1.39763,25,455.789706
258.264488,181,460.017381
343.245765,214,461.716699
914.593859,1000,471.641694
286.503115,136,472.886889
62.900945,112,473.742673
291.043323,146,474.996749
4.84683,27,475.391091
296.472505,155,476.654228
36.88168,102,477.491851
60.990363,96,478.726885
85.848418,83,479.180581
77.816195,79,479.999711
64.487042,78,480.812874
279.431257,138,481.689796
1.839618,24,482.081512
79.20044,79,482.534867
37.599051,114,483.755662
-0.142672,20,483.778527
99.59501,98,484.614227
57.853822,81,485.425699
401.956497,286,488.346719
46.471073,127,489.577884
75.130595,108,490.425779
32.311337,98,491.26269
425.210044,223,493.333504
303.544351,150,494.592054
655.728669,336,497.855887
272.602859,131,499.099241
39.298005,151,500.361948
208.509314,503,504.570986
290.729388,150,506.471809
-0.97887,20,506.495859
203.027962,113,507.718992
183.687072,105,508.573865
538.685575,240,510.294833
348.155636,156,511.938936
474.360547,276,514.067606
255.707018,162,516.232817
374.759358,634,521.697683
805.827315,612,527.266894
663.693386,359,530.215619
563.26074,699,537.098189
357.82649,208,539.163902
-7.194222,74,539.616034
39.247275,99,540.45866
308.110692,160,541.72738
366.116846,190,544.648873
299.570785,154,545.918148
101.839013,145,547.181578
444.807135,273,549.66707
1058.417627,1000,558.667164
973.922789,1000,567.238427
-0.345683,19,567.26176
545.217506,291,570.68269
306.574001,168,571.959669
322.376183,151,573.228975
248.418819,107,574.079605
353.501464,161,575.338632
245.99268,120,576.56995
181.682922,249,579.347805
411.990281,199,581.0307
303.848158,140,582.274321
5.015651,23,582.300579
89.767313,102,583.145298
109.958086,223,585.211053
73.88755,131,586.082671
246.7596,170,588.686991
229.348445,104,589.526176
4.1543,30,589.558855
552.35219,306,592.088855
443.121161,224,594.153338
-0.376331,23,594.178792
433.592508,237,596.253972
-1.029698,19,596.274844
393.948776,195,598.899857
1101.606203,1000,608.001949
594.201778,496,612.175217
-1.974459,18,612.560347
203.351853,113,613.410384
248.358755,136,614.645133
310.261102,194,616.562615
455.832321,304,619.433997
325.980394,444,622.822883
256.047093,135,624.065827
8.355993,28,625.130945
44.328649,173,626.410857
511.433277,266,628.521665
1141.112991,1000,638.198935
1.608739,21,638.589136
448.38691,248,640.672225
4.91743,24,640.699841
615.336086,391,644.931814
1004.471055,1000,653.982878
-37.57301,313,656.503824
687.89758,446,660.278805
566.451585,403,665.635655
71.002798,75,666.44564
982.449556,1000,675.792471
435.329675,234,677.91373
948.777546,1000,687.72912
532.723158,652,696.112061
1165.653316,1000,706.917008
944.823799,1000,716.24701
25.552855,48,716.666733
10.267365,29,716.698646
79.674882,113,717.569932
905.967057,1000,729.738903
571.813507,273,732.286139
738.396637,433,737.021764
148.202296,129,737.895655
60.653835,98,738.747589
886.57397,1000,749.303273
155.233375,259,751.448588
165.746421,119,752.697405
135.840759,120,753.581228
68.958096,101,754.444663
167.128136,159,756.348035
918.951109,1000,766.198743
30.101623,47,766.615824
233.79958,128,767.875627
547.158897,282,770.081469
-4.345297,16,770.467635
7.291306,183,771.784616
554.166329,335,777.062471
-0.398591,19,777.082804
386.645174,217,779.174774
121.264665,221,780.868585
935.631736,1000,791.625699
13.408634,28,792.021148
24.750929,44,792.432741
502.148391,357,796.187623
95.599147,131,797.061586
14.024408,32,797.464644
389.986111,236,799.555385
489.751048,274,801.68862
311.296497,343,805.982962
12.363419,32,806.387212
314.401183,263,808.502214
429.840584,302,811.041677
290.43387,206,812.725173
500.70298,280,815.803975
-3.467695,119,816.663671
366.019709,206,818.357277
91.272714,100,819.19575
12.172548,157,820.45662
98.386231,250,822.564629
936.260279,1000,831.932761
92.160143,173,834.360608
403.846324,248,836.442899
331.149374,190,838.106602
455.70913,337,840.659827
8.833123,30,841.058649
1245.434609,1000,849.689925
9.026401,257,852.381601
69.572479,130,853.608635
55.186718,158,854.877776
-13.952091,147,856.132182
664.603867,584,861.830672
479.708789,226,863.88773
84.629942,97,864.72087
404.970441,236,866.797786
2.911303,22,866.821867
5.055125,22,867.210956
895.832164,541,871.903903
98.263556,95,872.735866
989.87683,1000,882.118918
471.623603,241,884.210635
9.227961,180,885.878662
889.948791,1000,896.707952
228.382365,353,900.558605
233.465137,292,903.13378
679.889411,810,910.929217
69.414721,212,912.657876
49.219372,112,913.525514
101.042069,226,915.636859
3.421565,25,915.664802
110.845745,208,918.053712
958.164035,1000,929.07491
766.648403,386,932.473648
356.286746,289,935.039604
33.560439,43,935.455113
145.269077,177,936.763171
228.756328,132,938.764719
920.696718,1000,948.567908
11.773131,29,948.985375
256.276612,163,950.288964
169.281106,231,952.041578
49.504527,76,952.853415
52.259119,301,955.433694
926.125554,1000,965.140876
93.475427,145,967.33678
328.029875,169,968.650851
185.100782,131,969.884662
442.97014,224,971.587847
15.672768,32,971.99114
381.308215,244,974.085964
216.127972,169,976.848694
129.615365,193,978.524925
467.747974,323,981.441053
59.067163,126,982.310359
979.652807,1000,991.271744
860.760475,1000,1001.891695
157.074099,188,1003.565635
885.245669,1000,1013.551805
8.926436,26,1013.579841
1.316569,22,1013.972289
11.565394,28,1014.00384
108.942104,92,1015.861362
2.811378,22,1016.254879
65.980221,185,1017.542987
361.690016,221,1019.615871
357.007456,203,1021.298806
1237.371857,1000,1030.885266
1452.651528,1000,1042.020575
215.152463,151,1043.281662
868.476863,885,1053.332202
520.892485,221,1055.034029
981.984519,638,1061.953144
1170.254967,751,1069.182615
672.565614,476,1072.981853
84.794489,127,1074.2249
574.107144,355,1080.882568
212.417468,123,1081.738965
1040.228896,1000,1091.242051
1227.601193,1000,1101.481903
173.387739,267,1103.952171
355.495629,475,1109.916628
306.234452,236,1111.981729
52.632103,168,1113.254632
366.644713,373,1116.574739
75.091161,86,1117.028606
178.829472,187,1120.617851
741.317101,702,1126.470904
202.824108,193,1130.23593
527.181451,673,1136.058141
387.564941,326,1139.695681
519.589806,524,1144.274902
884.554192,941,1154.01597
883.93697,1000,1163.710811
1063.920978,1000,1172.911648
109.259954,213,1175.032916
1510.019869,1000,1184.605512
257.592937,161,1185.894959
764.934592,547,1192.837768
476.646879,280,1195.032838
196.32823,128,1196.295866
543.896981,308,1200.023701
483.755541,213,1201.735648
51.820993,203,1203.466077
93.112994,180,1205.167598
871.980684,1000,1214.995695
357.50931,184,1216.68624
183.234396,113,1218.530674
391.515861,228,1220.641287
264.167278,160,1221.929233
406.068902,223,1223.682583
552.856333,232,1225.799902
62.895924,192,1228.682637
186.951369,107,1229.543288
538.115476,315,1232.142393
443.082708,221,1234.250924
297.378531,270,1237.628983
631.176554,294,1240.201556
220.418529,211,1241.922936
305.729652,182,1243.637766
127.542836,98,1244.502946
4.673451,21,1244.527944
71.191324,80,1245.372135
502.006204,287,1248.349659
187.383659,106,1249.572032
801.670419,752,1257.216957
656.560325,298,1259.784036
366.673261,180,1261.113181
204.627192,118,1262.359368
586.038639,434,1267.612952
1264.758662,1000,1278.287707
591.624702,550,1282.917607
539.78512,273,1285.40971
148.857455,96,1288.736588
562.781458,321,1291.277525
442.995736,242,1293.360143
78.537386,88,1294.18365
585.540883,250,1296.285288
192.111396,103,1298.467252
565.498787,287,1300.612896
492.421926,228,1302.695365
134.210358,235,1304.775751
351.907481,477,1309.236555
997.423152,1000,1318.601816
234.08624,149,1319.8649
705.174161,510,1324.059634
998.030719,1000,1335.598986
714.649077,571,1342.476483
915.275819,1000,1352.424922
404.840819,228,1354.151852
702.80343,580,1360.410241
198.901184,529,1365.046035
20.216099,176,1366.342786
428.971592,237,1370.049741
163.679121,271,1372.176963
351.930382,285,1374.681618
874.770296,544,1381.116586
429.125358,257,1383.210014
1071.168538,584,1389.679329
41.572119,155,1390.94249
285.100067,246,1393.027101
104.046856,196,1394.694703
139.086458,257,1400.1482
228.749324,349,1403.08215
110.435763,219,1404.777635
341.532155,296,1407.280986
409.173605,233,1410.235774
465.630347,246,1412.329188
406.205455,204,1414.010036
123.284263,225,1415.721123
581.488935,353,1419.597918
693.339501,531,1424.207911
234.179491,374,1429.12972
589.901542,660,1434.601703
4.078457,22,1434.991647
408.180518,245,1437.073354
455.141708,228,1439.562637
244.301386,126,1440.792665
993.852487,1000,1450.385244
920.954506,723,1457.840051
1066.612787,1000,1468.213789
1022.861838,1000,1477.541635
1035.940399,1000,1487.131066
581.144281,320,1490.031777
91.28894,110,1490.877709
54.07822,155,1492.137584
348.917202,161,1493.407866
463.339617,198,1495.083956
568.695601,329,1499.275401
1014.363257,1000,1508.739665
989.388662,1000,1519.066005
282.889675,173,1520.348364
340.915962,182,1522.010018
909.013096,776,1530.123757
508.637687,271,1532.614004
503.697782,377,1537.247705
363.62647,190,1538.913712
285.177313,405,1542.273568
99.388247,100,1543.121701
362.801609,294,1546.375793
87.093899,123,1547.607035
440.571655,249,1549.709774
93.791296,147,1550.971902
433.228376,232,1552.691762
221.660402,234,1555.362676
436.748675,218,1557.056681
765.972904,504,1561.273897
516.830595,293,1564.741853
459.718465,264,1566.8699
1291.455953,842,1576.291672
236.265504,166,1577.936471
543.583203,267,1580.047954
524.1858,374,1583.01637
1104.461094,1000,1592.678909
311.950956,190,1595.774477
1057.284602,707,1601.652907
128.247903,236,1605.412705
14.261592,28,1605.80794
636.541587,421,1609.181646
388.082181,376,1612.515251
1296.253515,1000,1623.431236
1277.99825,1000,1633.749657
236.422518,325,1638.458664
190.923949,295,1640.965553
495.992166,274,1643.080634
1173.54481,1000,1653.486702
847.891547,792,1662.795943
11.069395,27,1663.203862
419.346918,208,1664.904624
54.296491,176,1669.637079
1092.545989,1000,1679.167723
925.59685,1000,1688.406565
1028.80681,1000,1697.751539
913.828962,405,1701.087528
445.722041,211,1702.778623
397.084379,228,1704.475651
689.366634,1000,1713.779066
717.823978,452,1718.548829
67.037109,156,1720.225302
1002.277899,648,1726.582669
292.455837,447,1730.054603
550.389241,338,1733.024595
372.563976,213,1737.376321
836.253655,424,1740.807866
551.132069,255,1742.960245
404.352256,228,1747.887152
767.727562,968,1758.697745
495.753431,253,1760.838894
472.0756,210,1762.575969
690.659826,649,1770.74168
1134.264108,1000,1780.462961
748.728329,479,1784.740162
364.626081,210,1786.475181
652.256357,325,1791.413352
282.67378,158,1792.707603
998.020896,1000,1803.197103
383.869705,441,1807.05096
499.201345,276,1811.184807
265.694598,130,1812.443498
540.927243,360,1815.447957
331.388574,155,1816.713038
475.773476,481,1822.195037
208.149398,112,1823.049896
1049.310825,652,1828.506987
459.101692,296,1833.563882
620.881321,435,1836.960553
422.439031,220,1839.02684
331.37464,191,1842.280692
350.677722,221,1843.991731
198.790826,302,1846.508086
317.603744,373,1849.818634
196.074528,106,1851.906181
640.903821,306,1854.422673
540.820945,403,1857.789764
357.414256,497,1863.195387
511.254031,389,1866.55508
330.463595,190,1867.978908
1141.805243,967,1877.892682
470.565766,352,1882.959161
1059.373804,1000,1893.622826
362.635438,226,1895.383351
197.660005,108,1896.24657
1194.784837,1000,1908.153691
296.217562,176,1909.825988
446.155648,244,1911.966301
61.022448,142,1915.900901
2.235327,21,1915.926619
556.441142,396,1919.358261
141.041606,129,1920.609272
217.537076,166,1921.903941
310.673039,182,1923.587969
417.067065,204,1926.544104
492.748951,309,1929.150081
513.129943,399,1932.558532
833.043645,565,1940.016654
376.577865,189,1941.69803
321.898521,235,1943.831677
996.263388,1000,1953.870666
332.43988,188,1956.21089
467.563271,254,1958.362774
417.55433,198,1960.088691
146.953645,125,1961.318018
623.047529,380,1965.628262
756.277448,446,1969.04462
275.679444,147,1970.296971
968.178885,1000,1981.018926
542.384299,327,1983.917875
88.875907,179,1987.375856
121.33619,194,1989.036807
217.778268,385,1992.356845
410.488719,241,1994.434605
108.594585,172,1997.012637
389.869822,259,1999.474953
609.32754,377,2002.429667
587.47972,408,2007.994809
616.483003,431,2011.740685
365.503428,208,2013.423948
632.049803,375,2017.290653
451.614918,290,2019.794378
524.693607,419,2023.523941
594.769382,418,2029.737699
594.826052,423,2033.107907
1024.179862,1000,2044.484929
664.785639,501,2051.036062
588.269896,365,2053.980776
943.086597,1000,2064.258805
474.105745,228,2065.972105
515.376956,338,2072.600858
476.051308,412,2075.9626
72.442457,141,2077.205182
521.119513,268,2079.673163
1140.589117,1000,2089.852266
787.029944,571,2096.687978
65.359887,182,2098.362213
450.568004,209,2100.064048
383.789578,257,2103.724591
374.331042,196,2105.402667
62.992264,132,2106.274568
125.76518,143,2107.525814
168.31733,123,2108.762904
15.942208,91,2109.591752
1041.5291,602,2117.393114
278.865072,163,2118.665388
163.544314,141,2119.920608
653.799457,341,2126.571063
469.36757,277,2128.706978
1288.531427,848,2138.697064
478.990982,324,2141.602946
446.339877,259,2143.703604
1061.923078,1000,2154.240076
534.180606,246,2159.193745
434.163464,275,2161.329786
572.235034,309,2163.86659
740.561452,348,2166.798955
4.866497,23,2169.64822
1051.55625,1000,2179.990059
414.219558,254,2182.092674
804.258271,714,2187.998792
966.171416,1000,2198.842074
378.34271,218,2201.787686
486.325244,306,2204.690271
312.531712,230,2206.407596
494.169849,326,2210.815117
738.011907,385,2213.778591
571.622277,349,2216.707837
557.080409,698,2225.428545
1021.430626,1000,2235.946809
1273.295216,864,2246.055945
55.952688,146,2247.310861
727.376888,405,2250.690199
1013.836756,1000,2260.106165
134.670092,279,2265.219457
624.714293,323,2268.124918
562.770402,225,2269.823537
109.934373,99,2270.662691
1144.692223,1000,2279.709705
467.920963,389,2284.324579
553.507715,391,2287.685768
1047.028028,1000,2299.096804
1004.680169,1000,2309.49325
815.746792,910,2320.114681
80.951737,198,2321.783654
314.524282,329,2327.998669
1183.675044,1000,2337.418924
1280.603112,1000,2349.015129
162.522638,266,2351.130068
1051.153058,1000,2362.821833
188.838595,166,2364.095357
191.685636,337,2367.023982
42.171201,68,2367.467412
443.735443,538,2373.224904
1119.9914,1000,2385.379909
14.544919,148,2386.638818
1180.713867,1000,2397.303321
111.896841,110,2398.150639
483.780118,550,2404.49787
702.602611,341,2407.511046
163.290502,268,2409.6441
982.269801,1000,2420.728951
1291.357905,1000,2432.392055
92.760709,129,2433.625876
1360.442553,1000,2445.138824
502.569868,331,2449.109934
1004.515717,1000,2460.877752
1020.206326,1000,2471.861071
1187.834464,1000,2482.433511
120.864931,120,2483.294629
90.048263,164,2484.566742
249.996019,208,2486.250582
1130.360298,1000,2496.675739
296.339104,196,2498.35917
187.301768,141,2501.823705
974.713141,1000,2512.935406
997.364615,1000,2523.72879
993.446206,1000,2534.138679
1120.939503,1000,2544.072695
600.928702,306,2546.582891
1012.831625,1000,2557.185729
707.603494,794,2564.795899
1093.905457,1000,2575.973025
990.226291,1000,2585.67641
418.898348,173,2587.400242
455.4097,433,2590.805583
117.904636,117,2592.028759
995.972948,1000,2602.789163
1174.261448,1000,2613.067851
619.565619,297,2617.783241
87.111776,76,2618.230834
140.248013,190,2619.899219
125.741881,134,2621.136265
303.561809,171,2622.411649
70.863485,169,2623.688703
1065.659221,1000,2634.828933
612.028415,253,2638.120239
1094.213151,1000,2648.746781
1097.66526,1000,2658.850061
423.84882,215,2660.907013
213.184985,352,2663.838968
626.873536,375,2669.581577
324.708525,226,2671.648205
349.76382,200,2673.328874
234.982545,130,2674.199537
245.76508,149,2675.449172
854.764375,835,2683.780688
722.203457,449,2688.79862
908.113301,1000,2699.124638
1332.895821,608,2704.154678
619.817347,473,2712.083601
1012.496852,1000,2722.895734
608.156712,618,2727.95524
90.415274,263,2733.567683
416.501564,263,2736.059194
1057.264335,699,2744.451776
400.198029,168,2746.11172
410.647817,204,2747.802714
769.832952,488,2751.999039
417.60635,461,2758.456728
525.030402,1000,2769.698592
494.864715,360,2772.641652
638.231033,725,2779.707572
0.433372,20,2779.731678
260.953824,483,2786.477696
581.098589,394,2789.829784
3.209367,23,2789.855538
205.905488,356,2792.788588
903.024123,1000,2803.519526
913.357,624,2810.929755
67.370627,153,2812.194588
170.564828,98,2813.030648
360.365637,238,2814.748669
649.548327,356,2819.667248
309.707794,577,2824.302916
563.340749,249,2828.378401
1017.221297,1000,2839.100191
121.357537,211,2840.800586
450.29784,228,2842.88114
1882.858025,905,2852.349187
825.247646,378,2855.326893
271.508844,388,2861.440602
1061.78166,1000,2872.052974
72.784623,74,2872.864149
1003.90481,836,2880.762714
1051.211283,1000,2890.24104
185.890985,147,2891.494547
667.660529,289,2893.981639
223.405815,114,2894.829589
207.105026,325,2897.738657
659.499295,373,2902.885729
328.35365,177,2904.540471
1029.146136,1000,2914.994923
84.270333,203,2916.67495
817.292595,1000,2928.169732
612.042603,751,2935.492853
291.940642,207,2937.170453
596.838442,1000,2946.549012
508.971518,229,2948.718626
469.400626,214,2951.782022
446.844274,215,2953.473611
448.072741,241,2955.554898
362.554068,218,2957.2418
290.210259,182,2958.900635
937.383317,1000,2968.0645
950.668016,1000,2977.75593
535.505136,443,2984.233236
400.233812,209,2985.918752
1048.166307,1000,2997.637026
1024.435987,1000,3007.323711
649.389945,478,3015.352063
656.579081,1000,3025.179478
187.940232,104,3026.028726
115.857748,120,3026.886866
109.472893,99,3027.728908
96.691107,104,3028.573092
1033.887468,1000,3040.39077
316.995868,177,3042.044026
841.054402,1000,3054.246965
639.337444,377,3059.930122
774.723328,1000,3069.662705
941.363609,1000,3079.406503
417.171963,220,3081.477269
587.568469,384,3084.44069
1027.521269,1000,3093.888021
481.200989,293,3096.390582
391.638298,216,3102.31805
1012.2382,1000,3112.163523
532.735914,349,3115.107658
569.611048,353,3118.054748
927.334772,1000,3130.0481
141.629819,143,3135.095527
1081.612205,1000,3147.318189
779.28341,987,3158.836657
640.558331,543,3163.438647
1046.990512,781,3173.929732
987.284204,781,3184.041631
1092.70755,1000,3195.613807
669.333605,305,3198.140838
289.944183,173,3199.78862
343.619927,208,3201.47365
402.742639,205,3205.9525
1168.71242,856,3213.06483
466.58719,358,3218.205503
157.88485,324,3221.104625
995.875818,834,3230.355043
1294.012568,718,3238.578727
477.797913,265,3240.680651
1043.050858,1000,3250.887145
1219.485322,1000,3262.319889
809.934628,579,3267.330725
1327.092789,1000,3279.506962
769.635729,1000,3289.916662
412.143558,221,3294.436374
1000.925306,521,3299.001082
905.381906,539,3305.229943
835.446854,1000,3315.127903
509.498268,365,3318.44272
1825.178843,906,3328.718755
1027.746006,448,3332.496683
1146.927976,577,3338.927641
601.14651,297,3341.433702
1468.890724,1000,3351.471974
319.2575,150,3352.730959
276.740763,143,3356.172907
318.69199,183,3357.844885
1064.318948,936,3367.844076
903.962888,1000,3378.454693
505.57849,278,3380.588899
1036.232199,665,3387.798827
772.819139,383,3391.15036
430.884919,390,3394.508632
67.049851,336,3400.58626
1031.03948,1000,3411.177208
6.1993,23,3411.2039
891.329644,570,3415.834787
1757.898615,1000,3426.75391
630.448306,279,3431.268211
70.539334,175,3432.910373
523.446974,236,3434.637675
958.010617,1000,3444.296696
5.625116,23,3444.685983
434.958971,192,3446.366748
4.387367,23,3446.392852
185.907363,135,3447.630745
1116.159057,771,3454.911564
432.611494,216,3456.607634
327.924398,150,3459.799861
534.567898,1000,3470.544738
1410.553932,989,3480.328736
530.855687,518,3485.001971
1122.634489,657,3492.494699
681.512959,376,3495.46004
84.439237,92,3496.289636
875.611585,454,3501.553843
396.108611,199,3503.226661
537.73288,253,3505.32677
1084.275189,477,3511.379231
421.738346,290,3513.872669
257.056331,168,3515.157633
69.031833,113,3516.008949
797.698604,430,3521.822907
776.863134,398,3525.182656
359.148495,219,3526.870568
481.814872,331,3531.476887
590.53355,380,3534.423848
337.145253,155,3535.681942
-3.986261,123,3536.909098
1282.526461,1000,3546.290598
383.474002,284,3550.107699
477.559901,286,3552.231264
1709.041317,1000,3562.20691
59.414642,141,3563.45387
627.757432,591,3569.879895
555.900785,231,3571.961122
608.13435,353,3574.892038
0.637864,27,3574.923543
108.360207,115,3575.775898
271.842108,176,3577.421591
473.196437,295,3581.76895
554.193238,295,3584.27554
543.185889,305,3586.799453
347.277941,272,3589.842857
454.579962,258,3591.936596
294.952097,305,3594.819173
1220.36757,508,3601.794745
892.423268,484,3605.594979
300.824872,235,3607.672663
582.469697,438,3613.156075
681.92425,425,3616.531725
727.154985,321,3620.471742
352.613251,186,3622.126797
90.563515,102,3622.96919
1102.53183,662,3630.461765
663.272765,397,3633.808427
321.184218,412,3637.171859
510.033207,398,3643.154633
816.270322,524,3647.367934
523.781148,346,3652.972666
416.159148,272,3655.46293
1003.212087,1000,3665.44434
-34.827623,87,3666.268167
362.025842,259,3668.46808
466.507426,223,3670.167135
109.411864,212,3673.575716
245.971972,137,3674.830886
123.997842,209,3676.52389
186.326537,296,3679.033841
108.83266,231,3684.283625
712.235693,569,3688.930737
379.117197,509,3695.110919
1039.688746,1000,3705.504686
6.514896,23,3705.892883
865.399322,378,3708.850661
647.119026,471,3712.992787
572.381957,1000,3722.779227
618.73745,324,3727.248988
173.076128,208,3729.2827
859.036985,578,3735.21703
346.494932,226,3737.290044
489.716304,859,3747.924826
742.655192,670,3753.402118
1116.780886,755,3761.020966
595.14116,587,3767.130998
1223.709399,1000,3777.484544
317.108409,409,3780.832684
328.691584,222,3782.898918
180.804134,345,3787.669609
1.453009,23,3787.695582
511.235053,304,3790.195588
281.844468,279,3792.675016
560.187087,292,3795.983947
122.357685,120,3797.21664
941.97478,570,3801.841798
175.449655,237,3803.908868
1118.272603,1000,3813.751731
1108.30316,780,3821.343177
290.469502,530,3827.580624
1110.195806,744,3835.400692
187.618502,149,3836.661967
-3.416794,27,3837.058902
13.202826,108,3837.907912
573.694494,349,3840.827061
70.742692,118,3841.677605
828.679212,423,3847.086747
-3.478029,133,3848.034673
233.39703,192,3849.702841
609.208637,473,3855.966657
544.403781,308,3858.479006
1082.288158,679,3863.955543
1014.431675,485,3869.986555
239.636316,153,3871.253917
1319.8904,886,3880.679108
997.076845,852,3890.114145
1002.811541,1000,3900.472722
10.73338,26,3900.50065
609.888819,318,3903.397812
93.010406,93,3904.22996
103.348051,101,3905.06789
305.672531,174,3908.637962
1001.228783,468,3912.425868
875.003035,470,3918.74391
388.178655,188,3920.407651
539.545187,235,3922.117807
442.615489,241,3924.202204
1396.729782,1000,3934.525946
588.782649,284,3937.023149
465.385844,455,3942.164655
529.313261,373,3945.137919
288.08137,160,3946.778687
548.325151,371,3951.948559
1048.665628,1000,3962.080016
88.406957,102,3962.92726
77.253871,80,3963.74576
719.514421,368,3966.705304
276.566859,163,3969.391583
447.045392,282,3971.889724
1004.914084,1000,3981.579295
1113.892127,1000,3992.70034
1126.823178,1000,4004.525244
680.894145,547,4009.153295
1104.126364,1000,4019.27928
1003.295127,1000,4029.475214
850.461247,642,4036.853552
523.428147,289,4039.003897
554.775032,247,4043.069614
936.107844,1000,4054.176827
1317.461341,1000,4064.979943
452.881972,286,4067.490367
518.870439,326,4070.405403
72.381395,111,4071.261358
69.215066,199,4072.943138
665.114291,278,4078.00575
515.302818,447,4081.76055
401.344959,243,4083.838625
1572.061399,926,4094.046642
1002.820017,1000,4103.923373
490.697617,278,4108.053846
451.321305,235,4110.140663
406.351696,229,4112.217721
926.545602,1000,4123.543862
1037.742504,1000,4134.317597
431.516294,185,4135.61271
593.943821,431,4140.927456
375.166743,158,4142.189669
668.906324,453,4145.946196
398.980523,691,4153.922298
1313.493689,922,4164.674401
657.698011,401,4168.009542
745.849529,644,4175.305661
637.489229,354,4178.229575
920.81615,998,4189.410925
780.975883,469,4196.271206
536.812402,325,4198.803876
917.658902,466,4204.174783
361.660466,202,4205.847899
709.59976,406,4209.659243
577.007474,298,4215.12694
839.310786,380,4218.098741
725.85912,376,4221.439119
49.233481,157,4222.708198
179.783035,262,4228.473926
1325.886799,586,4233.484076
924.932041,422,4238.588973
1463.734583,810,4245.30263
852.934346,448,4251.291554
986.523969,1000,4260.868923
356.163983,224,4262.950973
712.148178,427,4268.184643
147.174129,91,4269.016914
1198.428702,488,4273.198869
7.692866,25,4273.225848
402.204336,201,4275.272139
541.354457,269,4280.521614
891.4843,533,4285.124333
1455.854428,678,4292.951892
395.709106,230,4295.031018
1084.613507,1000,4305.578414
575.348097,286,4307.707265
1424.086497,1000,4317.915591
896.391616,352,4322.412863
1621.400124,829,4331.06797
591.143937,364,4334.039671
641.706409,329,4336.964553
239.753264,329,4342.27462
234.355956,244,4344.374911
821.07123,429,4348.142219
223.925624,267,4352.956019
567.16595,279,4355.455244
474.525148,254,4357.572359
724.974311,327,4360.116606
1257.9223,1000,4369.953357
11.781342,28,4370.352823
907.737278,621,4377.633795
143.890197,130,4378.878599
1167.633733,785,4387.3603
1472.806455,715,4395.652684
687.545613,322,4398.608263
833.636696,448,4402.098603
392.372423,189,4406.486629
1394.053225,1000,4417.81278
1026.725829,1000,4429.133649
1293.973296,1000,4438.609588
1571.911613,1000,4450.95298
484.923079,269,4453.424706
44.491057,228,4455.122688
409.775449,276,4457.591894
463.622004,473,4464.231902
603.574316,296,4466.728223
1462.800228,1000,4476.920812
1003.53201,539,4483.480787
628.159802,713,4489.371765
277.413769,165,4492.634623
1391.056213,663,4498.433605
1141.197519,434,4504.073892
578.798426,412,4507.778597
911.850709,455,4514.861749
234.816586,176,4516.140502
704.482143,370,4519.436928
813.389441,447,4526.186057
1150.732024,1000,4537.321786
843.365258,378,4540.27285
916.849323,841,4549.655052
1201.152228,536,4554.250941
541.030699,254,4559.26196
558.858751,304,4561.791678
731.029641,350,4564.727569
1528.294803,894,4574.033689
601.532326,248,4576.135892
1749.638248,1000,4586.366363
809.704916,441,4592.653028
173.572863,105,4593.8592
1253.181527,763,4603.623394
1067.157713,1000,4615.973775
467.116598,295,4618.480392
616.545958,395,4621.822634
1044.310034,589,4628.515883
767.646631,485,4632.699128
1086.367451,1000,4644.895743
95.703814,165,4649.339628
1250.984476,1000,4661.139858
1108.432736,515,4665.736342
1155.73524,549,4673.99098
747.575023,466,4677.791852
1062.891988,1000,4688.837694
360.648915,321,4691.376607
881.687543,669,4699.8243
810.141696,774,4709.599926
288.626635,253,4711.713935
1827.853426,1000,4723.453813
1955.367516,1000,4732.839635
1192.079013,551,4740.627813
995.963488,524,4745.197702
743.781801,395,4751.764367
365.3241,278,4753.879867
740.334331,329,4756.779847
981.991881,431,4762.759222
800.57249,461,4766.56173
689.925982,385,4769.520665
561.047141,269,4773.929242
1050.099145,630,4779.001965
2238.87017,1000,4790.019911
659.487216,1000,4801.400732
1225.127812,731,4810.677866
987.627169,686,4820.124808
412.914518,322,4822.664837
527.2244,352,4825.605882
1476.163263,1000,4837.859008
511.937044,328,4842.888579
996.795329,1000,4854.310367
1296.046686,1000,4865.295743
364.940347,267,4867.411684
48.837312,151,4868.669538
761.998445,410,4874.833122
752.926339,449,4878.642746
1667.908503,984,4890.135709
297.438114,166,4891.413821
150.098812,150,4892.666644
1381.070666,849,4901.99282
2086.025549,1000,4913.367664
743.651285,313,4920.05123
520.393171,269,4922.184708
2178.285397,1000,4932.66187
234.708955,353,4935.621854
7.149644,26,4936.01453
136.380197,236,4937.738584
9.350323,26,4938.130183
1340.396039,666,4945.715292
467.326335,491,4952.466276
322.447842,281,4954.953593
375.034195,173,4956.230576
120.3349,364,4959.177817
2571.532008,940,4969.726624
1197.692559,447,4974.988641
2237.344128,1000,4985.380104
372.373497,408,4988.783907
817.133064,342,4993.978616
624.975041,272,4996.117494
90.92033,170,4997.77491
714.302104,330,5000.350803
804.992787,495,5006.460763
415.969106,521,5011.050785
90.553156,92,5011.886724
1579.272282,692,5019.901862
538.222494,715,5027.907511
868.122859,368,5030.866611
527.547683,237,5032.955546
384.640224,213,5035.945892
792.119428,375,5039.279142
850.871908,486,5045.099944
471.26973,224,5047.172419
734.034052,296,5049.675614
11.334068,314,5052.206851
35.494342,298,5057.978871
988.330814,493,5062.155698
572.52996,386,5068.147775
665.938754,331,5070.679953
845.97558,349,5073.602955
1122.924059,1000,5083.950999
649.809452,304,5089.235598
1220.756343,712,5095.131864
817.064913,746,5103.199819
1103.978988,526,5109.852177
11.810728,29,5110.251856
1232.48378,495,5114.075956
807.703376,334,5116.993775
473.81059,238,5121.278975
346.188857,183,5122.939008
928.013593,474,5126.736979
737.636753,524,5133.812712
622.549826,292,5136.310846
320.760422,169,5137.950032
101.511649,144,5139.20554
1880.168058,902,5149.260167
866.027108,315,5154.576893
230.420037,139,5155.825941
769.548991,340,5158.382874
1009.969118,563,5165.677283
491.122154,231,5167.390579
1071.458874,1000,5178.960042
522.803217,207,5181.017837
854.178802,534,5187.673859
653.820926,293,5190.185641
1800.150317,665,5198.832622
1088.304154,1000,5208.936686
-16.160104,109,5210.148324
936.242485,492,5213.980734
531.305079,235,5216.0637
2225.22228,1000,5226.059902
1080.814616,444,5231.082176
1093.875726,455,5234.867747
340.422633,173,5237.774112
301.558198,177,5239.058365
618.129628,255,5241.15693
704.055255,516,5245.370949
442.704797,195,5248.108628
1536.590772,706,5253.981636
166.866651,152,5257.603608
328.156445,153,5258.874723
705.902296,295,5261.029557
500.432691,216,5263.091728
1475.754941,595,5270.430892
659.031006,322,5272.98033
779.821286,550,5279.67374
132.235268,99,5280.519947
913.006136,498,5284.715617
628.372196,249,5286.81673
830.818794,394,5293.240752
743.524609,402,5296.598882
584.372272,315,5301.848619
610.263609,295,5304.350473
515.464108,278,5306.848768
1116.183202,640,5314.885242
1256.554711,565,5319.504165
1038.233283,1000,5330.322229
300.110839,157,5332.940521
54.195158,167,5334.22585
962.612307,497,5338.43603
686.832352,274,5340.92204
1041.069427,417,5347.13065
1002.704419,539,5351.730205
47.644542,105,5354.144984
936.858891,427,5357.923843
1021.45081,1000,5367.658966
716.240534,415,5371.036703
2324.323591,1000,5382.262452
1435.460052,645,5389.210166
797.917608,375,5392.182883
420.088501,226,5395.702711
2199.415724,1000,5406.450159
1361.436786,500,5410.616925
856.998895,381,5413.569834
131.878756,85,5416.998635
630.086032,262,5419.100843
1070.887645,410,5422.455871
1606.660077,650,5429.950657
66.641667,253,5432.403747
2737.991668,1000,5443.766268
1270.286529,680,5451.599649
849.620382,545,5456.205722
1502.000072,535,5463.525786
33.680149,174,5464.807646
1082.253805,389,5468.241109
1061.819675,1000,5478.34992
656.098767,353,5484.2949
456.65469,258,5486.412945
125.341293,223,5488.494187
164.741872,287,5492.110747
1355.003088,616,5497.542689
727.352319,268,5499.662531
1036.947021,523,5505.552056
1119.592369,416,5508.920483
1638.442692,553,5515.497886
280.840091,152,5516.7597
855.196924,391,5521.808938
1287.497963,1000,5533.235953
24.378003,39,5533.648771
2503.726788,865,5540.804694
69.727514,155,5543.774623
-0.695486,19,5543.797125
548.119504,253,5545.89967
0.423561,20,5546.290017
2374.789855,852,5555.249977
2661.10649,1000,5566.700756
997.420093,650,5572.140706
305.90224,154,5575.836872
514.598758,260,5577.941954
907.967523,408,5581.315407
435.102735,203,5582.992885
54.88978,183,5586.903589
943.664116,436,5590.68224
2585.735972,1000,5601.816668
16.469803,34,5601.856824
118.305798,115,5603.076918
15.889394,32,5603.111554
846.141684,348,5609.226162
2617.242946,1000,5619.444963
854.616845,378,5622.805184
382.313321,233,5624.899168
1753.263825,1000,5635.688849
563.141354,244,5637.426176
139.86888,272,5642.629603
1389.473398,549,5647.296572
1217.407347,512,5654.159878
1050.294872,461,5657.953733
164.823245,99,5658.793578
1375.096817,594,5666.343707
28.802622,43,5666.754806
2049.28827,759,5675.307975
1087.660324,694,5681.159918
2322.397275,1000,5693.35683
1549.457854,636,5700.762665
594.026243,285,5703.258647
150.916022,104,5704.103042
300.273007,174,5708.311483
201.545064,133,5709.555732
73.160366,107,5710.403963
923.646438,404,5713.762653
696.833683,293,5718.554653
472.233296,248,5720.650746
1355.456873,496,5724.823483
404.316689,232,5726.533915
602.004556,267,5731.13662
105.42476,283,5733.264874
693.478619,289,5735.763934
688.449038,319,5739.542885
510.071437,224,5741.598617
602.247584,262,5743.698866
444.539081,316,5746.591629
14.608055,63,5748.552867
476.016634,180,5749.843926
126.92682,107,5751.057807
476.425836,424,5754.430883
883.654767,365,5759.050528
357.665047,187,5760.708878
611.733959,246,5762.78781
635.956986,273,5764.900664
780.417965,316,5769.994758
1660.904038,672,5775.449846
2590.592705,1000,5787.865804
712.954689,402,5792.917677
794.020457,362,5795.869665
360.375203,269,5798.348903
2970.168498,1000,5808.615474
164.631454,107,5809.462334
837.525661,367,5814.325718
850.034289,367,5817.712733
603.004088,256,5819.8642
596.933056,331,5824.683811
625.000521,276,5827.29171
146.637472,150,5828.59561
290.691026,164,5829.860819
1653.900258,638,5836.953669
67.419571,146,5838.205727
77.980428,258,5840.315627
1869.937435,759,5850.391172
760.908176,301,5852.920282
1329.277934,561,5858.894811
2619.33935,1000,5871.351059
136.430064,113,5872.571912
129.169057,109,5873.421739
961.216945,484,5880.221275
2607.272331,1000,5892.118777
63.752459,100,5892.962693
1055.16578,442,5896.36527
358.319088,287,5902.256038
2648.223677,1000,5912.85959
607.608043,267,5915.338763
1067.397243,1000,5924.952164
64.208742,105,5925.798725
925.905868,1000,5937.199658
2876.16449,1000,5946.785579
1098.64509,746,5956.514837
1580.135702,577,5961.166924
2598.59398,1000,5972.427407
2103.140143,910,5982.804589
496.679227,246,5984.884741
180.647562,114,5985.732699
491.467234,229,5989.91177
858.118293,543,5994.494658
518.171182,392,6000.470953
2180.546866,736,6006.347067
596.542822,261,6012.811037
1205.727335,453,6016.574728
239.772249,118,6017.428547
2641.533868,1000,6028.577771
2595.466447,1000,6041.112204
2824.778909,1000,6052.431939
81.386778,167,6053.706837
2124.641377,791,6062.380771
716.677196,330,6069.069965
1508.137286,865,6076.228584
1621.883431,1000,6086.428697
2566.104329,770,6094.635513
1022.970112,414,6100.796767
2676.14645,1000,6110.492037
2559.758679,1000,6121.776849
2934.658105,1000,6131.744323
2143.770692,1000,6141.926723
475.256075,358,6144.861597
886.987171,320,6147.400851
1864.627632,1000,6158.000315
164.948193,79,6158.81569
138.550153,72,6159.281026
1830.228256,557,6166.676926
240.522313,145,6167.592757
1328.383349,445,6172.414795
134.540264,70,6173.252558
593.451171,232,6175.017874
162.651159,100,6175.861743
849.058516,310,6178.832166
131.331877,74,6179.29655
214.97987,112,6180.173443
1687.811321,668,6188.89378
916.814796,391,6195.564749
131.856011,78,6196.018843
1232.120129,582,6201.043687
184.661891,121,6201.90315
196.297064,170,6203.564918
193.840307,105,6207.538147
1492.823239,592,6212.21502
-36.864553,132,6213.459298
1776.297866,693,6221.633617
380.599787,174,6222.922726
468.44094,263,6225.400739
247.397093,298,6229.065186
287.468192,129,6229.943386
7.299142,25,6230.340003
16.13208,109,6231.197235
592.925797,254,6233.303626
465.466343,230,6235.389214
786.947652,463,6240.916719
11.162086,120,6241.776629
371.87865,180,6243.439677
976.233222,378,6247.50161
946.889438,361,6250.81513
1844.757603,674,6259.717529
840.312885,319,6262.613345
634.031418,259,6264.716387
2218.872054,1000,6274.437083
608.848724,244,6276.51473
1994.633668,796,6284.088764
420.665409,374,6288.671802
543.863235,235,6290.762117
947.641819,414,6294.130821
288.012694,153,6295.403457
170.27311,139,6298.823195
3162.2539,1000,6309.906351
633.638388,257,6311.998412
13.264672,149,6313.249595
1765.447494,583,6320.637138
713.215211,290,6322.767796
1762.762596,573,6327.757784
2922.796868,1000,6337.414303
1780.908519,752,6346.234969
707.917938,286,6348.736917
1244.008017,526,6354.501038
401.390176,261,6356.61494
412.00998,199,6358.284854
47.119936,247,6361.934805
484.91855,223,6364.00568
802.546285,321,6366.551717
1118.136875,1000,6377.471702
317.707222,161,6378.742952
2538.480401,962,6390.53664
50.573161,149,6394.936038
2503.644381,1000,6406.533618
468.797991,227,6408.250776
1814.401901,696,6414.12447
998.191968,337,6420.224748
825.878655,365,6423.175692
1178.356529,407,6428.633282
875.941138,347,6431.560884
61.3579,118,6432.782968
498.326383,235,6434.492637
443.095896,211,6436.171081
194.074019,188,6439.931649
1079.963872,377,6443.25774
1396.186244,546,6450.126402
543.541925,254,6452.235618
749.63178,278,6454.386228
236.014753,126,6455.628031
723.634901,308,6460.049376
694.152858,282,6462.559749
803.383472,338,6465.127835
742.114463,330,6468.051954
428.298635,189,6471.646929
690.787631,351,6474.586144
489.936486,226,6476.289192
528.503315,256,6478.407103
714.283528,272,6482.069552
503.699821,201,6483.753743
244.223807,131,6484.623966
236.071741,131,6485.87055
77.416713,94,6486.703031
647.630574,275,6490.237595
1221.470977,1000,6501.284875
766.561187,298,6503.810629
507.229699,213,6505.869782
241.246735,137,6506.744784
781.756223,313,6511.10603
519.34921,215,6512.809442
615.065963,289,6515.307363
983.178829,362,6518.247621
781.517555,531,6524.374669
641.832278,293,6526.894979
720.853464,271,6531.129756
410.253842,189,6532.797717
302.984823,136,6533.676149
635.938298,264,6536.166745
657.398455,292,6538.665369
3011.364931,1000,6548.865669
1244.485022,514,6554.843638
517.085854,216,6556.521903
1072.442304,442,6561.802897
602.180927,306,6564.310714
20.253107,187,6565.96755
316.15965,166,6567.236975
731.872563,335,6571.952135
1305.342674,651,6577.377903
682.748344,260,6579.470867
566.765971,246,6584.63878
336.052296,180,6586.291552
241.921829,133,6587.162609
567.455033,225,6589.225922
409.624296,197,6590.893788
5.504164,25,6590.92085
194.621652,135,6593.993029
496.788863,214,6595.683666
117.377724,111,6596.535887
1843.41309,839,6606.119846
738.30978,540,6610.722482
1024.125882,452,6616.268069
426.183597,226,6618.335593
21.420366,49,6618.753325
910.610837,458,6623.558903
966.899626,374,6626.518955
246.015139,124,6627.754997
619.277197,330,6630.310992
646.763361,317,6634.659857
1179.849858,1000,6645.966974
608.068761,462,6649.759289
1641.22167,838,6658.466744
92.891926,97,6659.302092
954.992786,417,6662.677208
260.56127,140,6666.68604
1420.145818,778,6673.002616
585.413063,305,6677.797337
361.763974,203,6679.48385
326.920869,291,6681.994636
696.753434,297,6684.513414
2650.90213,1000,6694.810668
51.100156,167,6698.22574
735.283582,424,6701.977391
365.338351,269,6704.099664
923.477064,498,6710.529877
941.108871,465,6714.6877
982.077954,577,6722.162014
1154.87778,587,6727.221335
323.268899,285,6732.759403
535.699221,439,6736.159558
760.84677,330,6741.988208
345.295985,194,6743.668818
90.438017,102,6744.511605
306.824094,213,6746.203684
1909.184447,1000,6756.026744
759.357707,419,6759.764776
119.398872,187,6762.756699
412.361838,219,6764.815149
200.881629,323,6767.365911
875.16807,575,6775.46777
40.853312,62,6775.902019
590.757529,265,6778.028553
1163.009162,459,6785.895539
1147.766308,400,6789.239568
313.123871,181,6790.897409
529.390976,295,6793.417105
79.111253,139,6798.342631
288.786032,165,6799.616587
1677.975857,1000,6810.254654
801.022751,378,6813.253945
861.101944,322,6816.187769
154.937991,124,6820.018727
1384.783202,706,6826.259588
396.590343,190,6827.557208
46.503416,62,6830.428813
180.621659,91,6830.896728
1089.683929,1000,6842.974667
874.277614,1000,6854.530947
35.957635,124,6855.754357
1355.184448,1000,6866.006195
1238.404446,444,6869.760786
1002.678864,1000,6879.854045
25.529199,124,6880.716751
48.007395,122,6881.945669
776.759885,357,6886.86777
402.635462,358,6889.80968
917.381607,515,6895.430157
1361.136785,699,6901.312613
1117.21693,483,6907.09222
763.86882,339,6910.060763
241.905155,149,6911.31718
856.871532,614,6917.540557
573.048324,337,6920.448807
312.977681,318,6924.908532
413.336017,224,6926.967515
2365.873715,1000,6937.779766
1178.702639,453,6941.542179
879.930072,414,6946.520866
425.773724,219,6948.216901
884.409589,460,6952.017909
183.007283,110,6953.241078
584.088057,240,6956.788856
1358.251208,1000,6967.603654
82.34294,135,6968.848959
892.805606,451,6972.631891
1339.279404,448,6977.974638
5.94506,25,6978.373813
1113.970809,587,6983.045697
746.0071,430,6988.434758
791.529101,314,6990.962829
1041.598274,427,6996.84385
664.06423,267,6998.962097
201.283433,110,6999.809099
365.426107,186,7001.47163
756.241745,345,7004.408539
820.201058,412,7010.337003
999.139539,417,7014.063777
460.871495,346,7018.977544
878.454983,318,7021.8677
160.097242,99,7022.707135
653.933938,351,7025.650646
1377.583655,633,7032.690573
1856.717208,1000,7042.722999
932.220341,832,7051.511407
227.222921,169,7052.787833
608.449968,365,7056.111654
535.387858,370,7061.500172
328.089986,181,7063.157129
518.758098,218,7064.862858
1065.703789,466,7070.79516
1631.217826,1000,7081.171664
75.740827,158,7082.795926
720.838687,280,7084.920858
1197.865719,611,7093.574956
214.887288,157,7095.206049
2083.095085,745,7104.552734
1254.477336,569,7109.187453
177.131603,124,7110.046645
579.680981,272,7115.158864
612.727291,301,7117.675346
297.019105,153,7118.93058
1270.60205,549,7125.214004
15.959263,31,7125.249928
839.583634,319,7128.165698
780.781364,325,7130.71763
798.632373,350,7135.013917
156.961899,100,7135.853896
3227.963807,1000,7147.405982
1379.52501,862,7157.094236
1023.740344,509,7161.284747
504.278332,214,7162.979677
532.900635,280,7167.815748
619.976097,247,7169.909268
877.170364,344,7172.470859
1660.987554,707,7182.53202
1239.985176,525,7186.753858
2262.45953,1000,7197.538892
153.682836,103,7198.379635
200.809478,157,7202.572043
379.606742,307,7205.085929
2303.69914,953,7215.302324
320.548115,183,7216.597928
768.988132,295,7219.101672
258.791788,136,7220.339292
399.459586,243,7225.859076
1132.312672,596,7230.892532
860.302243,496,7237.879085
685.705137,268,7239.99068
253.204104,124,7240.852698
1449.774405,489,7246.660851
952.382321,1000,7257.422099
1292.428685,541,7262.0293
2206.803337,1000,7272.891899
1422.919176,475,7278.945564
543.557279,238,7281.034622
440.049118,185,7282.695662
989.669417,404,7287.865904
1119.743479,387,7291.204162
667.721907,229,7292.906604
173.812016,92,7293.738783
1173.788763,418,7299.793117
378.570205,224,7301.507391
111.487839,97,7302.341618
480.482494,201,7304.01409
148.739625,119,7304.8716
970.645223,371,7309.910152
140.003589,100,7310.747083
1637.080194,1000,7322.64982
559.608597,448,7326.428736
244.556427,185,7327.740831
335.171924,253,7332.390864
557.983199,318,7335.297703
587.504227,267,7337.408673
909.996669,1000,7347.510927
219.743303,116,7348.370602
645.24969,530,7355.320608
287.400074,225,7357.402359
118.934743,396,7362.959701
381.022315,262,7365.069136
1480.788554,942,7374.792782
885.313959,416,7378.195605
159.663991,91,7379.02364
446.543806,200,7380.701235
811.846807,342,7386.903633
350.269213,161,7388.182017
239.111557,117,7389.039625
240.366423,131,7390.279267
284.132905,143,7391.534264
991.372115,380,7396.06364
112.600593,246,7398.164893
598.229592,247,7400.276395
507.386679,233,7402.361736
535.857281,334,7407.823601
2870.203196,1000,7418.278648
551.439809,332,7421.19662
630.389557,320,7423.725483
1084.692966,576,7431.395575
35.06232,156,7432.655853
605.347118,257,7434.756638
635.533507,333,7440.006921
1099.70658,464,7443.771869
1097.342065,603,7451.15864
599.832386,643,7456.557853
777.277137,456,7462.948756
1160.959361,473,7467.109347
562.408161,311,7471.550408
67.003951,92,7472.3822
1109.198207,417,7475.764858
555.177037,283,7478.266792
887.724802,458,7484.299685
2384.024493,1000,7496.003462
1739.11354,959,7506.978992
83.677676,126,7508.216217
788.032327,333,7510.77149
345.087696,240,7515.040578
1045.571106,389,7518.375928
156.103437,115,7519.231601
204.149702,91,7520.056725
2661.43379,1000,7531.815661
557.087712,255,7533.910626
947.813476,436,7540.706975
785.465379,324,7543.254903
675.599618,315,7549.407024
1023.429206,1000,7560.432129
6.458553,28,7560.463995
559.303839,267,7562.5919
166.946456,119,7563.829507
1184.816103,444,7567.603047
569.753281,314,7572.44189
1806.389697,825,7579.16663
714.147737,321,7584.956517
963.82885,404,7588.320716
900.632419,393,7593.766363
583.20926,275,7595.894028
376.193786,202,7597.568964
603.520462,300,7600.099869
1146.156119,413,7606.881241
183.710797,95,7607.721033
1013.157373,358,7610.672026
541.355653,220,7612.370413
507.556567,190,7615.68657
425.021249,183,7617.346348
238.806987,164,7618.635963
1014.385023,421,7622.011627
440.887531,263,7626.779109
361.696612,232,7628.586381
1406.570863,449,7632.354421
147.542661,100,7633.190573
73.91579,230,7639.076772
1596.410866,852,7648.914623
614.767227,457,7652.693113
1114.505943,383,7656.034101
523.091637,329,7661.712562
675.552658,362,7664.673533
2916.635233,834,7674.440686
2092.957901,720,7682.404115
104.141849,78,7683.222921
704.904439,272,7685.352115
867.524726,331,7688.2606
438.206108,236,7692.47788
1174.95042,1000,7703.614695
552.994192,327,7706.147548
497.201187,248,7708.244176
2698.687402,1000,7719.726932
644.215782,264,7722.215685
2700.951922,1000,7734.056901
735.09774,419,7740.12663
542.204709,214,7741.812822
567.058413,266,7744.279248
272.660504,189,7745.580949
1158.689572,653,7755.014924
1827.052377,687,7762.8043
620.838543,291,7765.297968
58.162169,126,7766.522041
1264.829942,644,7773.48398
1265.08929,445,7777.234904
549.663061,348,7782.081556
1735.220466,661,7787.540462
1448.95848,1000,7798.050531
1501.191586,494,7805.05783
1318.065339,1000,7816.45567
208.476096,146,7817.706951
1222.137242,660,7824.914559
848.170782,325,7827.817869
793.281728,311,7830.341545
427.123325,214,7832.029627
1950.731146,795,7841.429693
267.24008,226,7845.905872
126.182344,207,7847.597739
335.51366,184,7849.25336
803.743678,392,7852.603075
443.958315,197,7853.922834
886.177853,312,7859.137703
1017.994299,445,7862.919662
1341.623444,554,7869.288131
878.81406,307,7871.812724
1246.797911,820,7881.56369
56.474225,121,7882.787033
1152.714119,455,7889.097807
640.886869,262,7891.216553
828.897879,387,7894.563388
2295.278872,1000,7905.908966
2504.302409,927,7915.876634
1709.21655,766,7924.775599
2462.661959,857,7934.657953
612.595068,325,7937.199251
1232.631322,633,7945.167092
1817.962447,1000,7955.584671
733.909741,319,7958.126736
656.752087,263,7960.602577
40.932113,59,7961.033011
974.89958,299,7965.616097
878.221748,273,7967.731873
987.878719,354,7970.671569
395.71756,209,7972.353547
783.811346,353,7977.637471
490.872847,213,7979.700087
118.327279,109,7980.542588
1240.767789,492,7986.903722
943.337061,508,7991.168599
1045.288176,411,7997.166775
1743.973834,854,8004.354965
663.728497,281,8010.544955
809.752492,327,8013.109881
939.260003,530,8019.964971
565.353988,264,8022.077685
989.7942,341,8025.005627
2658.487043,1000,8035.706511
180.877299,377,8042.005958
1691.976919,1000,8053.507778
665.243543,308,8056.034256
569.609417,244,8058.1237
17.818657,38,8058.164824
1220.74935,1000,8068.838944
478.930476,302,8071.35393
1141.496185,579,8079.73497
1026.58807,1000,8091.696599
700.329623,295,8094.20764
2840.076058,908,8104.808898
1371.841313,470,8112.177292
1090.008725,1000,8122.494361
17.78022,35,8122.532884
398.654943,206,8124.218943
1510.503394,1000,8134.619601
2132.657303,1000,8146.289263
3310.565378,1000,8157.752856
765.694758,294,8160.271716
706.460176,370,8166.317215
845.447956,326,8168.957964
58.212569,60,8169.392347
978.679402,343,8172.316598
512.156581,263,8176.777043
517.217091,211,8178.842691
219.363227,295,8181.351767
870.424674,324,8183.903911
2361.548261,757,8193.787631
1610.91868,846,8203.993567
1317.808491,472,8208.158488
2084.287296,733,8218.041704
2070.402364,854,8228.162399
29.986358,43,8228.575589
608.652461,297,8231.093393
824.384641,336,8236.896384
955.917808,354,8239.848136
1531.889303,572,8247.268651
938.394819,432,8251.047591
1321.31114,1000,8263.061702
374.193263,182,8264.722772
577.158871,280,8268.679169
626.147302,250,8270.781566
815.028741,325,8273.682731
1568.764171,625,8282.109626
1046.767495,1000,8294.138801
202.038638,148,8295.398568
598.077805,314,8297.924749
1347.757977,642,8306.149127
912.320561,338,8309.079594
14.167457,492,8315.608575
793.252483,396,8318.948385
878.779891,365,8321.896649
1042.548231,1000,8333.055726
1543.98982,914,8343.305851
1000.139461,1000,8356.137658
1139.126262,498,8363.817933
2493.025355,940,8374.782871
690.619808,269,8377.26213
1242.792727,447,8380.652832
726.186101,346,8386.964548
2387.122191,1000,8399.737786
531.963547,457,8403.869296
1087.872666,1000,8414.811633
1272.375556,427,8420.305608
479.568923,428,8424.043788
1487.91235,629,8431.656914
827.945344,351,8434.594615
767.484685,280,8437.081665
1331.825768,462,8444.499892
999.80066,412,8447.862534
1170.483832,455,8455.691912
-75.189752,132,8456.935674
1181.953271,424,8460.7057
697.989645,476,8468.567822
2291.826046,1000,8479.93187
1202.490266,576,8484.951278
285.845376,418,8491.809903
63.435049,116,8492.668683
702.472854,388,8496.018712
751.405104,333,8501.95786
3173.196585,972,8512.382071
1363.858309,1000,8523.466041
375.084121,362,8526.416696
963.730138,577,8534.271617
904.010148,559,8538.907698
246.87021,129,8540.150716
2221.97155,911,8550.956116
368.455137,205,8552.628586
1250.736955,878,8562.853537
95.262549,132,8563.724838
1270.737242,594,8571.908609
832.136827,344,8574.833737
202.941375,178,8576.121616
2294.34735,764,8584.955046
1294.80581,924,8594.585367
-3.639881,59,8595.015311
1839.129639,838,8604.374566
1176.826765,365,8607.320494
2944.038021,1000,8617.626008
2319.255195,1000,8628.771084
75.068002,192,8632.675726
8.708518,26,8633.07134
437.000815,206,8634.768666
720.544538,320,8637.312707
894.436187,323,8640.227625
246.5758,116,8643.956885
882.246968,478,8648.12106
1449.299185,783,8656.902856
682.149951,245,8658.985949
1311.805875,623,8667.839641
1098.600354,1000,8680.272814
1260.984317,469,8684.060885
493.060838,218,8685.753596
209.279899,133,8690.381744
1033.088792,1000,8701.982971
3041.575787,1000,8711.781982
526.916686,251,8713.92094
1139.169048,647,8719.489857
262.069611,154,8723.628616
2371.675724,1000,8735.22981
889.584074,293,8737.772739
17.618172,39,8738.201716
558.322044,469,8742.099612
1286.502791,555,8749.925564
539.987659,311,8752.866644
516.262358,251,8758.706959
1471.502048,549,8763.381278
89.586981,240,8765.105849
1630.360607,607,8773.242586
1231.568831,489,8777.428954
427.897736,401,8784.228795
1060.337474,380,8787.551137
57.92522,168,8788.824818
64.076725,173,8793.066949
686.644962,288,8795.202857
688.931852,493,8799.384758
3293.628619,1000,8810.797955
1356.001415,1000,8823.416182
1075.265931,536,8831.519992
1147.417911,517,8835.731719
522.448128,328,8841.526673
432.407532,239,8843.628014
797.534876,299,8846.161864
67.019516,136,8847.045604
2708.824686,813,8857.625748
-49.559998,110,8858.472614
631.752505,254,8863.823939
440.805708,181,8865.487044
199.532164,163,8866.761646
3173.02876,1000,8878.443286
608.174498,258,8880.560585
2226.805412,734,8890.368238
1175.718091,454,8894.193205
24.192271,57,8894.615115
1000.637708,400,8902.177097
561.390539,247,8904.265568
444.593981,202,8905.931679
1023.287034,456,8912.488792
342.716723,382,8915.826796
922.22487,416,8919.198743
1337.437919,555,8927.814713
1501.210015,706,8936.931868
530.137016,283,8939.420954
1658.847084,554,8945.974723
2683.770898,1000,8957.553852
165.73209,143,8958.798719
7.305026,291,8961.283082
1806.889593,1000,8972.295936
2276.258924,944,8982.562771
1105.243522,412,8986.293779
2938.956524,1000,8998.333184
459.691897,350,9004.614917
2763.411219,1000,9015.43551
1516.843483,566,9020.059526
2675.436671,1000,9032.54592
2670.156026,1000,9044.71269
321.099782,199,9046.379543
1020.646479,402,9052.758891
866.310267,342,9055.675381
1052.689089,376,9061.929742
1851.096017,796,9068.759744
2590.261827,1000,9081.367883
897.355151,1000,9094.406905
1253.700967,478,9101.430006
1717.641956,571,9106.170724
934.244372,392,9113.14168
1507.63992,572,9118.232413
1344.769902,464,9124.082652
1105.741968,442,9127.919984
971.418841,375,9134.200727
2920.491404,1000,9145.261935
980.846949,344,9148.194633
2296.756267,957,9158.50756
1054.716267,1000,9168.909038
1423.023808,675,9177.060998
1000.299723,410,9180.434959
2622.774881,1000,9192.338513
658.715331,275,9194.471625
719.801946,341,9199.275681
318.033524,151,9200.544706
569.311968,222,9202.623129
292.783881,154,9203.891045
598.923777,224,9205.596859
355.694101,150,9208.845902
2.41138,22,9209.233855
884.961737,329,9211.790547
924.84826,611,9219.142981
287.155451,146,9220.409727
997.836748,393,9223.759587
980.27169,385,9227.091991
900.844192,324,9232.036583
993.456577,465,9236.187236
625.929181,273,9240.089224
50.594162,137,9241.343817
26.177952,117,9242.198565
73.730171,111,9243.413291
197.364198,118,9244.269918
818.332617,304,9246.80589
170.444187,112,9247.728945
672.80767,254,9251.443884
55.121484,87,9252.271701
273.327735,138,9253.511229
705.922896,277,9255.628879
58.895226,96,9256.458582
326.866749,155,9257.720302
28.941124,87,9260.769002
747.459809,275,9263.253908
1234.176082,445,9266.637879
923.46714,338,9271.768187
29.613144,110,9272.612039
101.798654,194,9274.279521
723.893146,277,9276.76883
201.307918,117,9277.623951
3049.620215,1000,9287.563789
730.036501,282,9292.248694
388.471164,201,9293.928823
48.981461,144,9295.174743
153.018673,237,9296.877733
44.585656,97,9297.709503
310.817952,170,9299.348029
1443.621844,584,9305.716153
238.264885,152,9307.341055
809.032778,291,9309.477597
1712.246111,571,9318.645728
133.067318,170,9320.044591
117.039271,275,9322.533178
92.437023,136,9326.661709
206.98086,305,9329.179643
130.154169,263,9331.665118
1064.107398,367,9337.188585
1142.164193,419,9340.561918
204.148653,117,9341.783496
95.223006,95,9342.612367
265.295344,219,9344.321736
0.904112,21,9344.706599
149.749169,296,9348.238833
876.144808,345,9351.157641
53.35195,96,9351.988638
2057.100394,766,9360.42776
2300.266957,894,9370.122615
632.744393,244,9372.202889
801.178065,271,9374.703734
458.221303,202,9377.937977
753.493127,263,9380.04889
2071.122465,629,9385.461956
3058.664369,1000,9395.981699
1830.489766,610,9402.74337
741.066132,299,9405.272042
801.735912,279,9409.965575
44.05397,94,9410.793623
1000.256619,366,9414.106054
1736.893884,531,9420.64134
180.976916,133,9421.893155
1690.844565,564,9426.510875
1357.602189,450,9432.26065
621.196452,249,9434.353728
113.252318,203,9436.028825
1464.796974,810,9445.229671
277.267646,173,9446.890282
356.444978,165,9448.168223
511.462788,180,9452.640837
1211.941255,395,9455.986056
1180.864844,485,9459.80883
942.647532,1000,9471.409217
2074.620223,670,9479.173424
1120.266535,454,9484.835072
1614.931416,784,9491.526603
1878.930958,855,9501.622937
1306.846871,476,9509.26161
1787.238209,656,9514.758991
137.792849,110,9515.614729
218.432547,129,9519.325718
27.070821,58,9519.75764
975.806078,352,9522.700784
590.052369,280,9525.188528
1508.256866,509,9531.862771
139.444468,115,9532.723781
552.545722,242,9534.817553
1919.589437,538,9541.138149
330.059695,155,9542.4116
451.367719,266,9544.530804
340.116384,386,9547.862909
978.024864,1000,9558.450748
664.932734,625,9565.640682
415.024911,191,9566.935542
453.02994,191,9568.597733
1138.070048,1000,9579.5308
1167.32449,451,9587.856585
11.291628,58,9588.283567
771.151507,307,9591.178108
1093.140014,656,9599.267612
1075.763409,474,9603.060622
770.904015,260,9607.238107
597.371199,282,9609.755661
951.107638,343,9612.678143
130.372687,175,9613.958786
119.823823,229,9618.830632
64.833818,86,9619.65894
1214.319953,398,9622.99851
534.648766,217,9624.686728
4.864356,184,9629.946964
68.577892,114,9630.801866
105.527053,258,9632.906837
775.959251,343,9635.837114
1275.300266,530,9641.844536
3492.863914,1000,9653.478822
1885.764091,584,9658.504631
575.491755,282,9663.854019
1140.118935,406,9667.206737
594.826653,330,9670.113235
78.792465,121,9672.655953
301.335267,191,9674.325553
122.20356,159,9675.600763
59.443764,214,9677.311666
973.685419,1000,9688.184949
1720.204631,547,9694.926592
672.51187,277,9697.419715
666.391309,522,9701.628656
91.447624,165,9707.173551
2234.081425,805,9714.287175
738.879809,278,9718.55566
1062.369738,487,9722.732249
602.532253,249,9724.837567
1262.110561,415,9730.13878
77.329229,171,9731.785194
210.67517,282,9733.919619
67.637847,182,9735.571665
628.520841,277,9740.404729
411.834224,236,9742.497169
207.621015,242,9744.579666
139.522812,146,9745.831701
505.503502,263,9750.126623
439.572522,203,9751.821717
674.264268,266,9753.936841
604.078238,252,9756.407991
1139.478868,404,9762.751796
973.394913,1000,9772.754166
51.114818,40,9772.796621
1000.71305,388,9776.124552
2401.976975,798,9784.79877
596.679879,264,9786.975675
479.59879,209,9789.077042
1241.354151,460,9796.882306
1124.495882,419,9800.249876
637.497634,250,9804.211545
162.570724,58,9804.637846
393.821671,170,9806.274121
1039.153043,386,9809.25264
189.52775,112,9810.467771
871.928084,1000,9821.631021
920.39677,1000,9833.719091
1575.512262,673,9841.386654
307.561214,163,9842.650166
46.841358,85,9843.481834
166.655438,121,9844.713197
1247.581366,490,9853.136882
277.305412,176,9854.786035
973.888353,378,9857.749856
1086.328055,378,9864.333592
2373.726225,889,9873.973162
3255.717713,1000,9884.848699
1614.905586,516,9889.037826
2664.121573,796,9897.698703
687.754205,244,9899.784373
157.456964,99,9900.616734
1185.309956,433,9907.569809
1289.940625,447,9910.97184
3103.546102,1000,9923.536678
251.071812,141,9924.778909
1763.722188,525,9931.53817
261.353556,115,9932.389872
299.499176,193,9934.053575
1090.352086,354,9938.879002
678.195619,411,9942.235805
835.392017,348,9945.168623
847.032802,317,9950.147242
534.427705,224,9951.853675
412.110172,177,9953.50731
1223.998962,452,9957.293684
31.841464,361,9962.583966
748.145721,270,9964.707644
2460.846377,794,9973.113041
1344.114272,501,9977.298584
22.986257,92,9978.134918
582.56756,239,9982.975685
110.284646,92,9983.808187
225.576023,126,9984.679848
1038.626025,383,9988.012059
9.076118,29,9988.042704
8.767684,30,9988.442693
1603.703231,516,9994.488918
48.569843,148,9995.745649
35.358536,96,9996.580231
1096.031889,384,10002.032808
213.740301,130,10002.906942
11.774052,36,10003.310887
659.282547,279,10005.798665
773.730697,274,10007.921895
34.48182,220,10009.97708
1052.367327,701,10017.718137
14.156395,92,10018.193663
705.057872,267,10023.487702
1720.524302,550,10028.124153
180.487853,260,10030.250728
474.988906,209,10036.069056
685.821869,306,10038.590863
534.105817,243,10040.684245
903.006431,403,10044.046885
1322.695747,398,10050.630731
791.501662,346,10053.581233
1014.840883,354,10058.805593
134.703825,95,10059.647898
953.697429,349,10062.5923
79.138059,78,10063.406389
4.106332,28,10063.438805
372.79097,266,10065.551594
150.995222,108,10071.241949
2967.989823,1000,10082.088133
1577.323402,514,10086.32209
900.200196,316,10088.860604
1143.815483,461,10096.404721
986.59111,1000,10109.360951
871.604176,345,10112.292574
9.462242,30,10112.694143
2039.668925,620,10121.223649
553.647302,261,10123.686122
957.045381,321,10126.225642
606.513379,654,10134.21401
1156.567297,457,10138.020684
1435.873288,1000,10149.112845
2108.308724,647,10156.84898
730.466008,297,10159.361871
1038.388655,361,10164.548829
851.468874,336,10167.446732
264.322538,172,10168.718869
1383.428128,574,10176.10792
472.84521,233,10178.182858
189.457184,196,10179.852881
758.358492,364,10184.48016
736.338235,285,10186.962479
470.215032,217,10188.660583
835.970404,310,10191.176937
1432.0796,729,10199.890963
1596.377654,522,10206.851592
1340.983105,488,10211.036186
1793.023724,769,10221.875961
7.135696,25,10222.271232
350.22898,161,10223.535943
3101.9082,1000,10234.440265
3208.237209,1000,10245.302231
57.482448,136,10246.560977
37.043524,105,10247.402197
166.391797,169,10251.348732
147.173801,111,10252.192868
68.102802,96,10253.024635
608.342406,332,10255.935889
699.43332,293,10258.441969
1403.210376,881,10267.862889
2916.442002,1000,10280.784755
1885.323179,576,10288.825882
3131.711913,1000,10299.725271
1137.687736,1000,10310.267092
470.940303,212,10311.971687
711.200986,258,10314.079918
1066.966944,399,10319.522686
504.719405,185,10321.178951
72.026177,152,10322.437439
684.192293,251,10324.53595
990.81593,1000,10336.906104
1243.249744,444,10343.210761
990.611189,365,10346.164624
1142.255378,386,10354.012745
2255.104886,655,10359.478194
979.607918,1000,10371.063827
2123.71266,675,10378.5794
729.533198,304,10381.109727
1026.804739,375,10386.918604
1098.38944,499,10391.148696
3071.797187,975,10401.332026
1107.200497,393,10404.321398
664.210535,259,10409.360881
56.293438,105,10410.206885
312.939139,154,10411.465737
2.301247,35,10411.868974
657.084307,275,10413.990865
1070.54705,383,10420.251181
1135.583907,418,10423.6325
1039.785382,512,10431.618929
7.705909,34,10432.023595
488.368112,257,10434.124717
3075.242241,968,10444.092006
2956.617099,1000,10454.771644
1019.461636,385,10458.100724
4.578057,24,10458.493602
788.844693,387,10462.788831
960.504424,492,10466.977902
3177.662919,1000,10478.340769
157.02715,117,10479.563226
6.397465,23,10479.591093
67.0616,91,10480.418482
1439.274603,439,10486.121315
159.509023,113,10486.974589
1214.698436,437,10490.73681
1170.132057,1000,10501.260595
205.061543,114,10502.109692
465.478076,172,10506.081645
568.945471,228,10508.267955
230.973402,114,10509.11762
495.302519,231,10511.184948
131.788751,129,10512.048659
1497.364837,470,10519.063934
921.068366,318,10521.609522
1005.246312,349,10524.533782
1092.850716,423,10531.935388
934.288547,323,10534.470848
2493.088801,1000,10546.592654
1845.957477,778,10556.059021
2917.750272,1000,10568.925094
2961.829031,986,10580.782595
1284.258954,459,10584.949882
756.447606,1000,10596.164769
1009.071192,701,10604.886027
1888.766768,692,10613.349689
1430.252195,509,10617.937635
47.927765,55,10618.362909
1476.62772,563,10626.353416
