#{"t_start": 1521564609.0925379, "env_id": "HalfCheetah-v2"}
r,l,t
-327.207638,1000,17.961639
-403.269654,1000,38.109722
-269.874947,1000,58.026674
-116.889176,1000,77.667166
51.363415,1000,97.54154
-165.818472,1000,117.358042
-43.999435,1000,137.130077
101.870259,1000,157.045884
38.232768,1000,177.273505
-136.989172,1000,197.258428
739.716995,1000,217.154117
641.252083,1000,237.255313
100.661545,1000,257.031354
-628.695232,1000,276.726293
414.555927,1000,296.403464
639.23997,1000,316.917788
812.190261,1000,336.73738
846.061466,1000,356.516479
271.448456,1000,376.181516
905.640341,1000,396.167673
-66.599712,1000,415.884678
1069.197693,1000,435.598561
1033.980166,1000,455.499983
-412.958561,1000,475.407531
-314.883492,1000,495.061137
-406.392705,1000,514.684705
63.697238,1000,534.626412
-332.940306,1000,554.523061
254.935792,1000,575.581806
582.228583,1000,595.752265
785.251795,1000,615.884873
1084.955356,1000,635.79358
734.963101,1000,655.72477
867.779367,1000,675.910475
693.144382,1000,695.643739
122.464734,1000,715.132233
1053.190181,1000,734.969687
913.00625,1000,754.658539
899.800519,1000,774.280511
797.558896,1000,794.034474
975.776663,1000,813.660665
948.021772,1000,833.231843
925.687131,1000,853.309782
767.417789,1000,877.19792
684.914267,1000,897.241513
-265.736111,1000,917.048203
-105.746919,1000,937.657953
1018.286962,1000,959.491062
1045.636796,1000,981.215535
940.796201,1000,1001.906491
-99.412003,1000,1022.798165
506.089867,1000,1043.897054
-146.816547,1000,1063.597319
-13.54356,1000,1082.83587
739.398715,1000,1102.786298
398.69681,1000,1120.981359
63.75265,1000,1138.784754
-389.068276,1000,1156.468353
-182.159626,1000,1174.110236
1175.203072,1000,1191.744044
1087.058074,1000,1209.386899
1054.684458,1000,1227.043092
840.50615,1000,1244.655036
616.160629,1000,1262.185531
643.846508,1000,1279.717565
1145.114128,1000,1297.300719
1056.719793,1000,1314.934459
219.293555,1000,1332.452383
719.70369,1000,1349.945803
718.434355,1000,1367.478615
453.22684,1000,1385.389868
1234.840396,1000,1402.899509
838.97594,1000,1420.424748
850.401459,1000,1437.985288
-352.710651,1000,1455.567126
43.869731,1000,1473.131716
272.201489,1000,1490.712118
385.90992,1000,1508.336059
93.524359,1000,1525.872001
-31.219028,1000,1543.42498
-193.492152,1000,1560.953017
622.480797,1000,1578.527366
32.830343,1000,1596.122383
658.323997,1000,1613.680823
-148.751251,1000,1631.29577
790.504973,1000,1648.870043
514.601079,1000,1666.447343
-20.378019,1000,1684.104996
-315.656152,1000,1701.684639
434.759255,1000,1719.282333
688.918816,1000,1736.88702
492.201635,1000,1754.476429
622.143422,1000,1772.050192
-65.428832,1000,1789.719376
-157.100925,1000,1807.353786
297.623105,1000,1824.942372
824.878308,1000,1842.526993
924.92457,1000,1860.315505
906.048645,1000,1877.968358
882.726657,1000,1895.596784
768.632285,1000,1913.160692
692.720995,1000,1930.769843
706.240685,1000,1949.113784
329.115763,1000,1966.713406
779.242604,1000,1984.36793
598.330096,1000,2001.938578
890.387611,1000,2019.54203
556.427354,1000,2037.334805
903.196153,1000,2055.364935
732.034256,1000,2073.35765
807.613772,1000,2091.304314
922.805381,1000,2109.262447
-113.638232,1000,2127.218782
725.030928,1000,2145.21354
625.709355,1000,2163.251048
561.907548,1000,2181.240523
916.689026,1000,2199.115377
596.082002,1000,2216.853988
734.726519,1000,2234.832331
914.463402,1000,2252.595846
931.610985,1000,2270.34105
736.294714,1000,2287.959354
607.946166,1000,2305.559454
510.406903,1000,2323.151583
971.658727,1000,2340.80483
-99.641554,1000,2358.426919
-496.763872,1000,2376.047155
355.796246,1000,2393.717926
-468.907417,1000,2411.432371
993.822502,1000,2429.053284
841.555485,1000,2446.762977
805.246122,1000,2464.363951
285.689709,1000,2482.064517
471.797129,1000,2499.618946
849.168444,1000,2517.238249
353.11941,1000,2534.801967
415.827998,1000,2552.386057
1025.28152,1000,2569.963102
162.147229,1000,2587.597035
1156.718001,1000,2605.176146
-433.017994,1000,2622.811973
1235.749438,1000,2640.461794
600.879407,1000,2658.09139
-391.080703,1000,2675.724308
-418.903038,1000,2693.43524
607.859149,1000,2711.146205
781.946372,1000,2728.781339
424.269403,1000,2746.410995
-398.799667,1000,2764.151337
765.014296,1000,2781.795599
873.813836,1000,2799.43864
1100.975112,1000,2817.099539
1101.861167,1000,2834.742471
73.164887,1000,2852.404846
797.560775,1000,2870.245394
-313.80089,1000,2887.914029
461.432223,1000,2905.579398
829.758854,1000,2923.210578
238.767423,1000,2940.927351
397.501211,1000,2958.574505
645.651519,1000,2976.34797
584.80621,1000,2994.007102
-382.047541,1000,3011.708606
855.050575,1000,3029.399841
740.58342,1000,3047.133957
834.85445,1000,3064.838127
419.943773,1000,3082.531412
967.671047,1000,3100.168632
872.945005,1000,3117.881506
319.887905,1000,3135.55857
734.54174,1000,3153.23146
901.01379,1000,3170.905579
1141.301617,1000,3188.557946
1039.001879,1000,3206.265483
1111.86623,1000,3223.928046
1015.089494,1000,3241.618579
745.829329,1000,3259.315202
822.168235,1000,3276.95313
731.1706,1000,3294.681666
1058.633531,1000,3312.331284
855.847567,1000,3330.01291
678.905014,1000,3347.709515
867.095664,1000,3365.440445
590.893025,1000,3383.152278
-44.624447,1000,3400.833745
230.041576,1000,3418.529379
1292.177886,1000,3436.191033
910.47764,1000,3453.864017
1023.32344,1000,3471.55754
845.123148,1000,3489.308221
846.156348,1000,3507.003951
1028.404242,1000,3524.771335
736.587466,1000,3542.568578
1115.351199,1000,3560.226907
1296.728407,1000,3577.912453
792.16011,1000,3595.629424
1009.383927,1000,3613.303163
656.422992,1000,3630.988526
670.664609,1000,3648.679577
1031.437554,1000,3666.498257
792.913655,1000,3684.215316
-2.273346,1000,3701.940821
-280.148061,1000,3719.643365
786.183301,1000,3737.597811
977.340636,1000,3755.319794
785.385377,1000,3773.000119
656.153467,1000,3790.72579
818.804209,1000,3808.449207
1051.3132,1000,3826.15184
620.080636,1000,3843.964266
928.508673,1000,3861.675288
1190.72611,1000,3879.398131
1102.117087,1000,3897.117422
383.355513,1000,3914.941303
1217.385107,1000,3932.710965
1195.660872,1000,3950.424772
358.303646,1000,3968.178711
1102.817155,1000,3985.878285
869.843046,1000,4003.600059
1255.196577,1000,4021.471319
796.075608,1000,4039.180855
946.79452,1000,4056.896671
1007.422601,1000,4074.616143
1032.402857,1000,4092.375276
961.879442,1000,4110.097851
553.808379,1000,4127.851026
1142.771377,1000,4145.624334
982.320587,1000,4163.371233
939.755801,1000,4181.0457
1210.765677,1000,4198.91106
798.602609,1000,4216.651575
974.831558,1000,4234.412082
975.430016,1000,4252.172295
594.862182,1000,4269.915504
921.434475,1000,4287.666306
411.671021,1000,4305.433945
799.666742,1000,4323.20481
978.595754,1000,4341.196299
1370.661791,1000,4359.024797
1211.077251,1000,4377.010834
929.169397,1000,4394.762385
837.602122,1000,4412.558686
1283.659512,1000,4430.307851
70.431633,1000,4448.060016
968.615089,1000,4465.843314
425.535577,1000,4483.652962
1086.957733,1000,4501.436336
963.828261,1000,4519.186175
697.304274,1000,4536.956696
683.243387,1000,4554.786579
1039.540471,1000,4572.552736
1035.451708,1000,4590.338233
1157.363397,1000,4608.128056
534.028935,1000,4625.976946
1071.230904,1000,4643.881759
1063.513221,1000,4661.640939
574.654893,1000,4679.438107
951.96722,1000,4697.230312
110.360763,1000,4715.164246
902.379501,1000,4733.331366
759.357842,1000,4751.499092
1139.134868,1000,4769.606916
1069.76399,1000,4787.772228
836.197516,1000,4805.933366
960.748989,1000,4824.074144
767.764227,1000,4841.931517
790.063535,1000,4859.717995
806.561555,1000,4877.507941
1002.787523,1000,4895.286042
1032.295665,1000,4913.071416
423.484338,1000,4930.903054
504.231815,1000,4948.717695
-198.255538,1000,4966.517633
933.651158,1000,4984.332196
934.479603,1000,5002.121428
606.675125,1000,5019.956743
-101.911942,1000,5037.825305
848.469061,1000,5055.651273
1318.835078,1000,5073.502214
1258.007857,1000,5091.330034
979.34184,1000,5109.244003
-162.65524,1000,5127.254227
343.560781,1000,5145.080218
776.216647,1000,5162.864387
1135.223671,1000,5180.704919
1167.118472,1000,5198.517743
816.727467,1000,5216.405217
720.792413,1000,5234.267246
1017.426154,1000,5252.118761
982.26562,1000,5269.942085
1176.38552,1000,5287.835784
928.707986,1000,5305.70913
888.304375,1000,5323.560902
1307.128356,1000,5341.371579
775.512615,1000,5359.25922
941.559542,1000,5377.117474
1009.455535,1000,5394.947826
1076.515595,1000,5412.789848
896.836475,1000,5430.624069
1026.061083,1000,5448.450837
984.169206,1000,5466.353769
618.546662,1000,5484.198383
1141.44335,1000,5501.995983
1076.004926,1000,5519.84132
1060.903126,1000,5537.705951
548.087857,1000,5555.536778
998.566216,1000,5573.421787
847.441781,1000,5591.288912
781.296385,1000,5609.095843
846.238175,1000,5626.942884
693.5095,1000,5644.939255
882.466183,1000,5662.775805
836.868584,1000,5680.599969
1085.055265,1000,5698.492368
1127.008676,1000,5716.355831
831.682786,1000,5734.245963
1184.836804,1000,5752.094445
790.848743,1000,5769.974118
971.312365,1000,5787.914189
1334.351836,1000,5805.810017
1344.735601,1000,5823.782327
1229.254759,1000,5841.657308
536.852584,1000,5859.502779
777.044822,1000,5877.339975
947.439458,1000,5895.224841
1128.318877,1000,5913.115167
989.49364,1000,5931.154775
1300.612567,1000,5949.057778
692.345442,1000,5967.063707
839.716305,1000,5985.004731
101.4762,1000,6003.048436
797.650782,1000,6020.9512
712.000408,1000,6038.800597
936.462881,1000,6056.638937
1112.391909,1000,6074.499583
1179.517749,1000,6092.375029
734.868068,1000,6110.251139
801.216102,1000,6128.550525
1034.314564,1000,6146.775981
986.861957,1000,6165.048974
1362.272941,1000,6183.1714
-363.099116,1000,6201.039719
1187.222016,1000,6218.942714
1382.36584,1000,6236.793058
1280.673023,1000,6254.689532
473.748438,1000,6272.621304
1088.485377,1000,6290.541052
1070.378723,1000,6308.453682
162.417375,1000,6326.37949
85.908952,1000,6344.299575
1143.753201,1000,6362.297504
852.754001,1000,6380.235755
448.523878,1000,6398.145206
927.90904,1000,6416.039528
-145.340284,1000,6433.897075
847.448225,1000,6451.826952
618.662148,1000,6469.732234
136.641972,1000,6487.62477
1139.207646,1000,6505.565664
948.759927,1000,6523.515775
1236.234302,1000,6541.527452
891.260933,1000,6559.459063
1182.254745,1000,6577.436597
1251.657426,1000,6595.360792
869.717573,1000,6613.31558
1302.351181,1000,6631.223062
1172.984902,1000,6649.149754
658.273582,1000,6667.068191
1156.061811,1000,6685.047338
971.657391,1000,6702.974294
1130.049511,1000,6721.014987
662.331785,1000,6738.954924
884.710891,1000,6756.983859
-166.515685,1000,6774.898983
836.587674,1000,6792.780051
967.349583,1000,6810.696949
373.67393,1000,6828.655343
522.799024,1000,6846.623467
47.66249,1000,6864.579813
631.083197,1000,6882.505651
803.863419,1000,6900.509934
915.049622,1000,6918.491328
1023.70644,1000,6936.56911
889.823519,1000,6954.508404
996.151176,1000,6972.461785
881.928263,1000,6990.426938
1376.092387,1000,7008.37773
1043.542536,1000,7026.326696
1061.809504,1000,7044.599956
637.487351,1000,7062.600024
-181.843303,1000,7080.640382
655.866929,1000,7098.605946
745.317439,1000,7116.53134
-382.335622,1000,7134.514236
788.639458,1000,7152.504452
36.676139,1000,7170.486118
-71.327025,1000,7188.451347
953.052876,1000,7206.433996
967.258308,1000,7224.426197
-445.125525,1000,7242.403649
550.629072,1000,7260.575789
866.446928,1000,7278.937407
718.069339,1000,7297.325719
943.39543,1000,7315.373527
755.290684,1000,7333.371217
-157.531256,1000,7351.355993
839.686932,1000,7369.361846
993.70865,1000,7387.358316
-38.030037,1000,7405.318069
683.081419,1000,7423.282717
1056.680768,1000,7441.412374
-359.692776,1000,7459.790927
888.445033,1000,7478.208713
471.51378,1000,7496.574723
-328.246656,1000,7514.963985
630.104974,1000,7533.371515
198.447777,1000,7551.736383
576.527394,1000,7570.152076
-374.421857,1000,7588.52222
981.045458,1000,7606.616984
635.160932,1000,7624.961959
963.946327,1000,7643.378379
1066.126619,1000,7661.970362
906.195922,1000,7680.32934
705.962122,1000,7698.712958
1032.343219,1000,7717.10686
-28.769622,1000,7735.263204
648.147151,1000,7753.293658
1249.642805,1000,7771.312699
526.155044,1000,7789.284371
1007.174478,1000,7807.344472
860.562037,1000,7825.334312
935.730811,1000,7843.296695
847.267831,1000,7861.312955
926.433865,1000,7879.320937
961.690842,1000,7897.30468
799.539526,1000,7915.396815
758.302076,1000,7933.446485
1004.985163,1000,7951.463407
-33.803749,1000,7969.527724
1292.932036,1000,7987.518811
1168.540912,1000,8005.530606
980.235251,1000,8023.557455
1294.497902,1000,8041.537349
1190.861044,1000,8059.544586
771.611014,1000,8077.569965
1024.026991,1000,8095.614355
1066.287667,1000,8113.663973
999.04261,1000,8131.690531
1247.37652,1000,8149.718068
1138.134162,1000,8167.797144
685.058548,1000,8185.856523
658.416664,1000,8203.892588
866.335427,1000,8221.907358
1034.582803,1000,8239.903357
907.980904,1000,8257.916106
317.120813,1000,8276.308116
745.173927,1000,8294.326911
1042.925161,1000,8312.41112
1187.828411,1000,8330.462622
1165.094041,1000,8348.684945
-430.971851,1000,8366.753672
729.569392,1000,8384.814615
833.961055,1000,8402.899687
709.359527,1000,8420.924217
879.730258,1000,8438.942364
562.20125,1000,8456.937512
1053.493922,1000,8474.970408
860.509756,1000,8493.019569
1028.951681,1000,8511.11072
878.730711,1000,8529.272067
-266.448106,1000,8547.335583
1106.730489,1000,8565.409963
1195.626634,1000,8583.472226
244.971518,1000,8601.478466
829.523215,1000,8619.520391
1236.147055,1000,8637.566005
648.958986,1000,8655.645425
-128.349015,1000,8673.650399
945.997859,1000,8691.67771
545.45949,1000,8709.789792
957.959428,1000,8727.912478
161.365995,1000,8746.079565
873.768774,1000,8764.160529
924.27191,1000,8782.18552
698.385874,1000,8800.228201
661.077134,1000,8818.525321
683.93125,1000,8837.112847
1032.397736,1000,8855.59787
820.962834,1000,8874.114764
1370.297372,1000,8892.775967
1027.611169,1000,8911.215383
1028.712456,1000,8929.702514
738.990847,1000,8948.119751
-496.250304,1000,8966.537126
-506.265061,1000,8985.040437
-33.655941,1000,9003.276227
839.116441,1000,9021.344645
696.578979,1000,9039.448231
717.116241,1000,9057.632244
1188.190366,1000,9075.754736
1231.656278,1000,9093.836396
797.678745,1000,9111.920783
710.716543,1000,9130.090801
930.521757,1000,9148.23114
-5.450288,1000,9166.344313
1089.856638,1000,9184.478333
298.081231,1000,9202.609961
-148.332166,1000,9220.676727
-170.004679,1000,9238.859962
238.497397,1000,9256.995112
257.04428,1000,9275.065073
870.067755,1000,9293.167465
1040.389547,1000,9311.323592
-522.213365,1000,9329.466416
919.560851,1000,9347.562389
-132.412052,1000,9365.702531
723.908527,1000,9383.866712
923.618803,1000,9402.02799
338.566227,1000,9420.243388
955.174017,1000,9438.338343
805.020476,1000,9456.449156
651.487054,1000,9474.534741
1142.325246,1000,9492.678284
658.613543,1000,9511.040421
1067.812255,1000,9529.219504
955.398483,1000,9547.367312
1243.725213,1000,9565.543344
742.579434,1000,9585.035383
1099.79823,1000,9603.425524
630.111906,1000,9621.732369
943.366697,1000,9639.888903
509.947898,1000,9658.066995
-284.705789,1000,9676.458801
1148.999738,1000,9695.925062
358.739584,1000,9714.914625
602.809417,1000,9733.230934
717.584605,1000,9752.875763
479.959353,1000,9771.89013
773.663632,1000,9792.936463
1086.705066,1000,9812.92747
991.638029,1000,9831.996789
1068.187149,1000,9850.556156
450.066574,1000,9868.962466
105.677448,1000,9887.26682
1176.099525,1000,9905.7898
671.662085,1000,9924.38219
828.488043,1000,9945.11199
862.325161,1000,9965.704798
123.555956,1000,9984.93226
600.703338,1000,10003.907317
-193.269664,1000,10023.18913
997.527279,1000,10043.620358
-20.414642,1000,10066.069515
-219.154433,1000,10087.704345
831.735113,1000,10108.820779
991.843818,1000,10129.659731
681.143254,1000,10150.290425
852.181092,1000,10171.351955
961.199523,1000,10191.531092
365.807353,1000,10210.872775
689.027667,1000,10230.416637
-137.23779,1000,10249.795304
304.20027,1000,10269.648407
1043.418571,1000,10289.109582
1005.104282,1000,10308.76435
853.405819,1000,10328.888845
-310.617779,1000,10349.142418
964.640856,1000,10368.393875
837.874268,1000,10387.576994
845.798272,1000,10407.56999
889.895723,1000,10426.722116
438.960885,1000,10446.062312
826.203486,1000,10466.810827
618.449309,1000,10486.940607
1006.710654,1000,10506.007981
260.191436,1000,10526.081694
865.982632,1000,10545.830568
881.28071,1000,10565.279946
783.951049,1000,10585.387722
752.831398,1000,10605.08892
926.486189,1000,10624.609847
951.234552,1000,10644.119466
254.759424,1000,10664.44925
588.912198,1000,10684.603433
841.274717,1000,10704.404758
320.393518,1000,10724.790364
734.731043,1000,10745.006149
412.99886,1000,10765.409384
787.550571,1000,10784.751895
855.013407,1000,10804.23894
911.491169,1000,10823.550716
874.793548,1000,10843.116239
901.365333,1000,10862.616129
941.959507,1000,10882.814273
863.637815,1000,10902.439706
860.034899,1000,10921.368987
944.231006,1000,10940.441527
958.467917,1000,10959.521306
969.361808,1000,10978.628354
1037.466295,1000,10997.817211
411.535269,1000,11018.349267
140.822063,1000,11038.400789
-228.829582,1000,11057.824695
-42.307252,1000,11077.290778
684.258614,1000,11096.686994
1044.911605,1000,11116.030068
-203.670657,1000,11135.346465
749.924385,1000,11154.802636
469.5551,1000,11173.993771
554.864984,1000,11192.342583
793.787473,1000,11210.621169
218.627449,1000,11229.000294
846.105578,1000,11247.312231
-370.445427,1000,11265.640475
909.125975,1000,11284.388722
744.41914,1000,11303.744349
691.624545,1000,11322.088262
952.995101,1000,11340.394769
-301.946891,1000,11358.71826
810.452419,1000,11377.071304
970.05723,1000,11396.443378
1130.79864,1000,11414.773793
855.77721,1000,11433.812973
280.917775,1000,11453.827971
846.971184,1000,11472.788345
804.642578,1000,11491.798332
1047.01739,1000,11512.817286
713.708353,1000,11533.312375
294.546762,1000,11552.328574
847.971967,1000,11571.832035
-98.28158,1000,11591.56707
512.251231,1000,11611.502695
609.661672,1000,11630.337411
852.513969,1000,11649.805306
372.200367,1000,11669.913447
691.122665,1000,11690.04538
998.652024,1000,11709.676001
343.858654,1000,11729.513817
860.201928,1000,11748.794433
708.161904,1000,11768.462634
814.598125,1000,11787.81273
731.250824,1000,11807.426422
1135.76107,1000,11827.593343
656.151475,1000,11846.944602
509.794092,1000,11866.06665
801.032727,1000,11885.167823
852.027455,1000,11904.32623
843.008705,1000,11923.406641
-328.971263,1000,11942.576569
972.983752,1000,11961.666455
813.597565,1000,11980.851753
918.04877,1000,11999.940073
767.165186,1000,12019.010588
-195.563276,1000,12038.1748
604.595924,1000,12057.321433
497.779962,1000,12076.445977
609.771922,1000,12095.544532
551.518154,1000,12114.727825
683.814702,1000,12133.840126
959.37426,1000,12153.257782
1041.223571,1000,12172.425121
1011.111617,1000,12191.607033
643.830509,1000,12210.750104
357.64681,1000,12229.93474
1025.943815,1000,12249.105583
747.572252,1000,12268.286793
1142.23575,1000,12287.958096
1135.885103,1000,12307.728832
502.834263,1000,12326.863829
166.11778,1000,12346.947805
871.111043,1000,12366.083281
884.133814,1000,12385.194765
172.584752,1000,12404.384008
1074.667055,1000,12423.567149
975.833813,1000,12443.127188
1119.59529,1000,12462.697066
-380.266373,1000,12481.991227
172.602927,1000,12501.180149
975.023765,1000,12520.40263
1090.750085,1000,12540.196821
1090.308236,1000,12560.507486
972.263992,1000,12580.800055
1051.696121,1000,12600.041481
1055.032828,1000,12619.98296
1394.766779,1000,12638.725858
1257.446591,1000,12658.399956
1134.824369,1000,12678.779383
1198.760603,1000,12698.505031
584.038885,1000,12717.922216
1000.012132,1000,12737.67902
1112.379372,1000,12757.54362
1166.05916,1000,12777.902967
773.461531,1000,12797.359374
586.754855,1000,12817.126474
875.417253,1000,12837.115651
1188.334726,1000,12856.830154
990.8383,1000,12876.35978
1125.854695,1000,12895.648583
1209.141801,1000,12914.852055
1029.590454,1000,12934.321778
901.828809,1000,12953.916347
1193.547122,1000,12973.173581
517.426111,1000,12992.032233
1043.19363,1000,13011.173298
1011.68805,1000,13029.757414
1056.019723,1000,13048.405409
896.679944,1000,13067.514712
1357.876088,1000,13088.021049
-183.744966,1000,13107.622023
1140.27045,1000,13127.291648
483.191236,1000,13147.066066
1140.715254,1000,13166.257587
1080.717543,1000,13185.633504
1163.000882,1000,13205.094085
1113.169308,1000,13223.854578
1122.814121,1000,13243.469397
887.169863,1000,13263.875939
1364.524825,1000,13283.95696
1239.26753,1000,13304.052743
1230.455688,1000,13324.743404
1127.79705,1000,13344.682338
1043.982705,1000,13364.058749
1026.597875,1000,13383.58298
944.841521,1000,13402.184306
-281.063512,1000,13421.131537
911.058948,1000,13440.92135
483.203748,1000,13460.461701
6.625402,1000,13479.934468
780.696469,1000,13499.91592
1206.640321,1000,13520.393256
1235.677366,1000,13539.510207
1256.920171,1000,13559.380377
1095.161114,1000,13579.095796
792.581311,1000,13599.610653
939.861059,1000,13619.074148
1011.186065,1000,13639.770947
994.817354,1000,13660.301089
1138.297134,1000,13680.852672
493.326437,1000,13701.362631
1054.488466,1000,13721.887438
907.576668,1000,13743.05746
1174.52365,1000,13763.581486
743.120905,1000,13784.481451
1065.550641,1000,13805.655667
1240.603513,1000,13826.450994
1096.496893,1000,13845.846629
1115.706451,1000,13865.168583
1139.086212,1000,13884.391212
893.425609,1000,13904.000401
564.650206,1000,13924.305346
885.380232,1000,13944.283221
1084.505778,1000,13964.272627
661.223238,1000,13984.580901
1126.165492,1000,14005.050994
1180.12054,1000,14025.701978
1084.154863,1000,14047.161103
1321.290064,1000,14068.59597
238.154166,1000,14089.171086
466.204442,1000,14108.888597
1289.420249,1000,14128.248115
1209.195434,1000,14148.717428
1417.724689,1000,14171.797301
950.519945,1000,14193.683885
1178.97205,1000,14213.909149
383.333749,1000,14233.153359
1293.712211,1000,14252.795322
1261.384176,1000,14272.649459
1101.745509,1000,14292.198013
1297.494759,1000,14311.930443
1097.710426,1000,14330.832229
1154.325918,1000,14349.528111
1219.626669,1000,14369.270643
941.71312,1000,14393.053566
681.510766,1000,14415.09871
1292.593196,1000,14434.935653
1373.097035,1000,14454.432111
1353.60347,1000,14474.600351
914.976566,1000,14494.188038
964.62637,1000,14513.799119
1260.525823,1000,14533.403051
1509.747501,1000,14553.587796
1025.633521,1000,14574.073421
984.3077,1000,14594.803195
1139.08792,1000,14615.649995
1278.175662,1000,14637.112039
921.699723,1000,14657.497633
1420.434315,1000,14677.412568
1246.554713,1000,14697.266889
969.744677,1000,14717.038407
1165.762985,1000,14736.94022
1245.847789,1000,14756.929371
966.460741,1000,14777.919598
1185.549572,1000,14798.98313
1036.621563,1000,14819.2273
787.24961,1000,14839.786303
1065.37944,1000,14859.768766
1301.067965,1000,14880.369063
1169.321315,1000,14901.273431
1072.844119,1000,14921.645769
1359.667787,1000,14943.270859
1290.482338,1000,14965.902765
1323.898448,1000,14986.430346
983.114402,1000,15007.155853
769.049122,1000,15028.366865
1102.761604,1000,15048.752274
120.005956,1000,15069.326083
1319.894816,1000,15089.346757
1178.805411,1000,15109.170037
1112.660344,1000,15129.190307
1214.947513,1000,15149.050243
1130.719467,1000,15168.887073
1363.965157,1000,15188.639388
1385.110469,1000,15209.143534
1266.443717,1000,15228.980329
-223.909371,1000,15250.405624
1251.157402,1000,15271.148319
1087.486875,1000,15292.344423
1059.982537,1000,15313.372349
1377.002945,1000,15334.190773
1072.903161,1000,15354.927052
1225.845407,1000,15375.171269
432.824338,1000,15396.350748
630.773936,1000,15416.436971
932.519385,1000,15436.75345
1221.274408,1000,15456.835398
1319.054581,1000,15477.507632
1306.31798,1000,15497.742098
1352.168288,1000,15517.483516
328.688568,1000,15537.423282
1228.81071,1000,15557.851397
1293.73546,1000,15577.8898
1414.880843,1000,15597.16626
215.135123,1000,15617.450603
1461.933381,1000,15638.096815
1493.578052,1000,15658.218372
1434.63641,1000,15677.850763
693.876367,1000,15698.104971
1291.692796,1000,15718.089651
1596.716254,1000,15737.663321
726.741668,1000,15757.52542
1307.728378,1000,15777.03708
773.115343,1000,15796.49168
102.474241,1000,15816.708329
236.816761,1000,15837.084309
1379.068572,1000,15858.210013
1352.82309,1000,15879.055474
1323.88849,1000,15899.953253
1105.881961,1000,15920.788171
1369.205864,1000,15941.716802
1251.058937,1000,15962.546472
1461.545862,1000,15984.569851
1392.758703,1000,16006.679361
1379.93128,1000,16028.427116
1232.686602,1000,16048.860795
1451.707741,1000,16068.633299
1134.66193,1000,16088.68449
1099.960897,1000,16108.373103
1273.557362,1000,16128.403432
621.155128,1000,16148.859876
1470.593318,1000,16169.063893
1109.130538,1000,16189.046996
1411.611905,1000,16209.024956
1312.217966,1000,16229.174003
1366.172177,1000,16249.25889
1204.096106,1000,16269.333713
1154.193074,1000,16289.799677
1200.6655,1000,16309.052855
1198.83975,1000,16329.339456
1180.140216,1000,16350.507608
1289.487471,1000,16370.874397
1338.051972,1000,16391.589356
1416.603456,1000,16412.352523
1244.460975,1000,16432.649676
1279.896053,1000,16452.859854
1352.770363,1000,16472.702337
1324.61116,1000,16494.410825
603.72459,1000,16514.90737
1297.734883,1000,16535.518273
1301.113432,1000,16556.547394
1465.65183,1000,16575.993627
1222.808041,1000,16596.565058
1522.518741,1000,16616.230344
1143.084923,1000,16635.528068
1299.35492,1000,16655.371036
204.020659,1000,16675.260883
1383.096711,1000,16695.533491
1299.829114,1000,16715.69212
1113.100836,1000,16735.605474
1396.4418,1000,16755.68052
1458.340585,1000,16776.247588
1395.236936,1000,16796.159981
1203.396897,1000,16816.334502
1173.182892,1000,16836.931228
911.514789,1000,16857.580411
970.774854,1000,16877.389838
1129.825356,1000,16896.628677
1231.762463,1000,16916.143851
1140.231206,1000,16935.45782
1107.98281,1000,16954.789567
1106.769392,1000,16974.250524
1199.918104,1000,16993.722422
1376.813545,1000,17013.098023
1070.51501,1000,17032.668136
1321.149302,1000,17054.157498
1358.729093,1000,17074.489987
1010.663519,1000,17094.488029
1105.789157,1000,17115.29342
1295.395854,1000,17135.583869
1246.096571,1000,17156.483569
1383.488931,1000,17176.657974
1213.786693,1000,17196.704417
1424.334374,1000,17216.994592
995.700597,1000,17236.880834
1044.743798,1000,17256.878351
861.629911,1000,17277.115119
1201.930278,1000,17296.970974
1122.83207,1000,17316.564155
1126.75827,1000,17337.587394
926.579564,1000,17357.782343
1144.018586,1000,17378.168867
1312.643483,1000,17398.88982
1263.433034,1000,17418.983203
1372.010235,1000,17439.03062
1215.932311,1000,17458.377864
760.893602,1000,17478.213346
957.264359,1000,17498.501002
836.67113,1000,17518.639497
699.004086,1000,17538.701581
1152.840344,1000,17558.762513
1176.915217,1000,17579.122062
1088.287178,1000,17599.258055
995.668833,1000,17618.932742
1040.350885,1000,17639.025775
1045.424519,1000,17659.400588
774.314005,1000,17679.656606
703.216203,1000,17699.398872
1144.199633,1000,17719.498111
918.329085,1000,17739.758421
719.615431,1000,17760.245598
-179.487235,1000,17780.450629
943.868914,1000,17800.035097
444.802882,1000,17820.180821
548.713942,1000,17840.704045
1240.332215,1000,17860.890264
1184.818465,1000,17881.313682
178.877231,1000,17901.450995
1310.951589,1000,17920.890239
1227.933966,1000,17940.758887
994.343018,1000,17960.537934
1158.22258,1000,17980.540449
1178.194832,1000,18000.148888
1286.180629,1000,18020.578714
672.548102,1000,18040.963797
1472.945463,1000,18061.719763
1060.668803,1000,18081.626588
1160.491306,1000,18101.195006
1140.98858,1000,18121.093147
1129.837614,1000,18141.100791
1421.613819,1000,18161.441246
1273.667819,1000,18181.823346
1079.471864,1000,18201.987101
711.685821,1000,18222.055418
954.773823,1000,18242.720794
188.931803,1000,18263.3935
1042.59827,1000,18283.867772
811.343859,1000,18304.421799
886.149737,1000,18324.723119
1231.306682,1000,18344.443149
1083.945365,1000,18365.086602
602.834309,1000,18385.484741
1052.324799,1000,18405.086797
1153.44586,1000,18425.066482
79.977566,1000,18445.078824
1075.830952,1000,18464.945198
1471.86691,1000,18484.561627
1462.557194,1000,18504.772845
1087.466085,1000,18524.711365
69.234356,1000,18545.275148
905.019246,1000,18565.98867
1083.135288,1000,18585.954641
820.924173,1000,18605.813911
1089.813464,1000,18625.508999
941.303539,1000,18645.89073
1137.145862,1000,18666.26334
345.071514,1000,18686.488076
1008.44711,1000,18706.954071
915.708111,1000,18726.511423
1183.407852,1000,18746.531956
1105.058393,1000,18765.959717
1217.264893,1000,18785.950872
896.965192,1000,18806.468392
1135.010024,1000,18826.130501
-151.142319,1000,18846.465351
1060.072417,1000,18867.158813
-100.812062,1000,18888.354232
1059.050121,1000,18908.998627
-69.90027,1000,18929.509233
1396.182914,1000,18950.182482
-207.239319,1000,18970.430278
