#{"env_id": "Walker2d-v2", "t_start": 1521426209.0375812}
r,l,t
-5.340496,6,1.174253
-4.941864,13,1.19002
-17.948898,24,1.218128
-12.223563,35,1.756628
-11.302557,21,1.779388
-2.465111,45,2.185869
2.678526,14,2.593093
-5.215686,10,2.605395
-6.286978,8,2.615254
-5.496184,7,2.624061
76.293639,98,3.446755
-5.919668,9,3.456347
5.599401,82,4.262013
-82.458708,127,5.119582
-11.078437,70,5.91885
323.370644,201,7.578017
69.312583,182,9.205896
162.897942,98,10.39861
60.546394,173,12.025459
99.307955,165,13.284682
94.895331,210,14.961117
-16.659255,70,15.763593
1028.179956,1000,24.947106
64.846554,177,26.216153
430.732327,280,29.845238
326.634079,247,31.910972
65.976408,178,33.276545
140.239299,256,35.722467
60.960079,174,36.987218
86.573398,203,40.472181
406.537169,526,44.991291
314.468914,378,48.384536
69.676794,66,49.177219
387.750502,262,51.267295
34.550391,113,52.104023
-7.795315,81,52.904384
0.172822,32,52.93729
31.737229,151,54.172101
996.356597,1000,63.249291
22.156204,101,64.07073
0.206232,96,64.886016
101.239457,201,67.08504
-6.466319,107,67.918264
-5.417363,109,69.122611
22.839843,52,69.541258
240.116884,128,70.392291
25.15063,70,71.180221
27.928185,68,71.610117
-6.612331,107,72.440891
214.683478,113,73.277093
23.821195,99,74.367893
165.93324,76,75.167209
145.465165,92,75.982336
244.792103,131,76.834239
-12.725864,57,77.253685
3.067395,81,78.058991
-35.371168,100,78.8831
-0.153585,118,79.728149
-6.924203,46,80.134753
-37.688573,127,81.343374
-6.918569,42,81.743501
106.453248,163,83.795859
61.893297,117,84.634031
403.377347,328,87.477164
15.03985,240,89.518172
881.180798,722,96.021271
133.176768,91,96.837193
154.506396,127,98.048211
152.054425,100,98.871104
-0.69402,305,101.587543
34.812819,176,102.850932
98.230006,171,104.47318
262.499586,149,105.709898
158.371129,108,106.540512
254.829937,154,107.775163
336.740188,158,109.241431
375.602218,309,111.730604
287.936055,282,114.191597
10.903455,89,115.00531
41.197895,135,115.866722
-10.949553,136,117.085165
100.531829,68,118.053179
29.341735,93,118.871925
316.205915,195,120.506018
-1.896594,149,121.739042
69.433175,155,122.972174
-25.684805,105,123.80118
163.248029,139,125.016973
-60.496071,125,126.655486
161.325167,115,127.496467
156.314728,107,128.32116
-24.448472,84,129.130618
213.933052,116,129.962133
300.142688,176,131.225373
287.254675,189,132.85306
206.243839,107,133.686675
289.976106,167,137.31105
445.210168,339,140.185714
180.774319,93,140.644034
173.621001,87,141.458781
315.510361,190,143.098986
7.989541,77,143.541236
163.874552,87,144.354451
254.939126,175,146.223532
204.370265,106,147.057125
335.858108,215,148.712261
991.695606,1000,157.165435
189.872808,397,160.469013
123.374839,68,160.898418
416.88158,217,163.160257
146.363049,84,163.609662
154.348308,97,164.434268
208.290945,130,165.657231
117.040735,68,166.089083
105.563559,69,166.883263
281.834694,166,168.135351
32.095142,139,169.371285
234.896111,310,172.565977
143.451975,72,172.998765
229.720634,147,174.23237
55.034651,188,175.882793
342.645902,188,177.518739
380.605932,270,180.100416
265.917697,134,181.32322
278.839622,141,182.549296
212.173537,139,183.768721
129.172479,82,184.214201
112.171198,76,185.016735
25.6882,214,186.678991
105.899185,73,187.479773
77.046805,225,189.782217
82.321329,69,190.213725
50.370414,82,191.023224
210.204264,209,192.675992
180.46305,153,193.929353
298.194059,186,195.571517
116.490819,69,196.003226
187.218952,102,196.834384
114.484762,78,198.088625
139.68749,90,198.910642
198.369354,160,200.164011
140.969534,94,200.979225
138.730878,86,201.788643
110.537966,73,202.222841
179.535698,89,203.034215
221.330548,102,203.859115
194.297328,109,204.691962
399.947218,192,206.763264
83.361635,194,208.405511
137.243154,78,208.845334
301.365581,164,210.456439
470.411121,232,212.138122
301.150198,147,213.477071
1010.521292,1000,225.096158
49.768252,70,225.888529
27.002863,62,229.695296
373.136166,176,230.968665
459.796517,385,234.261605
290.484582,164,235.51579
1014.732027,1000,244.16746
123.397336,76,244.973268
425.565029,199,246.97626
266.207858,133,247.836756
144.526331,87,248.652039
297.713149,135,249.871176
357.616025,155,251.112224
349.997823,211,252.772279
163.497585,105,253.597165
42.284993,72,254.391604
145.975739,92,255.786282
374.119045,291,257.895437
299.110925,146,259.128221
-2.662233,166,260.746284
142.059247,90,261.197204
323.565245,150,262.43389
68.012657,81,263.233876
50.720886,79,264.329723
50.359039,89,264.786577
272.064549,143,266.013027
153.569292,97,266.83001
282.322695,154,268.080287
366.92855,165,269.692514
328.044349,361,272.968613
57.715087,98,273.797807
404.725652,232,275.475461
196.791424,128,276.692055
68.108776,113,277.535875
235.317956,207,279.18659
19.30081,117,280.383273
49.090053,85,280.829793
283.502567,164,283.832189
276.901444,173,285.096327
71.889055,106,285.930468
256.415563,118,287.141594
117.758441,65,287.569217
29.673368,143,288.801876
884.104337,1000,297.648233
38.238965,99,298.47103
41.459558,99,299.324607
191.130237,187,301.306852
35.238677,194,302.588871
52.176316,96,303.401841
176.514793,118,304.602597
390.15708,219,306.27099
41.629921,145,307.500855
241.406665,129,309.048626
63.67743,101,309.873266
47.110798,102,310.695542
276.24461,160,311.951849
330.639874,158,313.192086
13.527834,88,314.003721
15.150285,68,314.434163
32.279377,91,315.25514
48.918134,92,316.069263
32.854914,85,316.520197
33.581427,86,317.670758
224.625676,120,318.871271
44.879526,90,319.321383
62.695098,74,320.122221
320.844548,171,321.383126
213.2188,123,322.594238
185.730276,108,323.427114
32.124624,69,323.856525
183.641,105,324.690714
379.950093,193,327.025736
599.192832,322,329.895271
46.397871,157,331.146993
439.561797,213,332.831921
123.19011,62,333.262013
184.498196,93,334.08974
41.741571,81,335.319154
155.648531,90,336.132203
513.114477,243,337.827462
46.626109,69,338.614017
360.678689,173,339.873727
336.450294,178,341.496569
388.997284,227,343.877135
379.791342,222,345.916493
393.843675,191,347.557169
344.362967,167,348.813188
170.642658,110,349.650981
397.414392,172,351.282279
140.839302,88,351.73585
153.047452,89,352.956977
293.45452,139,354.186704
332.9029,170,355.4561
334.575036,160,357.064166
389.76872,192,358.350327
312.337385,168,359.966174
248.162081,121,361.381243
328.750891,199,363.034101
278.93312,163,364.272751
228.159047,134,365.483706
399.228503,219,367.15204
221.11133,119,368.358071
347.059124,159,370.115772
301.377503,173,371.388417
137.373555,69,372.19073
181.244385,100,373.014488
412.041094,201,374.664991
276.596342,145,375.893152
408.199907,236,377.935148
277.075882,163,379.874268
321.26188,172,381.139981
236.368539,141,382.366077
259.031686,176,383.993192
286.395349,159,385.236414
312.361171,160,386.491099
221.795529,124,387.947405
153.822712,82,388.756891
335.54139,174,390.368366
395.603141,261,392.448489
222.980381,116,393.370822
344.62895,235,395.427434
762.483819,415,399.618599
393.315147,167,400.885667
217.644986,137,402.111014
368.318508,310,404.583977
291.841726,163,406.781494
268.342216,144,407.642787
236.460495,159,409.24065
401.86841,271,411.324157
266.206576,155,412.564641
267.599471,145,413.795002
505.308092,274,417.258095
599.062871,422,420.577761
411.833975,236,422.620263
452.768407,255,425.366524
166.00944,162,426.605972
73.032283,231,428.630261
133.510327,84,429.079085
307.170187,171,430.68217
224.574161,158,431.916934
155.098183,101,433.538116
372.608592,200,435.184089
246.863165,150,436.411769
401.778538,323,438.883882
263.685672,156,440.483301
270.058979,274,443.09009
322.353032,185,444.717236
413.344194,264,446.785071
171.182433,148,448.01712
303.283432,188,449.645151
12.791348,144,451.21566
105.284651,98,452.03677
286.50508,170,453.299058
241.657303,165,454.54192
488.108629,302,457.005971
31.160208,142,458.232092
391.181172,234,460.878234
163.221252,102,461.705597
259.736335,149,462.933127
396.775956,256,464.999616
448.055402,265,467.078177
337.21188,175,469.514866
345.899924,177,470.780233
276.579654,171,472.398542
558.726945,363,475.298233
395.205245,167,477.206107
379.499691,318,480.061248
368.345409,215,481.726354
412.673928,232,483.771216
250.470819,168,485.033681
130.39003,113,486.284201
150.319501,109,487.114106
344.056921,195,488.755192
112.655851,91,489.56703
113.520955,83,490.377091
123.272074,204,492.030128
22.158931,140,493.254677
215.010326,150,495.482086
637.400891,506,499.634433
242.071976,224,501.307811
395.481621,264,504.2212
445.884211,257,506.305059
144.343445,301,508.788305
402.51674,189,510.430724
278.511913,168,511.688108
368.407651,235,514.107623
293.929846,255,516.186522
220.145855,156,517.436198
121.63768,91,518.254904
294.717487,188,519.530036
36.208822,87,520.346767
701.203253,327,523.958221
30.677264,134,524.827072
26.96146,170,526.454237
953.775187,1000,535.358125
133.681752,141,536.576092
1001.293505,1000,545.746516
504.953963,276,548.233404
119.745688,66,548.662841
63.449046,188,550.305543
405.395718,453,554.011136
37.674319,103,554.840153
44.206259,259,557.889723
21.772317,176,559.505049
487.78139,268,561.567162
654.248658,340,564.42913
-2.718971,16,564.446633
450.940917,221,567.111169
59.63211,215,568.773478
218.41161,246,570.830423
635.568128,433,575.198337
1027.921172,1000,584.531321
285.445739,146,585.762734
644.247275,341,588.27343
1121.285528,1000,597.451299
1015.95493,1000,606.917308
585.464803,422,610.597847
168.997364,173,613.974752
193.476783,109,615.167485
282.218229,420,618.48407
122.86751,209,620.134085
241.160334,153,621.385173
493.363991,327,626.240225
153.118655,89,627.051169
487.030507,488,630.799299
41.546789,129,633.554543
88.188202,80,634.004787
1016.032452,1000,643.282821
353.045806,217,645.328737
533.6383,283,647.427961
428.362232,269,649.864089
445.371909,390,655.216238
1437.916279,783,663.088856
570.472994,390,666.389986
511.107596,560,670.905523
968.920499,1000,680.452171
1131.857261,1000,692.060248
1219.609712,1000,702.788314
302.323805,259,708.313094
1194.27849,1000,718.521837
722.614897,381,721.774695
125.731157,135,722.987657
847.902886,626,729.94379
540.162955,645,738.231417
46.249634,311,740.709165
1037.567708,805,750.803314
285.481393,260,752.90379
945.881687,1000,761.740122
1002.48124,1000,770.630193
38.584652,125,771.48323
1035.871525,1000,780.807404
70.579459,282,783.25707
68.848535,94,784.071194
128.484668,113,785.654743
267.31169,176,787.278471
334.350276,188,788.550893
53.512056,80,789.358019
227.421774,108,790.185894
206.338453,132,791.397654
132.504367,87,791.842255
413.002711,224,794.752509
65.154801,82,795.561266
382.368203,294,797.66699
216.563596,200,799.312099
1049.423891,902,807.622324
948.428291,634,814.500993
670.289926,358,817.382755
258.287357,143,818.604311
213.100467,273,821.046147
626.6321,308,824.731699
183.456256,296,827.200496
1036.84307,793,834.559554
414.709165,243,836.259868
1036.186505,1000,847.105458
414.516801,326,849.973057
293.52781,203,852.913082
366.882661,277,855.358413
98.814108,223,857.02513
506.916279,285,859.48224
858.070794,1000,869.968719
502.048514,252,874.362548
99.515448,236,876.035986
141.708824,95,876.84977
314.32379,164,878.451241
445.637619,246,880.490134
214.223999,257,883.647209
639.886442,515,887.78914
678.948718,352,890.663651
29.125024,129,892.945298
493.678297,303,895.412302
949.955847,751,903.757451
704.422944,297,906.228232
294.682103,136,907.089906
923.37721,846,915.955797
1133.4244,1000,926.277577
420.147866,182,927.91401
490.860708,308,930.383972
419.525476,312,935.856259
145.141305,115,937.053013
1003.799157,1000,948.767318
329.360718,219,950.433109
202.989142,120,951.275015
432.116743,422,956.712932
569.247731,340,959.585195
1131.681921,1000,969.484213
1194.805028,769,976.703346
497.288729,340,979.583439
201.028265,256,981.672171
1264.884314,1000,991.377648
1213.659398,1000,1002.526378
1085.582918,772,1009.935831
792.439068,468,1017.087639
294.984062,163,1018.32872
132.653409,95,1019.147219
1198.638781,1000,1028.487702
833.871895,417,1031.789162
1148.827872,531,1038.548079
935.703628,1000,1048.5967
347.055804,228,1050.274382
239.130626,167,1051.888073
1303.204397,1000,1061.687288
881.786387,694,1068.290383
12.689912,155,1069.533621
181.260664,119,1070.375145
186.872517,200,1072.00522
415.381765,356,1075.805083
-68.566439,134,1077.02358
991.438681,404,1080.305927
217.067054,138,1081.532599
41.622285,142,1084.716498
946.540458,1000,1095.048215
158.793427,95,1095.868674
997.833578,536,1100.019271
1115.697423,1000,1110.151157
898.531029,1000,1119.161183
589.431408,228,1121.199535
167.435666,116,1122.044164
244.28466,180,1124.523739
771.0123,368,1127.434986
658.897055,310,1129.914355
837.906235,316,1134.37209
532.662045,454,1138.080267
1423.739275,1000,1147.637208
820.914799,496,1152.950272
341.765388,217,1154.61399
466.679367,237,1156.656546
767.589709,325,1159.14307
759.296095,315,1162.492329
424.104825,245,1164.555681
809.199834,355,1167.448113
75.914714,79,1168.253477
462.218649,256,1172.57834
1138.285269,1000,1182.013164
389.040217,181,1183.636099
512.087564,221,1185.304058
809.463727,322,1188.170643
103.428866,110,1189.006247
427.350543,190,1192.395147
495.729031,404,1195.698289
192.01963,123,1196.549119
404.692184,176,1198.17567
544.875944,274,1201.068786
296.827353,168,1202.675408
1311.207093,1000,1212.787826
1285.076229,1000,1224.074565
-2.571544,19,1224.096064
307.802014,143,1225.318964
618.751676,318,1227.805701
1325.319459,592,1234.565306
969.606481,1000,1243.742094
505.818322,220,1245.415685
283.270599,148,1246.653529
227.847347,149,1247.890033
597.595979,294,1251.144507
176.169628,94,1251.969976
503.987303,230,1254.022541
495.320638,371,1256.945059
470.312693,246,1259.643837
493.836028,227,1261.682053
-20.214255,141,1262.550379
117.331568,362,1265.804641
831.40936,824,1273.906282
525.557089,313,1276.4043
369.543207,211,1280.780227
501.665763,261,1282.857869
-11.082023,29,1282.891425
44.4716,137,1284.122247
271.007018,175,1285.741924
57.358995,145,1286.978322
1059.382468,635,1293.539108
-37.782407,122,1294.790245
166.809744,151,1296.04149
1030.254808,1000,1305.925599
1025.778317,1000,1317.742036
1526.375586,1000,1327.690285
1019.213465,1000,1338.181307
506.987088,251,1341.784846
697.438156,314,1344.262091
574.788428,361,1347.140105
-6.076723,66,1347.922236
1015.63166,1000,1358.681544
802.430545,1000,1368.725765
579.552652,386,1373.864002
216.858873,101,1374.683214
672.040933,373,1377.930215
332.856771,201,1379.564095
530.093574,239,1382.890148
522.688772,274,1384.966663
307.248546,279,1387.412407
198.025036,96,1388.232681
1461.900099,684,1394.614578
1239.93058,510,1398.733439
269.34749,170,1403.856836
594.781109,271,1405.925272
228.445524,117,1407.123241
425.979335,204,1408.769218
629.993401,291,1412.951148
914.530727,1000,1422.371518
478.220423,231,1424.414108
746.957722,529,1428.915499
945.846595,446,1433.674711
897.526242,712,1439.505263
224.993912,185,1443.564514
199.844751,160,1444.812709
261.096455,160,1446.059808
919.897865,400,1449.358884
722.900808,405,1453.800511
196.878494,179,1455.431226
510.990887,260,1457.494192
103.018524,68,1457.921446
574.54266,267,1462.887545
45.481704,218,1464.560273
918.699216,1000,1474.415625
1888.155526,1000,1484.36955
615.448146,376,1487.278728
108.520154,279,1489.722266
576.902382,242,1492.736238
217.226429,277,1494.824032
938.658664,1000,1504.891274
150.681494,86,1505.702879
429.486212,177,1507.326155
461.166063,210,1508.988481
547.394306,253,1511.955248
220.685417,154,1513.187122
406.130389,269,1515.267166
112.248368,302,1517.749394
921.26979,646,1524.528768
1025.341329,539,1531.873249
246.244234,178,1533.493267
164.28106,321,1536.001767
111.769246,223,1538.023756
521.325991,223,1541.525651
92.345169,140,1542.759637
963.397787,629,1547.754492
601.486869,385,1553.204981
1463.375691,724,1559.35926
146.821901,236,1562.629602
843.925644,387,1565.906045
1249.613513,577,1572.904118
516.580154,341,1575.43018
610.447529,487,1579.554782
450.795625,194,1583.31723
673.99609,326,1585.83531
119.495347,222,1587.884639
-7.585683,92,1588.704196
535.752791,412,1592.900172
2086.217832,1000,1602.307195
433.685065,277,1604.757528
24.801741,92,1605.213209
-9.486887,71,1606.010786
608.591715,346,1608.893239
40.257928,164,1611.698588
47.451888,177,1613.316182
1108.870989,1000,1622.669276
681.556423,356,1625.568745
15.550923,241,1627.267311
684.74152,288,1630.638225
658.887387,250,1632.697115
800.447908,326,1635.552619
770.97524,368,1639.625044
491.666083,220,1641.638241
271.072526,135,1642.48993
511.598659,204,1644.138849
907.02975,1000,1653.263601
105.106981,266,1655.769469
499.06016,224,1660.195782
140.33979,93,1661.004335
1108.515744,1000,1669.723548
270.495057,211,1671.3742
546.286002,228,1673.406742
515.928924,216,1675.065089
987.072786,1000,1684.218074
444.262341,226,1687.321166
172.068387,83,1687.763795
161.552167,81,1688.563122
357.718904,157,1689.795807
457.746622,254,1691.841972
1195.122624,1000,1701.039875
357.22746,259,1703.098184
481.857712,223,1706.631335
356.828583,329,1709.130062
1093.255566,1000,1720.092375
316.208888,136,1721.309013
733.4915,358,1725.151818
-11.691394,15,1725.168025
392.560436,191,1726.810731
45.092232,187,1728.445035
706.990407,398,1731.732924
936.428643,376,1736.112532
1044.607153,853,1744.209818
1014.552417,1000,1753.500311
1105.235243,415,1756.811188
917.820912,1000,1766.579466
1379.409781,962,1776.975248
563.80474,273,1779.430253
455.378538,235,1781.12508
457.24373,210,1784.389122
750.254811,316,1787.232145
1948.459805,1000,1796.742271
651.372488,314,1799.25096
896.830215,714,1806.651266
1083.662194,415,1810.329835
384.007763,189,1813.226017
1122.142893,1000,1823.678359
337.457544,172,1825.298159
632.316741,312,1827.777466
546.635577,282,1830.239248
13.7961,183,1834.091588
696.363498,440,1837.791295
394.177967,178,1839.416146
592.186492,258,1841.480758
816.446338,368,1845.905633
269.837951,140,1847.138249
599.173813,246,1849.195581
1909.951367,1000,1859.066765
653.11037,299,1861.544924
856.162497,375,1866.744606
2531.175732,1000,1876.99064
598.05206,281,1879.0785
564.988068,238,1881.129711
835.486142,377,1885.345731
1572.677611,754,1893.467895
865.536492,375,1896.384136
491.970577,265,1898.468259
608.623386,264,1900.899341
302.986255,174,1903.626306
851.29009,337,1906.494913
389.465272,175,1907.755389
340.94982,165,1909.371272
1392.108989,657,1916.264269
313.149303,191,1917.895243
497.161093,247,1919.952031
230.015495,112,1920.786838
1533.032104,845,1930.92222
209.949915,122,1931.79215
719.824226,371,1936.869167
-0.369277,18,1936.890519
1916.995166,1000,1946.108056
263.4422,146,1947.355577
107.29558,87,1948.181285
527.363609,218,1949.853755
893.759198,407,1953.791037
1297.966603,834,1962.457252
628.191271,238,1964.183098
552.4015,236,1966.262839
1114.063056,662,1974.328897
410.896543,182,1975.98815
409.340187,199,1977.639771
472.827389,227,1979.709268
592.698898,242,1981.447339
657.743267,264,1986.38783
1417.962235,684,1991.854111
477.425102,214,1995.956873
435.413898,220,1997.664053
407.67546,193,1999.332105
57.140583,222,2001.030284
143.554415,210,2005.411778
1650.680761,1000,2016.824663
363.716189,286,2018.917011
83.138231,165,2020.525614
-81.911662,242,2022.212198
362.365652,199,2023.861888
-51.872124,120,2027.594462
514.103067,461,2031.314192
520.025139,239,2033.368675
149.052003,92,2034.188182
27.396967,171,2035.447081
9.305245,137,2038.609025
861.040426,551,2043.150147
61.064094,183,2044.422375
760.423484,443,2048.929887
-6.135329,123,2050.135563
421.360031,297,2052.606007
401.309949,355,2056.53844
475.448337,424,2059.854895
211.387568,152,2061.094986
482.618004,260,2063.51851
1198.40932,734,2070.652816
396.85201,184,2072.27368
1.493551,155,2073.517187
920.317535,1000,2083.632648
59.048253,145,2086.326911
572.869454,242,2088.399452
862.530749,568,2092.937022
121.792576,145,2096.77012
296.520072,198,2098.422918
1437.462096,1000,2107.511599
1667.215152,1000,2116.874111
963.450588,630,2122.198298
524.478042,206,2125.247297
203.860401,254,2127.324517
404.313771,227,2129.008152
639.998788,316,2131.84514
289.251095,263,2136.367661
641.730993,436,2140.053688
595.931129,264,2142.132522
1390.841978,524,2147.374777
1029.898179,1000,2157.312528
277.201829,155,2158.558042
380.770197,205,2160.581279
93.156173,143,2161.451556
545.901669,333,2165.634168
1613.324743,674,2171.353487
568.427903,256,2175.451438
174.031743,182,2176.722785
33.6229,73,2177.517278
468.282226,266,2179.583591
402.436043,200,2181.223537
-52.826261,96,2182.040972
-48.056517,96,2184.112775
1876.848422,1000,2193.535877
579.77112,233,2195.575778
666.512219,418,2198.943961
625.761228,320,2202.541414
-4.64566,111,2203.736808
399.352628,204,2205.390866
437.062206,320,2207.877898
374.172379,308,2210.339109
464.76158,226,2214.226757
603.218999,259,2216.300108
375.679731,157,2217.551383
338.007635,216,2219.232577
553.040293,261,2223.302862
988.609528,1000,2233.332871
498.566646,197,2234.972274
600.520207,236,2236.654126
645.099202,268,2239.075255
499.577719,207,2243.059387
734.292939,424,2246.379167
-6.00548,190,2248.012022
466.819198,208,2249.663723
216.630967,120,2250.862241
581.080206,231,2256.203933
652.158157,374,2259.454564
73.943447,78,2259.89319
158.609533,245,2261.940116
280.685016,189,2264.493685
171.591604,372,2267.393065
1421.708376,737,2274.948074
60.102599,178,2276.587012
283.102463,155,2277.835254
474.729731,239,2279.889236
289.184587,162,2281.143842
800.024595,375,2284.660168
58.293903,108,2285.488902
1358.465211,811,2294.276054
493.041794,195,2295.913156
444.915779,210,2297.560186
461.418437,200,2299.190467
-3.420134,15,2299.206825
479.158547,196,2301.719474
478.242253,214,2303.378023
526.126843,239,2305.417299
72.549198,200,2307.060016
719.849333,276,2309.489302
845.847676,334,2313.064544
694.385489,310,2315.538085
604.775548,248,2317.606167
465.987751,220,2322.744126
973.514035,518,2326.873211
6.385241,24,2327.255283
492.067092,214,2328.921975
975.953969,424,2333.258705
653.28954,279,2335.704322
1023.483837,1000,2345.506423
765.714676,299,2347.971253
989.324394,1000,2357.236144
157.033922,93,2358.051075
354.168482,157,2360.596184
616.906765,315,2363.08028
632.021154,329,2365.931126
615.127463,259,2367.990068
1003.951725,808,2376.898761
2121.991418,1000,2386.283215
675.966958,309,2390.609416
174.479692,94,2391.426798
2124.094324,1000,2402.50106
1022.93556,1000,2411.788391
92.333021,180,2413.425211
392.365984,329,2415.927981
1100.93866,575,2422.135724
579.144129,227,2424.160243
696.994277,282,2426.261744
520.205475,245,2430.986853
698.291226,293,2433.456525
2384.587898,1000,2442.087908
264.118906,132,2443.31041
229.538837,155,2444.553261
571.557347,226,2446.229531
111.396589,112,2447.069248
899.578515,1000,2456.465503
1565.832477,699,2463.825986
693.863734,259,2466.248132
563.001388,308,2469.737276
550.793244,241,2471.785591
592.33763,252,2473.856865
1056.973521,440,2478.514022
390.227247,212,2480.533195
53.395401,174,2481.800307
86.469526,168,2483.054708
634.874916,248,2485.105094
161.033457,292,2489.282747
629.170841,291,2491.743754
450.719393,330,2494.611265
2337.449461,1000,2504.492648
349.551996,232,2507.469102
138.319882,88,2508.278391
335.023635,151,2509.50983
-69.333912,214,2511.180754
812.935835,536,2516.93903
1122.034446,891,2524.371637
1704.582848,839,2532.431386
534.469012,222,2535.342275
331.21119,153,2536.589375
744.64676,314,2539.093244
875.49449,494,2543.229248
89.456283,142,2545.690572
1174.720447,791,2552.269383
99.84356,67,2552.735751
79.592381,248,2556.254819
438.752875,286,2558.709563
649.826826,293,2561.180058
310.395323,178,2562.437096
891.869087,592,2569.297254
-11.798983,138,2570.528725
22.244368,122,2571.731477
542.353302,215,2575.516644
1094.869893,627,2580.48308
770.08542,328,2584.348482
346.788728,171,2585.607226
491.107266,212,2587.61228
313.865439,260,2589.666671
446.794015,210,2591.32617
702.556926,321,2594.886148
1019.616402,377,2598.149127
176.083473,109,2598.975808
394.845208,186,2600.613658
-3.284453,57,2601.03703
337.257112,192,2603.834316
4.660458,66,2604.261581
704.367643,326,2607.121522
359.48807,184,2608.399164
380.816568,188,2610.025207
475.84421,218,2613.673708
-19.305895,150,2614.90202
594.132927,462,2618.975244
251.53604,146,2620.198204
102.439306,87,2620.647126
619.352609,268,2624.845659
610.113863,281,2626.924986
688.515031,396,2630.201091
2216.549677,1000,2639.624926
555.061926,225,2644.583483
445.686648,210,2646.240926
513.803867,249,2648.289026
1342.139597,782,2657.026321
440.952403,199,2658.671172
587.562211,378,2661.584841
313.715362,244,2664.697059
25.08631,91,2665.514185
101.532576,69,2665.947306
383.480964,176,2667.576259
522.918792,216,2669.245208
2332.47948,1000,2678.60342
490.007649,227,2680.642727
647.150047,277,2684.430986
314.259081,175,2686.056586
513.416197,321,2688.538122
725.810375,403,2693.544241
100.651208,143,2694.765148
14.812044,79,2695.570873
145.694273,264,2697.646206
983.397025,525,2703.507735
439.13672,232,2705.541877
493.283598,317,2708.036009
35.499132,115,2709.234181
464.756213,334,2713.718225
138.066205,86,2714.527165
434.575625,196,2716.168551
565.853613,353,2719.046762
617.249058,406,2723.251224
1316.385074,535,2727.762681
1226.758765,479,2732.97749
48.147249,144,2734.253738
1063.498941,496,2738.377653
491.741961,245,2741.933109
440.05639,282,2744.387324
482.96818,238,2746.069985
1176.386664,728,2755.00921
34.455455,133,2756.224166
703.426724,364,2759.121194
-8.853087,92,2759.943259
20.20365,96,2763.168195
583.935913,259,2765.260763
889.353305,332,2768.146408
15.231059,94,2768.601976
4.734957,64,2769.392204
753.482179,349,2775.276189
413.532507,161,2776.521094
2105.231982,1000,2785.608251
478.905958,189,2787.248295
55.521525,163,2788.500117
534.080809,210,2790.157986
740.969471,277,2794.720232
343.575436,174,2795.985112
319.47365,275,2798.447528
587.181031,245,2800.505733
930.031101,433,2804.709746
1587.611665,718,2810.847241
605.005804,260,2814.758143
433.532537,375,2817.676861
293.827186,160,2818.927683
837.409403,1000,2830.977113
497.788685,191,2832.609863
5.521317,23,2832.997083
254.62965,130,2835.264006
629.379021,267,2837.709826
631.255669,273,2839.798264
553.553746,230,2841.828405
175.79747,162,2844.233222
438.699491,255,2846.306747
948.60954,435,2850.005204
184.484013,111,2850.848744
691.129816,266,2854.364156
1168.453642,511,2858.882286
2353.711299,1000,2870.866557
904.364145,343,2873.385216
83.127131,188,2875.880116
248.786871,127,2877.097033
560.313218,223,2878.768212
794.067013,381,2882.022695
486.076884,194,2884.81553
1195.06691,546,2889.335287
1114.149759,411,2894.880295
369.728864,159,2896.125051
424.391715,197,2897.762887
1870.165757,1000,2909.314112
253.158158,272,2911.388368
932.933322,455,2916.133211
339.361168,153,2917.735009
712.478033,293,2919.826068
525.684113,204,2921.473763
593.160835,232,2923.507986
373.837065,188,2927.619514
479.337875,210,2929.270722
793.432227,559,2933.785652
2085.457287,1000,2943.290003
144.023267,236,2946.620884
360.654232,328,2949.459229
356.72641,251,2951.506502
542.916816,244,2953.194981
916.448731,395,2957.984406
2180.11824,823,2966.930745
1126.544317,467,2970.642725
1179.441626,866,2978.49993
271.909529,164,2980.10719
433.49703,206,2981.750172
490.167068,281,2985.978049
1018.889632,498,2990.073074
373.591908,154,2991.667829
659.769484,269,2995.278383
2079.444634,824,3001.864405
669.428023,301,3006.183432
924.330207,346,3009.057212
400.537423,248,3011.108767
658.728817,323,3016.71969
163.005713,107,3017.548329
2366.482453,1000,3028.228143
623.429768,343,3031.09126
1326.091505,481,3036.535246
389.182135,310,3039.385276
476.20359,239,3041.068023
630.778176,288,3043.520154
878.926633,408,3048.222255
419.155414,184,3049.860232
728.113883,291,3052.333682
434.79225,179,3053.609106
542.856549,222,3058.297258
765.778727,299,3060.771093
522.63812,330,3063.273276
910.315231,525,3071.181995
203.237088,158,3072.423717
2165.838269,1000,3083.614304
1572.221412,929,3093.448664
394.33025,211,3095.13005
2903.86996,1000,3105.648759
700.210461,370,3109.975427
1059.0747,1000,3120.536356
671.638743,267,3122.9687
346.742454,160,3124.218236
478.803717,191,3125.866482
1999.337863,1000,3135.069731
719.305646,308,3137.547902
334.696304,245,3142.167818
709.242944,373,3145.0798
221.918904,131,3146.290237
1003.830616,530,3151.485295
31.526879,170,3153.103139
2008.655879,754,3162.549434
1959.234999,1000,3173.084674
720.066119,275,3175.181213
-29.257105,111,3176.372401
1373.718229,575,3183.682035
499.991249,250,3185.73774
521.294199,248,3187.791807
2232.883135,1000,3198.689977
1150.100844,547,3205.396662
752.150597,377,3208.320238
464.957838,188,3209.961701
582.6413,234,3212.008595
789.946299,309,3216.951158
342.721291,197,3218.599298
2292.503191,1000,3228.480191
1314.450478,665,3235.90938
1002.772589,503,3240.019152
572.642813,276,3242.473764
737.482968,360,3247.853859
1114.490528,547,3252.391305
2435.855355,1000,3261.794291
456.863547,181,3264.533324
2681.152711,1000,3276.381343
1108.203381,443,3280.069436
2493.506608,1000,3290.212475
288.459273,180,3291.473001
683.344754,296,3293.925186
365.044832,177,3298.028229
1450.375311,612,3302.96065
664.281033,308,3306.397231
694.909734,294,3308.858184
216.318043,376,3311.753771
570.614503,267,3314.189479
1854.440423,828,3323.894272
570.481145,274,3328.71342
2190.568333,1000,3338.008154
705.262183,307,3340.497192
955.993256,407,3343.789219
407.032295,190,3345.423054
379.990958,194,3348.14462
486.69113,228,3349.812909
79.723607,76,3350.612025
218.603368,113,3351.449304
59.824532,171,3352.708998
360.498783,152,3354.307919
1075.789154,509,3360.436513
429.739231,180,3361.711418
584.368494,299,3364.198058
450.686876,218,3367.723415
1336.582175,587,3372.32436
269.938266,183,3373.956975
145.326033,146,3376.906405
551.976901,325,3379.403134
2614.506894,1000,3391.213217
977.682884,1000,3401.850811
919.22483,383,3405.147841
1665.842426,624,3413.180896
448.798005,214,3414.851078
434.065126,189,3416.497138
1071.938095,363,3421.606581
1397.331882,1000,3432.699654
2567.263768,935,3441.859223
206.662981,132,3442.715706
1041.948908,391,3445.992921
664.601178,274,3448.439686
160.822623,108,3449.273428
1076.240792,429,3454.046232
723.953801,314,3456.897639
863.53597,480,3462.400976
676.962493,251,3464.46914
1120.519636,452,3468.19069
491.889145,215,3471.458894
2720.272436,1000,3482.229251
2522.97511,1000,3493.135261
432.322433,231,3494.818917
160.773191,116,3495.661744
1472.735742,818,3504.364145
2403.846419,1000,3515.240599
2429.470086,1000,3524.998799
90.909084,188,3526.629156
659.049473,294,3528.72175
513.835309,273,3533.692711
681.614708,311,3536.184147
513.981116,224,3538.228179
125.297716,250,3540.288254
77.922989,184,3541.572638
1513.608779,554,3549.272381
517.917346,235,3551.322885
2539.119609,1000,3561.274059
224.78604,109,3562.104999
321.67362,154,3565.472708
342.822494,237,3567.529386
2719.703532,1000,3579.172252
884.845131,412,3582.45601
54.929389,179,3584.076213
620.43794,264,3587.472086
661.039331,274,3589.901309
1023.276102,1000,3600.425714
534.295038,259,3602.49426
445.125263,161,3603.742972
370.278369,170,3604.994715
15.136143,32,3608.004354
2871.311097,1000,3618.868782
852.857089,397,3622.147986
-18.925706,154,3623.388144
1224.623413,442,3628.563738
2251.645911,1000,3639.637513
38.493375,179,3641.271262
1416.043769,535,3645.415875
811.262177,316,3650.35854
2312.181015,769,3656.54611
901.203887,339,3660.951705
1563.843258,657,3666.29808
1497.996299,522,3672.693681
156.635827,201,3674.336172
772.436018,325,3677.190237
776.858617,368,3682.449618
1093.412224,470,3686.536244
1114.438195,390,3691.360554
419.074822,209,3693.376227
142.899745,237,3695.064135
1121.826449,374,3698.331208
2766.437846,1000,3708.382136
441.309929,229,3713.39493
1590.622636,560,3718.269529
1963.237365,674,3725.542005
2610.867446,1000,3736.121966
2392.121534,1000,3747.582149
1910.381202,666,3756.717525
2957.608805,1000,3767.749461
1641.229843,621,3773.070149
998.577162,445,3779.755531
2433.90176,854,3786.747546
2438.996963,1000,3797.712731
1587.353769,528,3805.200413
1334.060824,563,3813.284528
2889.958412,1000,3824.386289
119.062618,169,3825.638294
2947.266288,1000,3836.608675
2737.39619,1000,3846.23004
360.760041,165,3847.480604
1051.001521,464,3851.549184
790.696734,340,3856.38818
609.634094,277,3858.846339
966.835633,457,3862.550511
385.026928,208,3867.958589
829.820585,342,3870.837308
599.813633,247,3872.892321
1045.620894,352,3878.713262
949.370652,422,3882.031126
1677.876197,573,3890.682916
2324.352736,1000,3901.953888
775.138453,303,3904.418991
1081.800783,388,3907.699418
1919.673272,717,3916.15461
2676.94448,1000,3927.719202
1664.543655,580,3934.502398
620.465557,231,3936.178769
1116.149979,412,3939.833812
447.646477,172,3941.092962
1057.20292,414,3945.763981
1637.489186,572,3950.685278
1027.634534,398,3956.019055
714.943649,291,3958.123138
1254.952811,530,3964.522235
142.754317,83,3965.332192
1329.805966,508,3969.446764
342.944519,167,3970.695229
1694.224977,641,3979.840015
2422.558554,1000,3990.270148
640.507968,260,3992.326444
412.008505,220,3994.456535
572.745929,257,3998.372292
358.451391,160,3999.636732
2676.387355,1000,4010.65941
2696.331367,1000,4022.107057
1299.997548,429,4025.789797
3107.225617,1000,4035.976142
199.983646,110,4036.813209
2631.954656,930,4045.441289
807.771475,317,4050.856816
1811.353314,618,4055.788559
215.396736,130,4056.997505
510.489487,217,4061.781248
361.082249,200,4063.430189
1023.816731,422,4066.735131
2568.150146,1000,4077.966774
807.758856,279,4081.517113
710.025824,383,4084.787292
1100.945919,365,4087.687346
270.528838,149,4088.915918
282.818248,135,4092.177182
2008.838291,1000,4103.184466
952.126781,374,4106.091895
2467.908588,830,4115.62615
996.160237,376,4118.546721
2234.990176,666,4126.497244
1073.950291,371,4129.403986
1025.987296,389,4134.373276
380.582828,226,4136.048023
201.907319,126,4137.257279
227.198422,119,4138.104043
613.515147,262,4140.187922
263.713678,150,4141.42641
290.033236,162,4143.882191
1987.233407,772,4150.094187
79.577836,195,4153.101209
2729.806213,1000,4163.542117
264.35597,130,4164.76026
560.476532,225,4166.439876
741.96603,261,4168.504699
994.266287,459,4174.58138
117.807136,91,4175.040516
2988.22772,1000,4185.653958
252.46334,153,4186.88472
451.422361,215,4188.920442
3150.554625,1000,4198.879691
950.989602,392,4204.801796
974.135456,385,4207.701258
1432.450802,432,4211.383826
1892.499523,1000,4222.294053
3356.532067,1000,4232.093766
872.322796,467,4238.237747
189.525803,108,4239.066759
1776.276552,642,4247.417712
669.466099,281,4249.853981
3323.288077,1000,4259.636231
1991.154917,686,4267.267457
240.976209,213,4268.932169
2689.274522,1000,4277.73242
1004.114378,374,4280.634125
-0.40271,15,4281.007881
9.945373,26,4281.03499
1187.301016,429,4287.896174
1612.807699,521,4292.020816
1.625413,19,4292.400274
242.871625,129,4293.262164
224.760404,114,4294.102992
658.957393,313,4299.555627
593.602983,217,4301.224221
185.670042,125,4302.070563
166.833097,86,4302.874097
1026.423931,471,4307.558257
291.850513,168,4308.812336
2285.004992,779,4317.423402
180.336074,109,4318.263866
497.436442,186,4319.537789
398.97159,163,4321.144719
1270.395163,411,4324.44205
1552.017778,564,4330.528997
1487.669654,640,4337.586189
567.588247,230,4339.610178
1207.907794,508,4343.728809
780.578734,342,4349.798372
1547.197234,577,4354.448275
367.502785,223,4356.482049
782.485695,339,4361.252225
1328.607517,724,4368.229144
241.379106,124,4369.084986
448.966727,165,4370.694744
2724.87037,1000,4381.572993
2633.771717,879,4389.512789
646.673035,419,4393.181671
875.381735,370,4396.07917
577.358586,262,4399.398728
70.612486,75,4400.194264
345.906382,164,4401.447075
890.637257,295,4403.905593
1712.521153,596,4410.71572
194.394237,146,4411.95312
1103.692566,457,4415.67923
406.396795,193,4418.189288
94.40794,81,4418.633208
1428.388798,611,4423.977739
141.153825,247,4428.800055
378.984339,166,4430.057072
879.827557,416,4433.385265
811.887399,332,4439.835467
429.359863,172,4441.096663
6.348941,37,4441.494363
995.75683,1000,4451.892175
444.678529,180,4453.521184
476.716785,196,4455.190837
2916.672931,859,4464.299738
680.242761,271,4466.385229
143.098965,109,4467.229053
742.753127,354,4471.862227
3493.341681,1000,4481.183079
925.999013,1000,4490.850615
355.758308,144,4492.078722
451.606224,192,4493.711235
106.408901,90,4494.521859
2374.627651,773,4503.867832
999.174218,1000,4514.186478
329.666719,156,4515.790709
350.904591,170,4517.051272
95.894989,90,4517.865273
641.723455,238,4521.671699
2309.720633,810,4528.63689
352.591919,169,4531.605429
1213.285817,538,4536.2301
93.03154,102,4537.062991
997.33887,1000,4549.229565
1055.968231,379,4554.805226
210.336681,124,4556.023565
1010.006094,352,4558.912086
878.181713,362,4561.797316
734.266489,267,4565.958873
1463.223876,480,4569.682744
637.887334,238,4571.730297
1082.037949,458,4578.874903
1101.141559,362,4581.765193
576.292813,207,4583.413074
754.868023,300,4587.926779
353.629309,157,4589.514216
335.250657,446,4592.83977
2045.504619,1000,4604.648188
1317.596257,440,4609.93908
617.41914,206,4611.589724
318.6933,153,4612.821709
399.600214,157,4614.431848
1125.859549,379,4619.521176
1952.191408,746,4625.656882
2966.249489,882,4635.272567
1115.228226,380,4641.57437
1154.444323,398,4644.855022
518.096122,223,4646.89423
1405.841777,434,4652.565901
721.099558,339,4655.443198
1307.104888,468,4660.693976
3033.808445,907,4668.110692
1461.469429,662,4675.635135
244.228434,124,4676.477707
2411.449324,751,4684.447176
2978.559992,1000,4696.289201
1939.087989,596,4702.647363
7.9999,32,4703.045152
94.877279,187,4704.679249
3438.56747,1000,4714.975734
179.403531,110,4715.809995
3219.471019,1000,4726.978583
221.74848,109,4727.815069
2836.025118,1000,4737.175141
1246.064043,447,4740.888282
1831.622621,558,4748.682856
1036.357782,333,4751.544421
712.615692,259,4755.088111
813.725037,274,4757.523296
945.18585,291,4759.623737
1182.418752,388,4765.685445
1481.21721,473,4769.75116
281.701198,146,4770.982769
1223.685437,409,4776.970295
130.361347,90,4777.785058
971.959709,360,4780.678507
2549.371271,765,4789.203269
89.389707,81,4790.006182
2977.163194,933,4800.581455
568.855574,214,4802.596711
185.256558,99,4803.420221
221.991375,135,4804.276001
844.608991,338,4810.24212
1185.508917,366,4813.142715
144.544543,88,4813.953889
2388.96987,1000,4825.882538
3488.033648,1000,4836.301406
3465.07006,1000,4847.465238
1297.161909,481,4855.437407
497.524567,210,4857.089815
406.958358,169,4858.341768
295.31297,148,4859.583212
1220.557387,361,4862.49402
178.854542,92,4863.304077
461.880897,200,4866.127675
1206.409329,355,4869.004562
474.659502,247,4871.05599
271.162277,157,4872.293732
105.004747,84,4874.312118
616.525026,242,4876.362981
367.666737,206,4878.017491
157.018148,87,4878.827718
685.499844,234,4880.864412
383.392356,163,4882.110191
858.61918,289,4888.147189
965.393516,322,4890.648551
144.541508,133,4891.862374
482.083432,202,4893.613192
532.471999,201,4897.495571
404.47334,176,4898.754136
2127.040432,590,4903.694353
195.414739,109,4904.521518
332.064136,164,4907.454262
567.790988,241,4909.143057
575.081528,203,4910.791874
1222.800091,374,4914.049419
718.09881,249,4917.990313
2779.707622,730,4923.763151
401.340789,173,4927.631254
511.685062,194,4929.258241
723.226118,235,4931.293481
628.515921,250,4933.342176
347.646501,177,4934.59889
265.612355,128,4938.106257
269.016746,123,4938.946856
291.0207,129,4940.149238
195.613289,103,4940.969213
2759.889963,842,4951.473283
391.159751,157,4952.757458
964.099788,320,4955.464873
2337.625591,1000,4968.606319
6.256096,22,4969.029784
910.100662,326,4972.891701
149.984527,92,4973.800066
247.005898,116,4974.735581
86.943623,76,4975.618469
1851.770407,600,4982.259427
125.808601,83,4982.720008
70.028206,90,4983.577234
3327.718917,1000,4995.667294
3587.587573,920,5006.681783
244.516989,126,5007.531903
817.779193,294,5009.99374
2171.161676,650,5019.053243
991.282107,327,5021.912631
3751.714498,1000,5033.986038
1980.50023,495,5037.734835
1359.378242,465,5044.577327
4049.567908,1000,5056.689811
3063.905393,922,5065.731137
2715.482023,895,5075.579039
1099.102,361,5078.540018
2407.992343,628,5086.825318
765.5961,258,5088.945098
3819.526039,1000,5098.186291
974.599113,366,5101.077791
3111.439658,848,5110.871501
11.837636,36,5111.268061
1213.177412,438,5118.90414
3012.89209,1000,5129.388689
1242.60362,391,5132.6973
429.996741,186,5133.97206
410.919972,175,5135.596358
1085.429803,377,5141.948264
710.131707,266,5144.388274
548.905227,212,5146.052879
192.066921,103,5146.882259
1082.48772,354,5151.836304
188.968339,101,5152.66642
2935.381999,763,5160.682894
128.251961,77,5161.482646
388.581991,163,5162.730768
863.379575,278,5165.188208
289.460559,143,5166.42128
1135.169432,438,5173.020799
3761.618786,1000,5183.081018
121.029545,71,5183.867688
140.319718,94,5184.686996
2577.850128,723,5192.86097
983.283767,370,5195.746363
370.354278,144,5196.969673
859.598475,293,5199.424965
660.220074,216,5203.46694
2426.339974,630,5208.417755
452.638648,242,5212.029384
555.573513,211,5213.69203
399.619972,166,5215.306712
398.95456,168,5216.556265
353.136626,166,5217.810178
2990.05962,812,5226.234381
748.413467,290,5228.686976
1379.653353,493,5235.98823
3090.827634,1000,5246.266265
2025.994644,729,5253.857239
4035.988453,1000,5263.655354
469.604597,175,5264.913762
376.348168,155,5266.151783
544.493447,231,5268.183398
212.688034,97,5268.999205
850.927631,301,5273.092402
2731.860297,654,5278.408029
195.237279,115,5279.245842
286.5706,114,5280.442197
593.849939,229,5283.55915
1198.817413,343,5286.418022
498.693657,217,5288.064416
371.08033,169,5289.669202
947.387369,283,5293.661799
590.943228,253,5295.7171
349.475224,350,5298.577089
801.337032,309,5303.035215
640.870238,218,5304.695112
1628.749119,595,5309.614078
726.340505,253,5313.108349
136.570609,218,5314.762031
1400.529363,431,5318.435044
693.338214,265,5323.360377
571.69489,206,5325.010351
808.260371,270,5327.452236
2464.180796,688,5335.858094
822.358325,329,5338.725163
402.272358,174,5340.339103
1269.371104,494,5345.451133
538.791077,210,5347.471254
513.030347,182,5348.742064
466.214615,181,5350.375189
160.051567,281,5354.650739
311.666942,142,5355.871898
297.514936,130,5357.088325
614.454039,792,5365.121861
1211.321332,375,5368.047973
844.124513,300,5370.518736
186.812699,110,5371.349483
2878.977433,829,5381.464074
361.812098,153,5382.706021
333.712407,145,5387.608474
863.697083,302,5390.088096
624.152453,231,5392.132646
1280.859969,397,5395.427252
698.367868,259,5398.769438
1438.901896,372,5401.679079
705.29933,257,5403.745188
382.92504,162,5407.886197
59.541088,165,5409.148141
678.129758,299,5411.627219
3040.97471,1000,5421.787291
1891.718791,630,5429.091261
1071.888709,380,5432.356252
656.281463,241,5434.499156
2430.255584,626,5441.278163
169.636454,164,5442.901832
123.955086,173,5444.154089
554.417953,220,5446.176913
1537.881757,466,5451.175872
408.771577,161,5452.428087
189.221338,95,5453.24102
778.317058,226,5455.281151
753.404632,246,5458.277297
1106.803521,326,5461.147365
295.465092,153,5462.390307
1223.132015,376,5465.656246
1557.344929,490,5470.82974
2710.646178,1000,5480.954202
1533.153854,454,5484.666114
300.770462,134,5487.790272
339.687456,143,5489.01855
241.450497,110,5489.860996
1694.298553,473,5493.943738
1370.244466,418,5498.990263
755.699526,586,5503.958273
491.91967,172,5505.224127
739.737284,234,5508.840617
568.301359,218,5510.502982
1275.350748,384,5513.780424
929.25566,319,5518.03672
4556.879464,1000,5527.680142
511.654188,176,5529.297412
1037.885809,375,5532.192267
1438.00694,435,5537.661218
521.343035,175,5538.93504
726.361148,249,5541.012277
2258.690995,720,5549.271398
1784.780023,635,5554.619446
618.559128,235,5558.454766
948.149936,357,5561.335101
2942.408679,915,5570.714272
929.661212,452,5574.441235
1325.129294,524,5580.258251
1481.990551,470,5584.359144
102.692897,94,5584.825409
1188.547497,344,5589.082768
1019.743173,341,5591.959874
372.061184,160,5593.206149
232.998982,123,5594.411227
90.265447,113,5595.243131
689.051641,266,5599.547977
476.994125,207,5601.557456
1382.286696,394,5604.474629
561.256667,193,5607.507285
432.489151,157,5608.747553
1377.095649,424,5612.401026
596.18101,213,5614.166296
733.567124,239,5617.737331
2140.140014,756,5623.89817
94.036609,82,5624.698056
839.14809,277,5628.664788
697.331871,233,5630.689323
259.893831,116,5631.518032
896.790201,274,5633.951478
29.409769,166,5635.198059
103.431514,106,5637.945109
2031.803543,619,5643.236457
500.964452,187,5644.500151
2804.996237,916,5653.740248
2146.161912,599,5660.986307
769.135959,426,5664.28809
248.0109,127,5665.503196
300.912272,135,5668.196794
275.497222,126,5669.403355
1594.063057,548,5673.905608
472.323764,196,5675.536164
1712.440868,560,5682.345026
168.552497,94,5683.167361
476.44961,237,5685.204233
173.079351,80,5685.645426
361.729165,150,5688.570101
475.812035,220,5690.594653
612.67018,238,5692.273975
691.365247,240,5694.322981
518.553021,253,5698.367485
193.369866,114,5699.208217
416.408856,163,5700.817688
1156.314977,410,5704.112092
627.131936,243,5706.159527
488.416661,217,5709.963163
1645.461249,528,5714.471546
2845.458687,833,5722.763019
597.37927,208,5724.407732
204.654182,474,5730.106063
-22.150975,136,5731.333427
845.771599,1000,5741.462841
508.357829,212,5743.12421
621.320898,226,5744.806992
951.011473,290,5749.816427
111.834047,59,5750.234733
2847.412707,1000,5761.139105
673.996436,250,5763.200625
2073.024252,589,5768.132165
2198.768217,627,5774.771281
402.020448,155,5776.010212
2646.7835,722,5783.501265
1590.496478,757,5791.618476
2911.296112,965,5803.45314
370.764645,223,5805.13108
3173.607668,1000,5815.776927
499.299436,274,5818.225098
2594.10143,698,5825.574276
55.922379,97,5826.395636
-8.84588,72,5826.830159
1600.608663,518,5833.842716
1003.956108,304,5836.336109
3740.874696,1000,5846.234091
609.122876,253,5848.665072
145.007516,263,5850.757611
358.985477,156,5854.714687
1520.098322,523,5858.868709
868.380444,364,5862.131882
682.845112,287,5866.172407
3259.532254,1000,5876.715266
1630.398431,561,5881.645295
1013.72391,351,5886.548276
93.392321,260,5888.63541
993.971227,356,5891.535878
771.816536,322,5897.162514
172.301395,106,5897.999319
343.461308,274,5900.451146
575.111141,193,5902.105245
984.215745,1000,5912.019819
1083.092836,371,5918.149375
33.231383,125,5919.360855
296.435149,137,5920.216183
856.155544,348,5923.088917
954.114292,312,5925.932403
543.341085,238,5929.41046
1204.48861,423,5933.089061
255.743935,127,5933.936723
1387.916808,394,5939.832799
3121.867504,1000,5949.957519
1267.040219,551,5954.489039
598.82244,216,5956.514
543.086982,199,5960.131675
1369.87144,402,5963.422265
1079.678212,361,5966.321389
1350.458885,373,5971.581375
452.575922,211,5973.689246
3556.155177,1000,5985.019478
2712.681663,732,5993.408091
1832.550187,590,5998.316896
543.294857,193,5999.943075
914.318649,319,6005.293146
971.753687,372,6008.55718
313.437515,152,6009.788307
2867.183969,946,6020.400352
1622.501992,478,6027.186898
761.181221,259,6029.257423
1284.741016,389,6032.546218
493.906827,244,6037.093366
3384.265039,1000,6047.475902
3610.24504,1000,6057.774315
1136.910293,373,6061.039915
1405.230221,433,6064.368743
2539.585296,741,6072.208265
1632.256572,440,6077.745775
3159.663371,986,6087.76671
1394.966612,425,6091.098933
1543.40714,658,6098.217057
927.843681,326,6101.079488
1662.808651,457,6104.798087
312.477327,134,6108.290262
1130.578167,400,6111.585259
2470.671712,671,6118.445191
519.460103,290,6120.912632
449.054692,203,6122.557127
2167.472747,618,6129.207024
1267.903763,368,6132.465967
1228.536995,386,6136.749224
212.802573,105,6137.584283
1304.672811,423,6141.254195
1199.872661,388,6144.52665
174.960955,97,6147.087849
1044.549952,368,6149.995297
387.704197,167,6151.25263
3455.571994,1000,6160.936284
166.328741,91,6161.757633
626.399,260,6163.823883
133.373034,80,6166.921127
1509.534811,459,6170.63959
386.239491,210,6172.29599
351.795644,144,6173.52096
1190.344974,373,6179.101308
582.613552,225,6180.778748
2440.309115,795,6190.291062
2077.31457,636,6195.655303
3420.383688,968,6205.972125
631.951459,232,6210.296169
272.247936,139,6211.157414
618.401619,228,6213.199274
1197.34088,377,6216.479268
499.182766,496,6221.807586
1171.712149,397,6225.112668
762.41271,249,6227.174991
2990.449969,769,6236.231706
258.63542,143,6237.46625
466.089797,269,6241.578414
620.020263,326,6244.443279
535.070859,224,6246.11502
1427.81749,471,6251.90565
1180.360894,417,6255.580304
390.44398,164,6256.836197
337.781621,152,6258.079268
544.104594,243,6262.115221
236.072081,112,6262.945032
310.342811,194,6264.598114
686.056355,276,6267.044728
602.917278,221,6268.731606
2618.97373,717,6276.582284
1530.103903,1000,6287.529829
3119.219348,806,6296.279304
770.799404,296,6298.728159
1462.002303,395,6304.299766
1140.374646,351,6307.153818
236.712675,116,6308.346225
1688.760109,418,6314.452179
3547.192215,872,6321.409174
99.216998,90,6322.216803
2290.912446,614,6330.469158
1090.14367,341,6333.02335
427.348727,170,6336.842094
9.113225,106,6337.669357
1081.950335,329,6340.163643
2879.365699,817,6349.830184
3420.550671,1000,6360.23003
2764.072507,784,6368.477162
148.567486,94,6369.290037
2089.924012,752,6375.449687
830.940547,275,6381.082179
1330.918122,420,6384.372108
320.273291,167,6385.98063
36.746637,112,6386.817244
-34.707713,88,6390.38168
3891.731286,1000,6400.69171
2267.678823,937,6408.128144
681.379221,253,6412.170143
395.299554,148,6413.40265
505.986936,221,6415.433164
993.853307,368,6418.348825
2774.67642,684,6425.854465
296.265387,145,6427.07412
708.664488,258,6431.217838
1172.449722,427,6434.535747
634.316895,242,6436.596547
2385.408606,681,6445.004101
930.729785,409,6448.308148
3161.817352,1000,6460.098338
241.725998,105,6460.934104
953.449038,319,6466.288556
485.486996,199,6467.932327
1100.958646,352,6470.812711
221.806597,384,6475.921046
1078.236623,372,6479.181419
1851.327478,522,6485.745088
18.658935,98,6486.564646
670.217831,242,6488.622237
1024.268648,360,6491.567346
736.222464,376,6497.722511
1146.134184,375,6500.688106
377.128906,184,6502.351531
1756.458199,678,6510.261327
415.523743,162,6511.886181
0.345366,129,6512.774534
685.695989,467,6518.060733
597.443743,246,6519.753843
1543.518262,475,6523.835754
168.63301,299,6529.242049
319.34805,142,6530.479261
790.802792,386,6533.763242
289.571755,273,6535.846044
41.827287,147,6540.091012
671.018496,247,6542.154084
288.404043,179,6543.424019
672.446536,250,6545.503981
257.471925,232,6550.23737
254.389414,126,6551.44886
76.762584,71,6551.883432
948.152255,293,6554.336062
1680.847694,503,6560.404457
203.994173,172,6561.660192
2022.354115,601,6566.595658
374.510329,176,6568.218986
637.605432,252,6573.566236
643.354811,228,6575.596173
365.083035,161,6576.841209
1161.24726,430,6582.383863
2560.182874,770,6588.951283
911.058499,282,6593.118541
923.33332,317,6595.964251
1053.781045,324,6598.452139
1447.874878,422,6604.658875
-33.72574,108,6605.494926
1632.345933,472,6609.210033
1103.65785,332,6613.413842
15.723302,54,6613.827031
231.982025,121,6614.668839
313.448188,126,6615.875004
59.210233,136,6617.101647
195.212338,247,6619.156634
1514.819603,537,6626.086902
942.2198,312,6628.922193
2179.679366,649,6635.564603
897.195465,398,6638.497991
3576.276567,935,6648.41712
112.241791,67,6649.208517
892.990822,1000,6660.199634
32.981171,146,6661.068157
1052.533215,331,6665.962055
1611.858921,432,6669.638417
2452.833564,721,6678.244759
35.777817,96,6679.058074
249.894483,133,6680.265894
419.854781,220,6681.9209
532.694695,203,6683.559756
800.629655,343,6688.371151
408.0676,153,6689.611991
60.170453,212,6691.264114
126.676852,87,6692.071981
1060.930046,448,6696.965397
783.919015,261,6699.026356
2725.530417,1000,6709.219999
134.58774,157,6710.458258
-29.393041,76,6711.26115
29.623994,254,6713.321969
468.371049,186,6716.843234
1264.46285,364,6719.72845
456.702329,197,6721.377158
460.035714,171,6722.633749
416.424495,178,6725.952746
709.864981,260,6728.027537
150.338673,108,6728.863982
3471.351615,1000,6738.418783
233.889071,116,6739.612206
1004.153104,377,6742.506088
702.843756,254,6746.159203
193.303137,106,6746.985916
550.428395,213,6748.992462
717.967593,274,6751.074347
20.917862,56,6751.492818
2251.942141,620,6758.609628
372.179077,154,6759.843163
2620.649257,793,6767.891863
311.632885,211,6769.549503
445.314154,177,6770.80618
288.690449,134,6772.020694
659.9876,248,6775.335232
628.226458,227,6777.013188
316.142978,139,6778.230667
403.05303,170,6779.842278
943.526791,331,6782.352839
191.974837,98,6784.574285
190.538356,105,6785.400753
463.638477,204,6787.061897
199.924315,130,6788.27283
664.549279,242,6790.322237
-4.955082,22,6790.345389
612.542209,233,6793.998286
459.070887,177,6795.265523
858.308722,370,6798.53771
1137.539915,335,6801.4092
581.091893,228,6804.488054
132.566766,69,6805.279549
326.48777,144,6806.15943
831.637813,271,6808.614118
826.168895,266,6810.69649
1412.924513,418,6815.391073
473.824282,168,6817.001271
3256.53979,1000,6827.196692
485.196479,199,6828.848053
232.209023,121,6829.692045
147.947535,85,6830.505248
914.824585,287,6834.025649
553.515511,203,6835.676242
643.315467,205,6837.318437
3353.693135,1000,6846.888308
445.725736,189,6848.520215
415.715736,162,6849.755041
981.398527,312,6855.673145
180.545331,95,6856.491054
365.42951,147,6857.726611
3270.688748,1000,6867.805285
304.025611,144,6869.032228
425.838861,188,6870.667884
1255.579491,419,6876.572163
342.609825,150,6877.811831
239.715465,132,6879.022855
294.679587,134,6879.880009
3428.695094,1000,6890.30229
843.328302,287,6892.758888
391.018755,169,6895.251138
394.911277,170,6896.870038
77.443154,162,6898.111155
1628.004784,472,6901.846406
1523.117603,471,6908.137931
466.32566,189,6909.781494
526.499297,216,6911.438877
2012.136823,572,6917.67107
1146.412324,389,6920.946793
3266.877374,1000,6931.424022
805.289146,292,6935.630493
253.972123,140,6936.858969
813.831086,296,6939.331209
1188.68021,382,6942.239384
1185.670615,348,6946.972146
504.54008,194,6948.62619
2049.754369,586,6953.54956
45.477214,137,6956.343445
426.202207,171,6957.611889
432.055666,171,6959.232177
41.083089,151,6960.464317
569.092471,209,6962.133389
715.480245,270,6966.068124
1744.378427,524,6970.584258
500.047321,175,6971.856643
526.869337,213,6973.529725
1111.045863,369,6980.002244
11.83002,117,6980.846516
510.913548,212,6982.509741
598.253696,251,6984.588015
-8.804866,97,6988.948184
-11.97183,80,6989.755971
16.798725,56,6990.169908
21.876119,65,6990.59424
1287.568917,369,6993.889243
3777.01292,1000,7004.003616
1164.290416,340,7006.879418
434.845171,182,7010.215291
698.243088,365,7013.10636
686.274263,266,7015.522172
1091.922298,330,7020.073082
444.078003,177,7021.683072
1675.340818,446,7025.359009
467.791584,182,7026.618085
1120.097545,362,7031.641192
-1.234845,18,7031.659924
67.95581,85,7032.46154
501.682443,212,7034.114972
1457.816988,454,7039.984152
643.614733,224,7042.013693
3230.454809,1000,7051.981211
636.818966,242,7053.73562
2701.670313,1000,7065.752052
2575.975918,1000,7076.450269
145.88367,228,7078.485266
328.107972,154,7079.727028
1614.769019,469,7087.251015
3290.720276,1000,7098.823218
3996.331767,1000,7108.994071
399.049127,162,7110.595287
2404.928808,633,7117.057068
667.095994,234,7119.096977
1842.325121,580,7124.007255
3485.632966,871,7133.896392
740.18061,243,7137.744773
430.96943,182,7139.374207
3813.283977,1000,7148.903555
1612.895064,440,7152.232628
1739.444514,456,7158.270103
113.495075,192,7159.913644
411.582735,179,7161.538211
240.332421,152,7162.773244
227.110355,105,7163.610245
1252.183898,387,7168.44832
451.067891,189,7170.091537
580.223282,208,7171.752316
564.337322,234,7173.437079
954.814824,323,7178.260962
1543.393519,437,7181.928183
4276.945603,1000,7193.033683
1291.648118,373,7195.941674
542.967363,207,7199.786722
1355.757392,375,7203.071643
2127.625551,558,7211.191479
3611.533793,926,7218.652825
834.577856,282,7223.244267
257.81397,129,7224.464689
3983.230608,1000,7235.126336
3853.952856,1000,7246.134874
3389.151102,1000,7257.312736
1077.225738,348,7260.193417
1017.325923,335,7265.990819
1581.246627,548,7270.533018
359.63432,151,7271.777611
436.470874,198,7273.424597
338.216945,276,7277.724768
1004.999284,1000,7290.219323
2679.995564,1000,7300.2921
4198.546613,1000,7310.317294
1235.798975,427,7313.647454
4503.29719,1000,7325.012278
2051.533676,540,7333.073798
334.068359,128,7334.293507
1472.915018,435,7337.636122
2079.55486,509,7343.504781
295.641451,128,7344.720188
294.943045,135,7345.943478
644.52486,221,7347.624977
1547.629925,405,7353.149776
196.498549,271,7355.586435
41.329266,88,7356.03713
139.929131,70,7356.828427
1800.283443,488,7364.416378
265.135029,130,7365.269295
338.453362,148,7366.497896
454.419254,180,7368.126807
2377.831819,734,7378.136775
1640.824141,448,7381.825576
800.444615,255,7387.23448
2219.834208,626,7392.186744
848.181596,269,7394.263281
977.453503,312,7398.968113
421.276665,177,7400.237247
471.278566,233,7402.281108
1043.570938,357,7405.160722
1006.932412,297,7411.702232
528.154751,178,7413.069031
359.660275,205,7415.0829
1744.471757,469,7420.353158
194.684023,109,7421.184458
250.404572,118,7422.384334
313.928462,124,7423.235929
141.642616,76,7424.032811
1015.25751,276,7426.106775
1008.210206,378,7431.948235
1014.060148,361,7434.831227
2865.279809,673,7442.70183
1840.834449,570,7447.593617
2471.979173,654,7455.006145
506.176278,299,7457.473678
2063.510442,596,7464.490089
343.0492,141,7465.347452
1026.056883,354,7468.605474
31.61917,135,7469.467219
1645.142681,444,7475.638844
696.788874,272,7478.091277
1170.202481,332,7482.580136
40.672957,124,7483.790296
1544.507966,517,7487.922134
463.371051,176,7489.549068
2712.975346,717,7497.123102
1157.832695,389,7500.394386
859.002473,250,7504.901076
2639.980623,737,7510.706525
1167.564898,335,7516.575993
4164.236796,1000,7526.947142
405.163422,153,7528.194919
1040.873394,1000,7539.786755
1680.561052,493,7543.920238
191.916239,81,7546.817227
641.467447,223,7548.493671
2361.044428,823,7558.03655
2861.041487,849,7565.041674
2137.708534,554,7573.269438
1131.081749,356,7576.163737
3397.804952,935,7586.083536
379.394863,169,7587.709304
1183.010633,391,7593.693756
800.513807,288,7595.792351
743.10591,251,7597.877976
1113.676019,348,7604.944507
880.283783,289,7607.410779
3159.086774,753,7615.843755
1227.57596,389,7619.128424
1352.545663,398,7624.338379
442.5186,162,7625.58734
386.911242,159,7626.83373
400.432487,161,7628.439883
298.336235,161,7629.700239
897.665271,308,7632.17101
1074.940312,336,7637.048718
1945.097456,486,7640.788293
309.110536,139,7642.008857
3.819068,20,7642.38637
2277.851312,730,7651.800107
2416.469328,637,7660.969271
-0.613075,59,7661.391006
382.109036,275,7663.837796
1448.943982,413,7670.103884
3350.824065,1000,7680.607326
3664.075824,1000,7690.83226
4396.43196,1000,7701.371473
637.737511,242,7703.425241
810.626534,272,7705.494611
4011.54897,1000,7716.135587
247.846529,119,7717.333692
4240.926399,1000,7726.939356
428.602826,167,7728.194166
382.790037,190,7731.762676
321.108416,140,7732.618716
642.511295,324,7735.458194
829.853106,422,7738.756045
481.439538,378,7743.578786
513.774352,175,7744.831629
1194.751604,395,7748.116243
1381.797697,393,7754.130086
1386.596998,412,7757.444237
1160.520299,348,7762.13341
517.249689,211,7764.149715
1500.072058,423,7767.460732
623.284683,210,7769.117271
555.907682,208,7772.897411
2304.0599,604,7778.207259
509.346145,196,7779.483792
1253.976183,363,7784.435236
334.482679,144,7785.663439
442.291639,181,7786.927977
2126.413786,613,7793.769371
339.484444,150,7794.998313
1121.25825,347,7797.863803
1953.307963,520,7804.246156
648.553901,244,7806.304193
1203.11358,419,7809.600914
872.029385,341,7814.474107
370.368939,155,7815.71699
4221.998245,1000,7827.984187
2136.4125,587,7832.893613
1308.441269,386,7838.934747
1239.991482,455,7842.995492
776.646252,232,7846.318403
120.841039,79,7847.123211
542.336892,167,7848.384695
798.854258,225,7850.413468
432.363734,168,7851.665202
1168.436567,327,7856.506494
711.246072,242,7858.202892
433.856264,191,7859.840385
571.92596,208,7861.498016
1068.421822,323,7864.352653
1347.221276,401,7869.935641
0.334115,63,7870.360977
490.545256,194,7872.006362
684.767681,247,7874.065333
513.57205,197,7877.910533
713.511137,240,7879.949384
3347.423813,928,7889.796273
2407.45533,620,7895.111251
568.275561,205,7898.506242
186.264607,92,7899.330205
323.596546,157,7900.567616
434.928898,190,7901.839068
2177.863629,751,7910.371522
913.247488,317,7912.852875
1020.767714,313,7915.334061
1415.546848,523,7921.583163
3130.542398,1000,7932.771595
397.236399,173,7934.02705
970.16526,325,7936.876692
1985.515095,577,7943.662813
462.515553,167,7944.914933
594.018001,227,7946.952287
1067.87511,368,7951.380525
655.679355,225,7953.52525
1186.5559,442,7957.210193
2863.582763,995,7968.214898
1638.609597,501,7974.694702
1209.038693,447,7978.38983
1209.615575,444,7983.557147
1257.39739,420,7987.226782
1032.200833,1000,7997.725365
1407.98697,482,8003.624842
1059.620734,335,8006.487689
1110.931711,1000,8017.240052
343.465682,145,8018.473046
3586.069256,1000,8028.806641
2186.369794,620,8036.487578
38.704885,63,8037.273262
2174.607334,553,8041.789273
542.386172,214,8045.288661
3081.971981,924,8055.329387
1222.176828,395,8058.260851
420.301179,188,8059.898971
479.340146,287,8062.353079
1242.117246,439,8068.673276
571.176086,241,8070.729047
1260.321097,466,8076.710422
495.13396,213,8078.368836
1574.54643,580,8083.275939
448.272746,342,8089.201113
50.72047,156,8090.442433
1300.432999,457,8094.130096
1612.683663,612,8101.182933
1634.946693,438,8104.859115
-49.836171,127,8105.711351
2088.776129,654,8112.822743
606.983205,228,8114.85824
561.882558,303,8118.941118
472.609774,207,8120.59696
1879.575101,575,8125.486435
516.496755,210,8129.22363
1400.370815,440,8132.996068
1809.407928,511,8139.764226
256.829173,196,8141.412517
381.454943,171,8142.680218
122.640254,97,8143.500975
90.189129,174,8145.125412
1517.566002,476,8150.900033
66.521507,107,8151.727809
777.788433,250,8153.787273
736.427017,391,8157.064066
1040.951806,399,8162.795038
237.083259,114,8163.634281
1488.278453,441,8167.328804
75.748886,98,8170.334434
695.837093,311,8172.828302
819.461332,270,8175.26963
461.174147,197,8176.915581
1524.579513,463,8183.565072
1492.433997,490,8187.658181
298.090117,150,8188.888227
226.903529,145,8192.598145
221.268378,110,8193.434213
1798.547255,647,8198.775012
890.957487,290,8203.52869
876.952501,410,8206.824142
341.978012,160,8208.066386
3712.833821,1000,8217.597753
1280.413913,370,8222.764115
866.847031,287,8225.229736
827.945582,261,8227.290335
978.256023,327,8230.142974
199.693324,108,8232.567155
632.54211,329,8235.441239
1.830151,57,8235.864694
1035.480132,415,8239.181491
550.08142,223,8243.009503
488.757716,295,8245.114012
2448.055802,916,8255.49726
2509.448912,836,8264.271592
578.080963,206,8265.925259
2508.867504,670,8271.324163
372.905647,167,8274.207187
593.449847,221,8276.247424
889.335777,341,8279.121205
1372.301423,468,8284.364095
1461.021774,437,8288.043406
3278.390281,1000,8297.774344
590.664504,221,8299.442611
762.28202,276,8303.673303
106.152939,89,8304.127742
722.842163,316,8306.979245
378.808806,175,8308.244981
126.419258,160,8309.496388
210.41835,152,8310.738127
424.805677,160,8314.562249
1288.137294,369,8317.463548
1836.297683,623,8324.864262
899.060127,347,8327.377042
581.840194,220,8329.403085
99.123442,75,8329.852886
366.697874,173,8331.477476
1868.640362,529,8337.370438
638.946863,219,8339.415508
707.880921,236,8341.475248
2026.910261,930,8351.133133
693.286118,229,8355.025112
125.7421,83,8355.463986
-5.208515,16,8355.841192
266.683671,136,8356.708137
-3.979095,17,8357.089339
724.408731,212,8358.759706
309.571362,599,8366.808313
223.321699,178,8368.430193
1398.213793,434,8371.752728
330.374113,153,8372.995281
983.551866,366,8378.784727
556.613351,200,8380.431479
-22.084706,105,8381.260621
741.427694,257,8383.329246
2232.739242,712,8392.178801
981.723859,404,8395.490731
931.753804,341,8401.947397
991.183859,465,8405.673648
1368.510331,391,8411.184012
1423.533546,443,8414.875029
260.784399,121,8415.717733
437.291081,182,8417.347606
1131.27426,388,8423.144567
577.118263,222,8424.804388
3071.952084,1000,8435.827146
853.049772,333,8438.687198
950.482147,378,8443.623967
527.2205,242,8445.674646
111.331608,71,8446.464381
798.478136,257,8448.520489
1532.152692,466,8454.400016
531.418224,190,8456.029658
2121.77821,597,8463.301619
1091.246558,1000,8473.553481
796.538887,363,8476.434155
808.504131,295,8478.908084
991.250549,1000,8489.128488
1743.182499,543,8495.373596
76.07748,139,8496.590446
2124.24437,736,8505.966135
713.646458,253,8508.03616
1219.961397,356,8511.285299
698.032707,291,8516.030372
655.414679,222,8518.05822
1044.089837,342,8520.92444
723.142384,254,8522.985518
1048.198657,298,8528.373231
563.83224,204,8530.034033
323.776385,173,8531.284062
929.063459,329,8534.144147
476.14345,272,8538.446786
139.608525,115,8539.641222
981.578763,305,8542.117184
2139.366216,687,8549.369349
406.251027,233,8551.417167
3954.488464,1000,8562.524991
322.154302,160,8563.766897
2432.109528,697,8571.471974
745.445432,325,8574.333275
1873.824357,553,8581.262248
102.651758,86,8581.708777
381.324226,222,8583.744059
999.44578,354,8586.649081
3.176424,141,8591.562437
813.088646,268,8593.640259
173.548259,103,8594.465258
1082.04106,332,8597.328245
854.6737,291,8601.973296
514.938313,214,8603.644858
2008.324287,563,8608.170084
131.082488,87,8608.981025
529.520694,195,8612.454126
173.621768,86,8613.266219
1101.508666,1000,8623.762305
2005.466327,600,8628.714468
285.264772,136,8629.569572
395.86705,175,8633.180035
572.116289,302,8635.644842
392.516541,184,8637.282255
912.881421,1000,8647.017526
-6.88891,15,8647.035593
1845.58259,719,8654.783722
436.867079,167,8656.390215
2198.946118,703,8664.485247
88.218676,200,8666.136171
656.44289,287,8668.252897
2370.510847,718,8677.203593
700.459713,227,8678.875183
165.640158,133,8680.091445
120.445348,73,8680.524106
246.444977,124,8681.735266
1317.679668,451,8688.736121
1378.792139,475,8692.469787
1160.64535,337,8698.241255
2198.404696,762,8704.44122
885.216797,289,8709.592682
210.655946,135,8710.812361
204.471193,100,8711.631044
3129.124995,887,8721.976176
1034.802511,393,8724.918417
373.019441,165,8726.526875
408.045827,251,8731.051694
1766.004968,545,8735.573149
297.03577,160,8736.82108
1152.676045,392,8741.870698
1095.618156,390,8745.177182
1557.19127,558,8752.777757
497.325657,222,8754.452042
1135.932794,370,8757.711733
8.161337,126,8758.569553
166.048968,96,8762.239143
3327.063922,1000,8774.50756
2705.471477,946,8782.339048
1822.443139,574,8789.570545
1694.687242,468,8795.799829
4091.599886,1000,8807.359185
1297.843019,408,8810.650177
1282.500593,437,8814.326537
1.916655,19,8814.3482
1961.911562,626,8822.886214
1463.509531,545,8828.849404
1251.411302,419,8832.515237
2400.908863,991,8843.705717
1837.298949,650,8850.708142
704.400392,374,8853.710034
2362.835015,886,8863.072582
592.943615,250,8865.129178
888.947238,297,8867.589247
741.395206,276,8871.414049
2862.368488,838,8881.211826
1028.365174,337,8884.070175
2229.919278,590,8888.977672
1354.734461,432,8895.665097
805.380945,320,8898.509487
1805.88015,559,8905.441253
157.546359,96,8906.253701
3983.712024,1000,8917.157133
2985.809109,1000,8927.110136
1131.063227,362,8929.991218
2455.891354,766,8939.12005
746.653693,302,8941.593188
725.87489,239,8945.919403
1227.125751,382,8949.192107
820.15299,331,8951.705271
472.022589,203,8953.350825
373.577277,182,8957.023605
1807.889657,600,8961.955079
2494.977136,796,8971.812157
690.318871,259,8973.879207
1537.869132,649,8981.653081
295.148281,174,8983.274177
26.209548,240,8984.970019
971.011985,1000,8997.149274
1921.775646,604,9004.630263
448.282973,201,9006.643537
1972.874691,614,9015.868539
361.245133,204,9017.507181
778.280026,526,9021.669204
2419.584167,712,9030.206638
723.478013,270,9032.285636
1586.77861,441,9038.463086
59.778412,149,9039.685639
1234.920762,405,9042.977132
238.09902,124,9045.770751
522.784529,366,9049.037204
591.879341,233,9050.706737
3777.307069,1000,9062.454238
400.419355,166,9064.063196
409.233445,183,9068.83478
31.419592,99,9069.6522
1296.233464,473,9073.737142
154.034849,86,9074.54253
737.533842,226,9076.204754
269.665458,209,9080.410533
740.315054,247,9082.474733
183.705444,101,9083.295842
436.798448,198,9084.944476
1826.313105,520,9092.562681
525.882516,184,9093.838748
1473.357857,471,9097.926163
347.319263,264,9102.566082
532.207202,238,9104.601043
670.406309,251,9106.656842
461.603273,174,9107.925512
1515.79223,419,9113.667276
760.070054,253,9115.72657
129.027782,71,9116.158709
1074.586793,324,9119.010364
995.575028,319,9124.431977
724.681553,570,9128.968069
1050.395262,300,9133.791677
757.582024,1000,9145.814764
2333.97485,655,9151.145765
101.070431,242,9153.188033
1453.997589,429,9159.035719
715.508425,419,9162.37003
1175.0263,374,9167.415081
1462.234712,471,9171.136037
866.846301,1000,9181.939369
619.317721,236,9183.986393
3630.520679,965,9196.127075
1207.130333,394,9203.66163
792.132685,320,9206.148881
675.693858,266,9208.579242
-11.7879,70,9209.011885
21.390678,153,9213.332227
3403.008674,1000,9224.67844
60.465786,101,9225.523555
1529.790454,469,9229.686311
1967.949626,609,9237.712624
143.688077,85,9238.182319
752.59685,271,9240.671556
1669.741957,565,9248.612261
32.770125,147,9249.856025
550.391885,194,9251.532791
1586.649903,479,9255.690763
1930.824043,621,9262.647076
872.700142,326,9265.570272
760.233581,260,9269.942228
3773.970361,995,9280.290897
1724.013161,537,9284.449076
970.835709,433,9292.142739
960.326643,350,9295.03752
695.748716,235,9297.079196
1385.401379,452,9303.726094
483.978176,185,9304.99374
1246.667574,421,9308.687239
4073.262016,1000,9320.816197
1601.450751,490,9326.503294
3241.982864,815,9335.684292
1453.943002,436,9339.364213
1344.143183,400,9342.661327
128.070432,70,9343.099053
1800.634484,530,9351.193246
2588.00927,845,9361.70783
3477.286982,1000,9372.089478
804.467009,569,9376.635209
1838.942973,504,9383.597036
538.318786,182,9385.219224
1627.566446,597,9392.96793
278.440185,202,9394.682547
775.358902,353,9397.598721
652.087034,227,9399.277164
728.715135,245,9403.072115
799.14843,291,9405.537014
3837.759331,1000,9417.417367
248.222304,166,9418.657316
3341.237822,1000,9429.778394
1951.868054,664,9438.328294
-42.001006,101,9439.15566
-31.895659,90,9439.607059
-29.632132,156,9441.204203
1211.420307,718,9450.082888
555.828341,271,9452.168338
925.832498,1000,9464.589405
1032.280421,1000,9477.33042
2335.323147,665,9487.116602
1106.750501,346,9489.981243
242.043399,127,9490.826284
1116.115568,355,9496.786141
753.393623,265,9498.850775
833.160476,255,9501.27053
555.18953,213,9502.924127
1455.369951,428,9508.035006
2224.137303,595,9512.949742
3084.325533,809,9522.37985
1451.467733,391,9528.054014
1733.196216,501,9532.167218
762.386702,262,9534.60443
1634.792595,470,9541.494
1508.068292,437,9545.1522
2843.386994,709,9553.694204
1193.293325,405,9556.974108
2267.099969,770,9565.580577
178.776884,98,9566.40402
1040.701319,1000,9578.983698
920.714721,450,9586.67273
1058.967946,1000,9597.004097
459.625675,174,9598.630085
1712.196021,594,9606.762468
711.06394,247,9608.815151
1498.461793,440,9612.131039
1710.080581,468,9618.792182
23.400684,133,9619.654107
2010.447884,630,9624.972223
1452.200917,1000,9635.777778
1327.219774,432,9643.338239
3656.279513,1000,9653.564464
126.226141,94,9654.389584
-4.022731,15,9654.406933
-0.873227,17,9654.424977
1615.653815,536,9661.941691
1035.78258,1000,9673.784516
267.072874,125,9674.634111
3898.099355,1000,9685.46254
799.224029,244,9687.500976
174.317451,101,9688.323888
2105.112085,616,9696.367272
1418.771541,383,9699.273914
2452.032882,644,9707.656905
1705.104846,483,9711.744136
2125.249658,617,9719.321962
429.591349,257,9721.393511
945.877211,360,9724.671231
3458.338778,900,9735.326239
1409.798321,427,9743.077494
1164.976811,350,9745.951815
399.188181,163,9747.195993
2026.199619,773,9757.688266
1018.388237,1000,9769.769317
23.667262,100,9770.584205
749.376641,288,9773.036346
645.146768,305,9778.306069
732.042358,287,9780.405015
1129.809544,321,9783.306751
1973.827345,546,9790.834204
364.526275,312,9793.314345
1484.677079,416,9800.401247
1453.871698,420,9804.064181
1137.325059,390,9807.336563
1132.998129,333,9812.396328
1824.867441,529,9816.885238
3198.883614,883,9826.446282
282.710908,144,9827.672345
1445.914852,481,9836.213455
946.318973,308,9838.677183
1150.781374,421,9841.996132
2049.757706,610,9849.915164
2582.723386,753,9859.292365
2486.942165,642,9864.625485
216.662673,148,9870.148636
934.733371,285,9872.226155
2321.445965,685,9882.303001
1218.355267,432,9885.970264
1373.314638,412,9889.260462
3328.28958,1000,9899.894291
3404.857833,1000,9911.565166
4399.747355,1000,9922.458211
977.456672,1000,9935.257422
927.843411,327,9940.158972
1572.046599,495,9944.241342
2438.002044,711,9954.10101
845.20915,325,9956.957032
1280.337967,485,9963.63521
1129.23672,356,9966.500411
1093.805523,325,9968.993015
88.357949,145,9972.750072
2244.570882,684,9978.490108
777.533128,300,9983.9629
1829.12844,596,9988.915219
1007.852611,336,9994.698903
89.623606,111,9995.540152
2337.168177,633,10000.489959
1449.78227,519,10007.331607
2437.418983,943,10019.0022
2536.843918,673,10024.461296
257.59326,139,10027.939528
1108.448317,484,10032.156262
1417.980803,402,10035.532642
709.107694,241,10039.696056
1733.932299,536,10044.308332
1034.753833,435,10051.411365
3230.930857,984,10063.248229
1024.583742,1000,10074.101337
1383.758518,493,10077.919895
270.014582,305,10080.449172
731.844077,245,10087.045737
2898.292129,1000,10099.410599
-32.608175,115,10100.637226
1195.458907,363,10103.58791
3680.988782,1000,10115.518106
549.049931,234,10117.54822
2094.87024,792,10126.73179
548.191756,219,10128.77317
1103.058633,427,10136.413193
1200.770163,343,10139.29372
245.348075,125,10140.500629
2103.211725,576,10148.48296
3.74685,156,10149.73726
1813.900698,555,10157.064236
1559.21832,624,10162.394777
3352.784358,1000,10173.802218
1365.728575,444,10179.871028
2521.715147,821,10186.490812
2972.542479,1000,10197.537297
2309.085439,612,10205.439145
260.274107,166,10206.685233
1183.298516,366,10212.555196
3319.093142,1000,10223.235204
2581.703864,657,10228.529525
2763.279828,807,10237.932295
264.393365,189,10239.69612
977.367784,291,10244.437206
934.026523,293,10246.875408
114.108921,73,10247.304238
1022.248166,1000,10258.287695
991.240052,1000,10268.352986
405.218261,189,10269.974866
2683.597702,1000,10280.582122
268.774105,132,10281.788366
97.865252,68,10282.212715
3495.142915,1000,10292.783298
832.057169,298,10297.942972
555.333603,243,10299.991964
2343.587326,720,10308.247472
2103.36766,651,10313.575581
3431.875163,1000,10324.575778
4117.831856,1000,10334.181219
1072.821339,382,10340.531888
1269.850189,415,10343.830139
438.815171,181,10345.450981
709.213995,303,10347.910402
10.793156,46,10352.164227
1587.664395,452,10355.867135
150.440779,84,10356.66763
68.910777,231,10358.33977
