#{"t_start": 1521651832.2534122, "env_id": "HalfCheetah-v2"}
r,l,t
-359.428979,1000,10.808776
-443.738025,1000,22.942693
-364.638401,1000,34.669607
-361.907376,1000,46.860996
-417.693487,1000,58.762956
-132.250617,1000,70.691009
-176.803434,1000,82.390074
-415.982709,1000,94.813637
-452.08592,1000,106.367908
-601.564176,1000,118.110747
-344.263652,1000,130.803938
-450.326895,1000,143.320732
-164.654046,1000,154.591907
-491.628449,1000,165.819228
-290.966522,1000,176.984762
-493.199518,1000,188.300329
-132.481408,1000,199.460712
-413.663614,1000,210.742903
-47.608146,1000,222.034727
-174.022252,1000,233.205601
-300.177534,1000,244.275575
-66.038536,1000,255.376081
-133.375161,1000,266.544951
-462.054536,1000,277.6969
-152.611849,1000,288.965753
-474.81149,1000,300.125875
-288.906173,1000,311.566708
-60.487757,1000,322.872654
-216.290252,1000,334.218575
99.773387,1000,345.384339
-252.831582,1000,356.576718
-322.86488,1000,367.874727
32.211826,1000,379.213636
-289.135311,1000,390.396909
-361.508157,1000,401.60787
-443.208855,1000,412.82922
-310.809467,1000,424.032722
26.193399,1000,435.178969
102.960124,1000,446.438091
260.708067,1000,457.729998
189.905692,1000,468.854671
-220.981145,1000,479.985062
127.870854,1000,491.218299
-209.379763,1000,502.420532
187.333382,1000,513.567752
-144.020167,1000,524.628714
319.224532,1000,535.725646
-339.124631,1000,546.852175
349.295438,1000,557.999724
367.023393,1000,569.098711
503.687975,1000,580.315445
257.209181,1000,591.562599
-29.023186,1000,602.797627
-186.670313,1000,614.048748
406.957405,1000,625.142703
424.891727,1000,636.223666
443.154183,1000,647.405838
-227.785857,1000,658.816674
-178.528346,1000,670.364936
238.654512,1000,681.564826
252.502986,1000,693.414704
522.214491,1000,705.384513
-280.256592,1000,716.939677
505.68697,1000,729.079123
710.429774,1000,741.503717
729.483968,1000,752.898896
744.695508,1000,764.331861
165.496858,1000,775.70618
448.532474,1000,787.719929
804.327882,1000,800.108563
740.693286,1000,813.428526
481.787185,1000,824.839536
578.840579,1000,836.154736
450.30393,1000,847.381407
594.893047,1000,858.743708
426.351436,1000,870.051041
700.677592,1000,881.301888
731.477795,1000,892.516675
611.542912,1000,903.725942
657.38702,1000,914.975658
403.442525,1000,926.178587
711.351595,1000,937.459968
670.355174,1000,948.693604
627.799136,1000,959.936856
793.527281,1000,971.955231
501.53149,1000,983.717721
621.696045,1000,995.663882
734.623735,1000,1008.328307
675.299885,1000,1020.024659
675.948959,1000,1031.713865
752.973886,1000,1043.803458
511.408467,1000,1055.603549
335.513228,1000,1067.388424
581.01768,1000,1079.124183
702.899647,1000,1091.349668
684.447547,1000,1102.891388
562.936243,1000,1114.370357
652.294869,1000,1125.859183
668.785439,1000,1137.445842
648.418984,1000,1149.127904
421.995123,1000,1160.808678
643.083424,1000,1172.352907
631.341084,1000,1185.105995
487.350386,1000,1196.43575
772.023813,1000,1208.341851
725.884678,1000,1219.934715
906.005779,1000,1231.402387
388.03526,1000,1242.684724
678.913223,1000,1253.96661
701.543106,1000,1265.233375
717.758466,1000,1276.504703
394.968449,1000,1287.792732
347.40955,1000,1299.203956
585.019243,1000,1310.582752
672.118794,1000,1322.173376
714.798607,1000,1333.637129
545.767988,1000,1345.108659
753.210596,1000,1356.529261
791.397382,1000,1367.994508
606.101423,1000,1379.540636
766.413118,1000,1391.151391
563.523628,1000,1402.484268
847.492559,1000,1413.765419
901.602982,1000,1425.108589
743.945667,1000,1436.405663
805.844415,1000,1447.912708
898.159927,1000,1459.342598
-184.197589,1000,1470.73292
589.760737,1000,1482.051693
697.539014,1000,1493.514769
418.433729,1000,1504.846568
760.52056,1000,1516.126869
724.243297,1000,1527.435977
-292.672868,1000,1538.818635
-471.888948,1000,1550.19994
-501.437052,1000,1561.562608
376.994505,1000,1572.943719
646.173237,1000,1584.29072
604.823556,1000,1595.624659
732.043462,1000,1607.291874
602.565177,1000,1619.16766
559.884058,1000,1630.502611
491.075041,1000,1641.886713
627.360428,1000,1653.425822
743.686403,1000,1665.23824
740.473666,1000,1676.584687
470.596194,1000,1687.95973
563.976983,1000,1699.357608
674.158436,1000,1710.983617
420.588546,1000,1722.343291
408.851547,1000,1734.27563
466.945234,1000,1746.118558
371.486514,1000,1757.651543
552.031389,1000,1771.085728
344.431243,1000,1782.853727
882.989986,1000,1794.158713
612.332797,1000,1805.472347
640.943423,1000,1816.855628
578.392261,1000,1828.169549
613.575277,1000,1839.537063
548.788602,1000,1850.900828
397.949386,1000,1862.256714
692.262435,1000,1873.661247
418.341339,1000,1885.038613
501.202207,1000,1896.329985
419.401915,1000,1907.687544
546.584332,1000,1919.01656
-147.106509,1000,1930.459553
78.707303,1000,1941.790718
679.743539,1000,1953.129658
626.448291,1000,1964.439739
717.799793,1000,1975.764852
549.417727,1000,1987.069609
377.224041,1000,1998.385504
475.965736,1000,2009.680893
388.1207,1000,2021.003943
559.408525,1000,2032.59067
350.561528,1000,2043.982045
647.874586,1000,2056.162739
431.987181,1000,2067.628809
457.08596,1000,2079.425661
516.91913,1000,2090.894758
487.948981,1000,2102.387795
697.445727,1000,2113.931915
510.750472,1000,2126.108978
636.93776,1000,2139.065323
726.975157,1000,2152.912266
586.833787,1000,2165.572987
666.413554,1000,2177.692234
563.659557,1000,2190.480962
572.851534,1000,2202.979275
570.222809,1000,2215.322914
587.602658,1000,2228.387018
604.355341,1000,2240.650907
602.711222,1000,2253.317896
480.74163,1000,2265.527666
739.805511,1000,2277.809878
624.449476,1000,2289.994907
628.109076,1000,2302.0437
731.023439,1000,2313.985804
426.915896,1000,2326.033733
499.299691,1000,2338.194005
852.342506,1000,2350.20595
792.471808,1000,2362.228837
478.257871,1000,2374.270739
442.195092,1000,2386.359151
852.370176,1000,2398.369397
389.123498,1000,2410.377873
399.328957,1000,2422.422659
616.755513,1000,2434.496311
844.784317,1000,2446.612156
692.823278,1000,2458.771731
450.262026,1000,2470.86193
334.290838,1000,2483.061916
740.250566,1000,2495.120922
634.167005,1000,2507.038225
482.679281,1000,2518.954722
537.419209,1000,2530.958212
531.737534,1000,2542.932031
785.323521,1000,2554.859543
115.308776,1000,2566.784247
527.509112,1000,2578.793884
627.111139,1000,2590.905894
598.710685,1000,2603.62595
541.23059,1000,2616.298512
707.77529,1000,2628.900005
512.470008,1000,2640.947639
833.342563,1000,2652.525615
804.533417,1000,2664.07909
878.35162,1000,2675.560512
805.672406,1000,2687.035756
623.882103,1000,2699.088771
767.267172,1000,2710.732863
610.00468,1000,2722.183218
344.197272,1000,2733.671074
793.033866,1000,2745.174154
555.627491,1000,2756.658975
856.826991,1000,2768.112409
789.935129,1000,2779.62317
767.389652,1000,2791.107188
631.993489,1000,2802.507812
704.470956,1000,2813.923633
846.379403,1000,2825.365846
-353.356573,1000,2836.918876
690.853919,1000,2848.369416
834.213474,1000,2859.808707
445.843181,1000,2871.41523
427.625102,1000,2882.848651
777.895575,1000,2894.269619
854.162071,1000,2905.686519
913.713398,1000,2917.15868
150.016259,1000,2928.608634
-487.946596,1000,2940.075767
727.129256,1000,2951.52508
905.331251,1000,2963.037677
445.07731,1000,2974.515907
338.192499,1000,2986.002683
470.409715,1000,2997.976714
448.893805,1000,3009.609926
763.387628,1000,3021.165693
607.534184,1000,3032.722005
465.183287,1000,3044.230109
424.842806,1000,3055.737919
758.659548,1000,3067.270571
769.414356,1000,3078.817707
726.796974,1000,3090.3256
845.132825,1000,3101.848261
376.950298,1000,3113.318728
914.891064,1000,3124.792828
962.596714,1000,3136.262234
-430.823129,1000,3147.87958
710.483174,1000,3159.370556
-3.097986,1000,3170.894389
188.539005,1000,3182.412896
166.377067,1000,3194.051017
1002.956345,1000,3205.978661
805.982237,1000,3217.507669
755.421295,1000,3229.374812
763.549168,1000,3241.008325
868.683379,1000,3252.565749
705.092408,1000,3264.150635
556.439165,1000,3277.315731
880.925343,1000,3288.805802
875.055183,1000,3300.210032
865.289427,1000,3311.617136
767.503233,1000,3322.939718
664.091211,1000,3334.406578
627.760336,1000,3345.881962
884.284126,1000,3357.337542
625.771603,1000,3368.803729
817.805059,1000,3380.374764
707.435689,1000,3391.787677
755.929813,1000,3403.179893
700.171416,1000,3414.619881
658.455286,1000,3426.11529
891.751448,1000,3437.556767
-149.435853,1000,3448.966528
618.22518,1000,3460.42077
831.989707,1000,3471.805662
963.054917,1000,3483.263642
458.805621,1000,3494.662828
1182.379145,1000,3506.072855
464.315679,1000,3517.520882
799.692617,1000,3528.878346
1029.652586,1000,3540.364907
866.195829,1000,3551.823844
638.978863,1000,3563.424653
554.998529,1000,3575.154678
771.163847,1000,3586.79209
990.166913,1000,3598.43269
668.885969,1000,3610.13828
739.721261,1000,3621.907648
773.686259,1000,3633.533184
805.963845,1000,3645.358786
920.889304,1000,3657.153254
524.481817,1000,3668.868623
769.128776,1000,3680.459024
774.281803,1000,3692.045005
945.722594,1000,3703.542254
1060.619058,1000,3714.963721
552.926367,1000,3726.474876
819.055408,1000,3738.004592
854.269424,1000,3749.360576
791.703686,1000,3760.832725
703.979117,1000,3772.320645
860.044336,1000,3783.804169
688.083934,1000,3795.30272
901.909148,1000,3806.674633
815.434605,1000,3818.089287
927.234876,1000,3829.553555
799.279875,1000,3841.028874
761.944744,1000,3852.508713
676.421245,1000,3863.966743
660.253829,1000,3875.378508
920.12123,1000,3886.839506
576.908553,1000,3898.266654
877.114571,1000,3909.711719
775.429035,1000,3921.473305
861.797114,1000,3933.163745
751.440734,1000,3944.917055
683.782156,1000,3956.583574
935.282467,1000,3968.355311
1024.265501,1000,3980.218727
750.395837,1000,3991.976726
926.835668,1000,4003.562567
602.062224,1000,4015.03704
971.139928,1000,4026.539755
429.086136,1000,4038.024885
716.097326,1000,4049.523723
884.293979,1000,4060.985007
880.280145,1000,4072.489705
919.905552,1000,4084.083635
969.156266,1000,4095.612725
619.583003,1000,4107.215302
841.482441,1000,4118.775715
751.841239,1000,4130.361362
918.488964,1000,4141.859185
595.521618,1000,4153.352944
863.879742,1000,4164.771305
867.210409,1000,4176.317721
549.634952,1000,4187.76559
953.802242,1000,4199.237649
848.353319,1000,4210.669534
929.846792,1000,4222.128383
656.108622,1000,4233.625742
795.936738,1000,4245.111365
949.020361,1000,4256.602677
814.654928,1000,4268.090616
989.363861,1000,4279.690641
1007.992905,1000,4291.233855
1005.52307,1000,4302.790542
809.37997,1000,4314.213703
905.534096,1000,4325.645744
1004.394323,1000,4337.120504
1006.581631,1000,4348.539649
732.420539,1000,4360.095557
593.419418,1000,4371.682618
927.29852,1000,4383.242703
684.873679,1000,4394.721847
764.625737,1000,4406.217708
633.38882,1000,4417.698983
541.313843,1000,4429.25483
1010.788752,1000,4440.760531
996.248507,1000,4452.329608
971.143299,1000,4463.838341
944.279519,1000,4475.388753
821.300033,1000,4486.956341
1035.656325,1000,4498.505376
1208.981988,1000,4509.981773
1071.710553,1000,4521.624691
752.970971,1000,4533.154414
876.838688,1000,4544.765667
687.573999,1000,4556.292377
967.664501,1000,4567.857737
878.473278,1000,4579.353726
823.259718,1000,4590.861871
736.243148,1000,4602.403539
790.515361,1000,4613.994643
867.166154,1000,4625.507844
839.39098,1000,4637.133464
976.638941,1000,4648.628981
980.522531,1000,4660.18667
758.434892,1000,4671.76868
630.966371,1000,4683.293862
963.88327,1000,4694.749037
909.391772,1000,4706.310724
1276.879139,1000,4717.841867
837.255235,1000,4729.451747
842.060189,1000,4740.967827
787.644824,1000,4752.527199
-419.518171,1000,4764.190606
629.760657,1000,4775.879858
-64.979678,1000,4787.462489
762.580886,1000,4799.03173
762.513356,1000,4810.729401
1040.298391,1000,4822.326635
992.679995,1000,4834.003707
-393.785396,1000,4845.619731
1048.350031,1000,4857.134704
955.379021,1000,4868.724732
718.375286,1000,4880.357234
799.573978,1000,4892.007674
-439.535102,1000,4903.734712
1012.211598,1000,4915.49982
1120.072204,1000,4927.228593
838.402616,1000,4939.085623
651.312263,1000,4950.993696
746.362561,1000,4962.826113
550.444671,1000,4974.597686
784.800405,1000,4986.418673
975.61342,1000,4998.291705
926.518938,1000,5010.160569
857.327358,1000,5021.886598
757.160824,1000,5033.710862
850.965716,1000,5045.676025
675.464273,1000,5057.573748
468.494831,1000,5069.428608
585.568977,1000,5081.278731
1033.792927,1000,5093.066
904.083497,1000,5104.821685
1078.23372,1000,5116.39667
1064.737486,1000,5128.066676
842.802076,1000,5139.771416
927.852572,1000,5151.333712
862.262371,1000,5163.033837
640.559525,1000,5174.831656
686.4218,1000,5186.518622
1003.941933,1000,5198.140745
912.813877,1000,5209.809601
1062.88083,1000,5221.440817
474.921504,1000,5232.963419
939.128306,1000,5244.559835
798.761985,1000,5256.256736
777.587747,1000,5267.87972
887.597588,1000,5279.538649
936.804722,1000,5291.148678
901.998377,1000,5302.854861
813.601468,1000,5314.493535
791.564402,1000,5326.115712
995.223576,1000,5337.635556
887.337359,1000,5349.207412
675.1337,1000,5361.144579
556.425345,1000,5373.096607
478.191916,1000,5385.046578
869.25237,1000,5396.939852
1042.827188,1000,5408.959834
1176.723747,1000,5420.93155
836.728684,1000,5432.977507
863.929223,1000,5444.877655
994.840053,1000,5456.728589
1167.747684,1000,5468.435467
1025.09312,1000,5480.100969
1100.018101,1000,5491.790654
792.917832,1000,5503.38068
921.153946,1000,5515.069753
733.964497,1000,5526.72162
944.620808,1000,5538.39489
789.590992,1000,5550.102448
620.990439,1000,5561.826442
-301.066928,1000,5573.478914
826.428652,1000,5585.189612
694.879468,1000,5596.790581
1069.335529,1000,5608.394049
671.185601,1000,5620.067737
991.616404,1000,5631.749729
910.613953,1000,5643.434252
1057.787004,1000,5655.138618
546.573387,1000,5666.779577
1033.477749,1000,5678.438856
598.184901,1000,5690.140719
915.984234,1000,5701.775522
728.134838,1000,5713.556266
1101.119116,1000,5725.301682
919.973111,1000,5736.995074
874.153826,1000,5748.667903
602.430726,1000,5760.323771
621.867113,1000,5772.003671
1008.054287,1000,5783.722646
683.141251,1000,5795.377216
880.215782,1000,5807.119437
916.540876,1000,5818.797652
603.369401,1000,5830.576618
724.163499,1000,5842.27049
810.05263,1000,5854.03979
945.195619,1000,5865.763648
1027.363329,1000,5877.449886
991.135624,1000,5889.152848
790.085346,1000,5900.973547
638.902133,1000,5912.678409
673.934371,1000,5924.323809
339.833404,1000,5935.969529
582.884729,1000,5947.473704
808.502186,1000,5959.085676
757.22191,1000,5970.769573
840.539193,1000,5982.475677
1050.650258,1000,5994.153868
927.287721,1000,6005.930433
-430.803217,1000,6017.741749
740.291994,1000,6029.502583
846.900993,1000,6041.296921
999.858406,1000,6052.983372
918.311019,1000,6064.715726
758.911799,1000,6076.543646
540.809876,1000,6088.370052
400.772712,1000,6100.115839
-526.476829,1000,6111.862417
971.082317,1000,6123.620879
1034.081968,1000,6135.275664
764.835384,1000,6146.976625
1009.640912,1000,6158.652592
650.825564,1000,6170.394953
834.764863,1000,6182.166582
914.586029,1000,6193.865572
661.41691,1000,6205.539309
500.067095,1000,6217.218686
1058.2242,1000,6228.892244
896.675005,1000,6240.728715
737.762276,1000,6252.530727
638.644839,1000,6264.188661
705.589443,1000,6275.865706
664.06402,1000,6287.623871
1008.612877,1000,6299.626674
652.818239,1000,6311.647742
748.288234,1000,6323.63166
405.179579,1000,6335.688723
846.505566,1000,6347.721568
821.34482,1000,6359.583836
823.141796,1000,6371.672121
737.286758,1000,6383.735652
755.942632,1000,6395.782923
913.711448,1000,6407.835727
288.977338,1000,6419.709044
1020.712104,1000,6431.551683
769.801769,1000,6443.355644
812.176334,1000,6455.128639
897.607058,1000,6466.943926
719.226913,1000,6478.684657
373.127205,1000,6490.366583
705.729156,1000,6502.098556
568.955608,1000,6513.826805
567.752496,1000,6525.448286
953.045389,1000,6537.071629
959.036625,1000,6548.784613
725.645615,1000,6560.477275
905.943809,1000,6572.224556
819.446962,1000,6583.924655
1075.769097,1000,6595.67772
893.183933,1000,6607.512578
1006.569948,1000,6619.363663
935.530385,1000,6631.227643
986.799467,1000,6643.065657
785.144794,1000,6654.870095
841.162597,1000,6666.73424
760.841419,1000,6678.606742
454.331299,1000,6690.390702
560.295261,1000,6702.176696
542.794772,1000,6714.013992
551.470756,1000,6725.852044
338.362546,1000,6737.808182
763.65363,1000,6749.665704
883.180134,1000,6761.43589
861.940036,1000,6773.296712
771.900586,1000,6785.144714
685.748382,1000,6796.932429
893.024221,1000,6808.809676
852.445373,1000,6820.494657
1026.264686,1000,6832.228811
919.49418,1000,6844.092689
932.348933,1000,6855.836672
949.327627,1000,6867.695704
436.731783,1000,6879.542945
480.911111,1000,6891.352276
858.504759,1000,6903.139734
911.537532,1000,6914.908827
391.304796,1000,6926.7284
868.356417,1000,6938.561675
1021.488391,1000,6950.404658
705.020895,1000,6962.168762
920.853573,1000,6974.058064
982.767569,1000,6985.89756
1051.3405,1000,6997.724976
1055.743221,1000,7009.574944
1201.447832,1000,7021.474683
630.445701,1000,7033.368623
910.848443,1000,7045.195723
971.455679,1000,7057.10371
984.421091,1000,7069.072
548.314685,1000,7080.852835
1037.150511,1000,7092.672003
1165.430288,1000,7104.424681
962.687619,1000,7116.212595
1124.479345,1000,7128.020891
1008.693368,1000,7139.895709
951.996449,1000,7151.890375
1020.440572,1000,7163.953853
1074.99191,1000,7175.868597
1109.459012,1000,7187.732415
796.744563,1000,7199.455459
1027.164872,1000,7211.191734
1085.097587,1000,7223.040704
971.413736,1000,7234.849673
953.623895,1000,7246.694332
995.260094,1000,7258.456751
948.037469,1000,7270.21659
943.339006,1000,7281.995723
971.581454,1000,7293.872601
1014.679808,1000,7305.708568
752.566396,1000,7317.513529
1101.477893,1000,7329.381037
844.766352,1000,7341.324235
726.701955,1000,7353.311726
808.548875,1000,7365.288603
455.830235,1000,7377.072953
661.068756,1000,7388.98153
-500.508764,1000,7400.873737
1065.824443,1000,7412.761791
1026.766738,1000,7424.647362
935.345359,1000,7436.493667
948.966804,1000,7448.42772
1055.261389,1000,7460.211533
999.74298,1000,7471.960721
971.210065,1000,7483.821598
935.958487,1000,7495.705312
996.636181,1000,7507.516891
-242.054071,1000,7519.532819
636.344862,1000,7531.460668
1053.104819,1000,7543.372757
1004.253397,1000,7555.314363
1101.53729,1000,7567.123293
819.08075,1000,7579.036757
892.384624,1000,7590.977066
935.164795,1000,7602.998865
964.984085,1000,7614.927129
1068.526308,1000,7626.911413
1073.096442,1000,7638.757842
777.19361,1000,7650.589562
964.858737,1000,7662.706524
899.504706,1000,7674.818833
908.267235,1000,7686.867707
1066.08534,1000,7698.814732
980.330715,1000,7710.74166
1002.666424,1000,7722.658622
1101.244024,1000,7734.547796
1024.106469,1000,7746.500696
975.78565,1000,7758.506217
927.100577,1000,7770.373718
830.609963,1000,7782.35535
1148.715855,1000,7794.199872
954.476284,1000,7806.095337
964.558241,1000,7817.858741
964.910086,1000,7829.798655
907.329359,1000,7841.62466
1163.204436,1000,7853.590138
953.913095,1000,7865.544595
892.881371,1000,7877.502737
1005.144367,1000,7889.40062
818.704215,1000,7901.391697
951.407414,1000,7913.264883
943.001771,1000,7925.326677
734.927749,1000,7937.325834
850.198563,1000,7949.387186
586.736569,1000,7961.270759
1029.003548,1000,7973.269655
227.333126,1000,7985.257635
1001.434318,1000,7997.278796
998.701429,1000,8009.230107
883.903559,1000,8021.196719
954.455684,1000,8033.178852
968.689919,1000,8045.221956
1095.01833,1000,8057.31897
1135.153784,1000,8069.136988
799.864261,1000,8081.10653
994.932785,1000,8092.999784
1151.956997,1000,8104.959642
1091.701864,1000,8116.933708
1032.305128,1000,8128.846605
-532.953179,1000,8140.80571
1085.11439,1000,8152.871066
904.467166,1000,8164.901786
1125.487976,1000,8176.956369
817.021369,1000,8188.846664
1133.046037,1000,8200.926805
915.506612,1000,8212.97765
63.710816,1000,8225.086578
893.489463,1000,8237.145687
799.533504,1000,8249.134731
985.915453,1000,8261.064661
965.237249,1000,8273.133698
999.550609,1000,8285.072583
1060.983604,1000,8297.001827
834.26075,1000,8309.00787
1001.842397,1000,8320.975681
957.070871,1000,8332.898637
1014.258111,1000,8344.861768
874.108541,1000,8356.940768
1107.601128,1000,8368.972637
994.106993,1000,8380.882574
1024.921176,1000,8392.859512
890.043275,1000,8404.712741
822.339284,1000,8416.773688
929.267809,1000,8428.830771
963.805176,1000,8440.844508
693.708079,1000,8452.795583
928.739727,1000,8464.78856
748.364105,1000,8476.753546
810.55464,1000,8488.734735
1287.457731,1000,8500.677688
1029.445253,1000,8512.665628
-75.955644,1000,8524.651694
1119.852123,1000,8536.638642
953.287763,1000,8548.604687
721.863771,1000,8560.737151
742.908062,1000,8572.794688
805.475683,1000,8584.793597
522.234966,1000,8596.853656
922.359573,1000,8608.947299
839.74917,1000,8620.984726
1038.933128,1000,8632.954748
963.683496,1000,8645.033743
1194.311531,1000,8657.114512
1070.809714,1000,8669.126599
919.616349,1000,8681.175673
974.85886,1000,8693.294867
958.814635,1000,8705.179869
847.345605,1000,8717.18663
935.259577,1000,8729.147612
1063.230854,1000,8741.005922
936.640149,1000,8752.965289
848.899697,1000,8764.935088
892.384565,1000,8776.94056
868.043043,1000,8788.949462
875.554739,1000,8800.945684
981.286011,1000,8813.109624
839.967429,1000,8825.121519
835.463511,1000,8837.137734
1107.215266,1000,8849.166503
1064.320077,1000,8861.290658
1150.44401,1000,8873.611967
968.547882,1000,8885.949624
951.301364,1000,8898.350699
715.536087,1000,8910.727444
901.051038,1000,8923.018893
1075.166902,1000,8935.429558
838.975665,1000,8947.805033
937.93392,1000,8960.028596
1052.864309,1000,8972.055248
1063.067474,1000,8983.983645
1060.727324,1000,8995.817977
1167.86373,1000,9007.912668
-362.219885,1000,9020.201024
704.976652,1000,9032.20469
553.37529,1000,9044.140995
923.261177,1000,9056.216635
880.794413,1000,9068.268908
677.747351,1000,9080.328606
962.799121,1000,9092.394852
920.308457,1000,9104.344259
-0.780476,1000,9116.364737
1029.827757,1000,9128.337559
1098.130266,1000,9140.493807
829.111524,1000,9152.56473
641.883924,1000,9164.731605
973.894873,1000,9176.807848
1087.63094,1000,9188.910023
414.66691,1000,9200.979547
1119.247255,1000,9213.016249
952.704071,1000,9225.088957
1030.499625,1000,9237.150624
753.15735,1000,9249.30074
624.417008,1000,9261.40475
911.358615,1000,9273.411008
1001.420929,1000,9285.479216
725.441217,1000,9297.56863
1095.350036,1000,9309.5762
673.052292,1000,9321.661685
482.717972,1000,9333.790638
1032.938545,1000,9345.788698
732.456336,1000,9357.827732
999.117156,1000,9369.874507
935.249974,1000,9381.819663
889.41719,1000,9393.942698
855.488023,1000,9405.935539
867.638585,1000,9417.937646
1072.772679,1000,9429.919739
887.851641,1000,9441.983721
1103.840328,1000,9453.932022
669.724394,1000,9466.055716
979.195672,1000,9478.17164
808.463231,1000,9490.464181
1094.333325,1000,9502.543054
744.806378,1000,9514.680342
873.831031,1000,9526.744745
920.858575,1000,9539.0016
1049.363836,1000,9551.06041
778.415897,1000,9563.118983
941.171317,1000,9575.185379
921.359383,1000,9587.228709
592.088528,1000,9599.328121
558.945909,1000,9611.380703
1132.871989,1000,9623.452086
1071.458395,1000,9635.542604
964.225936,1000,9647.81853
1030.54493,1000,9659.889682
922.017899,1000,9671.912816
714.68969,1000,9683.976719
946.627457,1000,9696.063702
1203.156698,1000,9707.994791
947.960609,1000,9720.047671
681.994184,1000,9732.082566
751.998431,1000,9744.182382
996.631646,1000,9756.306692
1057.451572,1000,9768.435682
1160.470376,1000,9780.489876
958.299739,1000,9792.615735
1067.754205,1000,9804.758651
1150.37986,1000,9816.828753
1049.100198,1000,9828.921729
698.437715,1000,9841.03871
787.002591,1000,9853.256077
985.259684,1000,9865.30385
1063.535388,1000,9877.454812
1100.715845,1000,9889.478869
1051.031869,1000,9901.960677
1031.297816,1000,9914.09573
831.439899,1000,9926.077699
736.832038,1000,9938.323876
816.127857,1000,9950.502314
1090.119047,1000,9962.744582
1146.651142,1000,9974.956699
1134.141295,1000,9987.028692
994.101881,1000,9999.087804
1045.17832,1000,10011.106588
975.918828,1000,10023.18462
1134.485531,1000,10035.377683
1122.42598,1000,10047.555721
891.398228,1000,10059.657667
1015.062018,1000,10071.796683
988.395584,1000,10083.842626
1139.575572,1000,10095.911871
1054.984416,1000,10108.07997
1125.717233,1000,10120.267391
1084.535395,1000,10132.443962
1052.061416,1000,10144.663596
1261.61377,1000,10156.763719
1085.88969,1000,10168.822674
1041.056595,1000,10180.985195
737.968323,1000,10193.136676
749.762259,1000,10205.400378
-318.987267,1000,10217.642064
1120.707321,1000,10229.712844
765.21572,1000,10241.83685
762.312855,1000,10253.996512
827.699972,1000,10266.081763
416.733725,1000,10278.20367
1020.318595,1000,10290.241672
938.856305,1000,10302.488702
945.899845,1000,10314.622593
924.852833,1000,10326.665645
1091.924872,1000,10338.780651
963.342943,1000,10351.013666
1024.027754,1000,10363.207707
886.156513,1000,10375.472686
850.408002,1000,10387.722579
1128.378738,1000,10400.028719
1186.49352,1000,10412.162677
916.549466,1000,10424.358727
1106.912442,1000,10436.856713
524.273814,1000,10449.359691
974.285982,1000,10461.873737
988.695064,1000,10474.26619
1203.343706,1000,10486.852371
760.295087,1000,10499.289689
742.027817,1000,10511.785607
1030.316828,1000,10524.281441
946.445287,1000,10536.713547
755.598387,1000,10548.877539
1009.51975,1000,10560.985814
675.534225,1000,10573.322183
1003.081189,1000,10585.513899
1080.541369,1000,10597.64085
808.754381,1000,10609.853655
898.684064,1000,10622.055733
740.703488,1000,10634.202461
883.245874,1000,10646.307744
1044.938913,1000,10658.553006
822.239868,1000,10670.553603
929.011658,1000,10682.707871
795.699101,1000,10694.838695
743.347572,1000,10707.045806
1040.828484,1000,10719.20465
990.658966,1000,10731.498506
904.490532,1000,10743.65467
762.147807,1000,10755.971205
1019.255355,1000,10768.330023
1019.850996,1000,10780.57567
783.349867,1000,10792.820347
1204.636546,1000,10805.011829
737.835221,1000,10817.284888
1107.350574,1000,10829.550566
-255.367208,1000,10841.744742
848.234212,1000,10853.930762
1155.878957,1000,10866.164697
720.659856,1000,10878.527872
686.107504,1000,10890.87485
1056.478767,1000,10902.968617
923.42337,1000,10915.093559
870.660862,1000,10927.228635
1056.294417,1000,10939.499685
1046.941643,1000,10951.656628
953.327547,1000,10963.740519
994.446275,1000,10975.884113
677.959198,1000,10988.001735
938.357913,1000,11000.141356
676.969382,1000,11012.368852
1209.223671,1000,11024.627738
928.716397,1000,11036.813665
983.424876,1000,11048.980418
1077.636199,1000,11061.231811
798.377523,1000,11073.493695
1038.48753,1000,11085.711704
735.873248,1000,11097.85986
868.752165,1000,11110.142445
1039.609805,1000,11122.432727
1035.526435,1000,11134.687628
800.83751,1000,11146.904742
1044.96035,1000,11159.130557
1074.026963,1000,11171.2807
953.147472,1000,11183.435334
1021.195489,1000,11195.727717
778.949281,1000,11207.897763
742.742439,1000,11220.245455
1115.108094,1000,11232.560831
649.551543,1000,11244.665612
929.860371,1000,11256.883661
1186.985384,1000,11269.025897
252.385138,1000,11281.366738
1106.960021,1000,11293.533801
926.603171,1000,11305.719651
1048.167017,1000,11317.940529
1110.421291,1000,11330.191883
1043.928528,1000,11342.448652
979.14986,1000,11354.67273
1022.135185,1000,11368.677949
765.763338,1000,11382.831328
779.097567,1000,11399.595661
858.991817,1000,11414.610732
740.065967,1000,11426.964771
796.882419,1000,11439.26617
886.981784,1000,11451.567597
808.54789,1000,11464.025753
955.566879,1000,11476.447522
1041.662664,1000,11488.833857
-380.265945,1000,11501.142585
939.917602,1000,11513.293642
1165.587282,1000,11525.606685
1121.558225,1000,11537.827523
1171.887159,1000,11550.077766
1294.595312,1000,11562.254634
923.348887,1000,11574.414696
1117.033771,1000,11586.788753
872.220734,1000,11598.988541
895.159939,1000,11611.251737
1090.285118,1000,11623.422144
830.591564,1000,11635.838659
927.680488,1000,11648.170537
-161.559142,1000,11660.709743
958.991626,1000,11672.969837
1073.820973,1000,11685.243756
923.830475,1000,11697.534153
1129.133323,1000,11710.013863
1091.098968,1000,11722.325639
-388.190951,1000,11734.747733
793.772408,1000,11747.215201
911.459748,1000,11759.551082
1056.742425,1000,11771.807684
1112.916899,1000,11784.02358
1113.184432,1000,11796.285648
1020.555493,1000,11808.548727
1088.516984,1000,11820.834235
1122.082196,1000,11833.297464
