#{"t_start": 1521424463.7325015, "env_id": "Ant-v2"}
r,l,t
-559.237113,1000,12.289287
-174.754185,1000,27.07654
-641.046376,595,37.87292
62.513389,76,38.777191
62.955394,1000,53.428218
21.255035,1000,68.093867
-33.404267,171,69.535894
114.025138,1000,84.214487
18.179656,1000,97.496565
476.649541,1000,111.176691
228.909216,1000,125.70499
343.614579,1000,139.873396
438.705974,1000,154.298109
206.654952,1000,168.447844
469.900194,1000,180.783789
580.253492,1000,195.31078
374.267645,1000,208.495724
192.208516,1000,222.987761
743.584343,949,235.588272
473.828023,1000,249.167505
334.217385,1000,262.442765
186.710735,1000,276.076907
169.616516,173,277.925197
-22.167633,1000,290.239883
133.370472,1000,304.082705
460.502311,1000,317.019873
185.552809,867,330.147815
63.72417,65,330.644949
393.248414,1000,344.07738
118.383599,1000,357.94076
1030.515364,1000,372.384117
48.11275,108,376.948868
379.539888,971,385.869053
811.405946,1000,399.472963
-31.544691,424,408.625475
-104.311416,1000,422.83719
412.456074,1000,437.736298
-205.56073,1000,451.908186
357.226968,685,463.48215
-6.108181,1000,477.505385
56.769929,1000,492.427048
249.343216,1000,506.445195
-116.256281,1000,517.815685
314.753569,1000,531.561394
-323.036984,1000,543.92734
314.446855,1000,554.808401
474.764053,1000,568.863182
-32.951097,1000,582.492591
30.030663,65,582.988112
130.937111,1000,597.580766
88.102775,115,598.936955
468.908325,795,611.681736
483.393804,1000,625.72859
-596.226306,1000,639.662997
418.527819,1000,654.443442
-122.972497,1000,668.495255
559.715191,1000,681.527594
12.812594,1000,696.134846
307.222098,1000,710.638084
728.960091,1000,723.896111
622.334457,1000,737.522789
-13.19226,1000,752.119799
414.301047,1000,765.75805
546.71491,1000,779.536861
509.971441,1000,790.437282
9.982333,20,790.467253
502.2234,1000,804.41888
743.647632,1000,818.931405
817.324688,1000,832.987785
814.203453,1000,847.700705
477.2552,1000,862.443344
379.354552,1000,877.188434
194.544632,1000,892.051505
-102.062587,1000,906.764975
-590.878585,1000,921.422949
497.984892,1000,933.435547
369.269725,1000,948.083094
295.02754,1000,961.907386
50.087959,160,963.329817
75.567175,123,964.69831
6.513904,18,964.726203
-155.196946,1000,976.357008
43.144619,1000,989.967932
95.465172,122,991.336307
128.378389,201,993.209447
83.613468,183,994.673187
375.009603,1000,1008.158964
299.530336,1000,1022.54466
544.54999,1000,1035.254716
103.64083,1000,1047.979036
301.228564,1000,1062.70323
462.285824,1000,1075.438824
352.936421,1000,1088.918261
33.800969,57,1089.393315
386.084233,1000,1103.434505
35.022296,41,1103.887633
20.652869,65,1107.646926
419.500826,1000,1120.070087
169.351262,1000,1133.718493
474.622822,1000,1147.479443
193.219169,333,1150.733795
263.37529,371,1154.426483
372.747922,1000,1167.290581
559.896649,891,1178.639386
554.045594,1000,1191.659446
702.598391,1000,1206.23079
418.062993,1000,1219.887426
238.087125,357,1228.323204
274.069672,959,1237.245575
601.680452,1000,1251.517936
408.339933,1000,1266.277264
281.715689,985,1280.480736
20.703898,59,1285.620449
392.910304,1000,1297.593313
59.291539,1000,1309.868739
9.522121,46,1309.941028
458.548853,1000,1324.028223
510.404794,1000,1338.97308
463.995481,1000,1353.924944
42.546875,50,1354.410356
799.471729,1000,1369.24928
-176.417377,1000,1383.4249
361.615867,1000,1398.376292
324.665906,1000,1413.233318
424.65129,1000,1428.226989
178.20895,1000,1442.907175
403.781008,1000,1457.561399
588.277386,1000,1472.210181
530.978145,1000,1486.852442
322.192241,1000,1501.59349
287.951066,1000,1516.271167
424.890354,1000,1530.252097
693.910841,1000,1544.416398
444.148779,1000,1556.839253
402.176786,1000,1570.178498
565.31746,1000,1583.820138
161.650607,1000,1597.553688
526.736534,1000,1611.554877
275.067586,1000,1625.5834
431.267117,1000,1639.361522
833.570546,1000,1652.871524
705.251219,1000,1663.913527
249.509887,1000,1675.518358
35.387848,115,1676.872348
382.233345,1000,1690.795978
278.58199,1000,1703.621651
664.834445,1000,1716.468775
706.874719,1000,1730.114151
627.881699,1000,1743.693178
512.992309,1000,1756.540524
661.436805,1000,1769.009559
244.387433,732,1775.629211
509.520365,1000,1790.392568
505.4335,1000,1803.365406
269.789178,1000,1817.429137
27.927566,48,1817.900769
320.230802,1000,1830.217261
29.269675,37,1833.686503
438.214433,1000,1848.397977
472.199084,1000,1862.389157
517.480368,1000,1877.176512
178.868904,1000,1890.823502
579.239341,1000,1903.786546
7.460759,15,1903.811254
278.725363,1000,1915.663904
491.248447,1000,1928.091665
370.441871,1000,1942.809141
463.867675,1000,1955.453913
531.106425,1000,1970.304065
274.172865,1000,1984.145241
317.795095,1000,1997.620489
260.645898,1000,2011.14022
238.518516,1000,2024.862959
157.675413,356,2028.560678
29.735601,29,2028.607442
274.435823,1000,2043.383375
672.44453,1000,2057.329059
374.157054,1000,2072.051337
264.850844,1000,2085.959565
-169.568701,1000,2099.505797
372.576188,1000,2114.292008
295.848953,1000,2129.141432
180.849744,564,2134.326419
354.545647,1000,2147.493454
509.484597,1000,2161.542477
145.641062,1000,2175.32971
505.118788,1000,2189.173974
152.421891,294,2196.774692
375.162233,1000,2211.587474
191.249339,1000,2223.956775
-18.416102,1000,2237.879303
-669.357187,1000,2252.773544
584.30704,1000,2265.75467
-498.228214,1000,2280.666095
48.585773,1000,2295.526517
-51.926697,1000,2310.407065
21.247851,1000,2325.364907
567.266706,1000,2340.168287
544.454721,1000,2355.042021
791.649667,1000,2369.043976
377.193059,1000,2383.838747
64.790629,148,2385.250365
295.105852,1000,2398.398926
200.170091,1000,2409.310401
147.57366,1000,2423.27947
237.912229,1000,2435.548421
401.22871,1000,2449.606801
53.374055,129,2450.989396
352.400213,1000,2464.829821
520.75411,1000,2477.939506
224.108437,1000,2492.785484
428.762751,850,2504.189934
308.220318,1000,2516.388083
231.396849,1000,2531.234296
371.663762,1000,2545.894305
30.487797,39,2546.353868
186.678795,1000,2561.326752
280.773049,1000,2576.263749
246.696337,1000,2591.09113
416.792343,1000,2605.445259
620.486896,1000,2620.261308
147.572793,1000,2633.449684
65.139036,162,2634.8736
360.617557,713,2646.297482
286.055337,1000,2660.763081
165.529721,1000,2675.241344
598.547919,1000,2688.825135
380.375211,1000,2702.124767
193.604315,1000,2716.078074
221.73002,1000,2728.216107
139.147626,1000,2742.029316
32.376707,123,2743.394174
-133.036359,1000,2758.020731
268.219055,1000,2772.104987
68.836292,137,2773.094594
9.974885,56,2773.586389
403.771331,1000,2788.458096
155.684752,1000,2803.258522
393.851076,1000,2818.013915
721.242231,1000,2832.287279
6.752127,21,2832.719512
36.433269,49,2833.188427
597.782708,1000,2846.17626
69.839627,88,2847.099529
481.66417,1000,2859.575325
640.204861,1000,2874.377799
391.340269,1000,2887.888663
138.085618,203,2895.172725
103.461813,1000,2910.08291
318.183326,1000,2924.044256
226.106868,400,2927.814552
580.716532,1000,2940.363395
397.70464,1000,2954.248186
18.606013,32,2954.296482
288.593448,1000,2968.607128
29.9584,128,2970.001363
-30.237715,1000,2984.86299
27.409969,30,2984.906753
177.894095,346,2988.216892
424.308282,1000,3000.230195
69.176592,474,3010.283182
399.336713,1000,3023.684591
355.079885,1000,3038.588841
13.314507,58,3039.105256
101.649631,225,3041.406439
10.694991,102,3042.349521
19.198486,51,3042.81969
239.643815,1000,3056.22269
398.325353,1000,3071.127688
271.581798,1000,3082.969266
553.212313,1000,3097.82451
495.228271,1000,3112.704235
128.644789,173,3118.531789
441.548786,1000,3133.472538
338.593936,1000,3148.551935
93.392724,364,3151.866325
354.748733,1000,3166.262707
373.78953,1000,3178.944848
498.898308,1000,3193.751033
442.803892,1000,3208.619787
366.094415,1000,3222.825131
356.917061,1000,3237.730948
645.511703,1000,3250.739227
-28.557811,1000,3264.791204
238.871436,1000,3279.692576
684.0287,1000,3294.628504
407.966927,1000,3308.815163
678.29473,1000,3323.066963
595.758542,1000,3337.9811
360.852034,1000,3351.05727
676.353313,1000,3366.01918
256.305222,1000,3381.033152
312.781123,1000,3396.069099
492.962374,1000,3411.541975
655.411948,1000,3426.905165
457.641635,1000,3442.109939
302.265426,1000,3457.300377
425.408186,1000,3472.567246
362.026123,1000,3486.653502
111.352872,129,3488.046436
-44.370129,1000,3503.011326
190.81336,1000,3516.939924
270.816752,1000,3531.846328
33.441372,95,3532.787345
269.146766,1000,3546.767415
420.208385,1000,3560.764519
599.805327,1000,3573.412713
413.600356,1000,3588.320605
130.207179,156,3589.735474
-548.319996,1000,3603.954881
-153.135139,1000,3618.140206
527.05186,1000,3632.03975
179.634977,1000,3646.941558
317.210423,1000,3660.080448
236.858545,1000,3674.678289
-416.157718,1000,3688.826502
32.315807,37,3689.278009
397.241453,1000,3703.353587
509.831931,1000,3717.94613
614.459031,1000,3730.974451
533.947518,1000,3745.774559
402.859494,1000,3760.03113
240.349631,1000,3774.361477
529.32821,1000,3787.532844
499.808665,1000,3801.283331
157.076348,1000,3814.377935
481.344965,1000,3829.371889
520.677403,1000,3844.254509
324.410062,1000,3858.279136
407.493654,1000,3873.196336
662.627268,1000,3886.658798
592.395838,1000,3901.7164
595.519161,1000,3916.149396
557.048011,1000,3929.417226
520.016125,1000,3944.460694
463.110759,1000,3959.25704
295.19136,1000,3972.378158
422.348184,1000,3986.362222
53.61853,148,3987.788406
292.063406,1000,4001.768391
9.575942,14,4001.791085
242.247371,883,4015.699336
400.328833,1000,4028.679257
340.035071,1000,4042.413541
533.68019,1000,4057.412438
363.569635,1000,4072.437275
733.202015,1000,4086.485927
557.957933,1000,4100.794294
402.564989,1000,4114.304302
552.524795,1000,4129.366291
-249.630041,1000,4144.180517
693.602635,1000,4157.504892
295.181474,1000,4171.367363
306.644962,1000,4185.130486
144.746632,1000,4199.085985
415.57935,1000,4212.73619
349.559183,1000,4225.170484
534.691018,1000,4238.096152
319.860536,1000,4251.877289
233.026304,667,4261.159972
574.04747,1000,4275.201015
185.874427,241,4277.545568
391.556016,393,4285.109137
363.29785,1000,4296.604841
343.674532,1000,4310.290736
357.515439,1000,4323.844465
185.605891,1000,4336.976325
542.371897,1000,4351.92482
431.483229,1000,4366.604203
376.469302,1000,4379.200499
509.298089,1000,4393.814916
280.309669,1000,4408.916255
268.619009,1000,4423.624087
458.521128,1000,4437.197454
104.815488,183,4438.65853
605.354147,1000,4453.300792
199.224431,442,4457.533781
633.206418,1000,4471.702393
478.159326,1000,4484.898494
599.718944,1000,4499.884727
418.681157,1000,4514.90017
175.86775,1000,4528.671082
705.818323,1000,4543.220768
296.104407,381,4551.254018
426.773946,1000,4565.50459
656.501349,1000,4579.154758
408.750574,1000,4592.273351
272.372209,1000,4606.660737
237.73458,803,4614.196379
5.732407,22,4614.232529
224.120659,239,4621.341532
265.244432,558,4626.528666
130.872973,1000,4640.834864
369.921028,1000,4655.838883
470.396243,1000,4670.951196
426.199473,518,4681.207382
414.212271,1000,4696.240958
299.296293,1000,4709.806563
430.575865,1000,4724.804524
526.869557,1000,4739.054855
519.670387,1000,4753.161874
466.791775,1000,4766.242769
-8.589837,15,4766.667371
348.828236,866,4778.365911
28.027648,92,4779.297074
125.201981,188,4781.165548
682.475898,1000,4795.220247
-236.068124,1000,4809.535186
631.686621,1000,4823.185752
303.31826,1000,4836.318688
-13.381525,1000,4851.506084
559.508959,1000,4865.636789
536.142691,1000,4880.275484
477.956844,1000,4894.518119
431.187131,1000,4909.670173
195.899641,1000,4924.816749
355.950596,1000,4939.956324
-238.210092,1000,4955.024105
73.416071,1000,4970.227848
383.194548,1000,4984.409844
23.206327,59,4984.90084
286.351785,1000,4999.988174
287.962447,1000,5013.125731
28.927289,71,5013.62488
272.120047,1000,5028.807154
421.437593,1000,5043.939736
614.71958,1000,5058.140248
-389.115456,1000,5070.290458
346.607319,1000,5085.432237
622.908078,1000,5097.214862
637.130393,1000,5111.387048
611.892103,1000,5125.578315
121.78709,245,5127.919027
434.527667,1000,5142.970943
1.554185,15,5143.390498
677.045061,1000,5155.689279
553.78248,1000,5170.862877
590.047663,1000,5186.141869
437.116223,1000,5201.114033
700.375468,1000,5216.176214
618.488985,1000,5231.297829
496.28654,1000,5245.62256
423.215604,1000,5260.683938
242.774858,1000,5275.809174
520.631586,1000,5290.29862
56.010006,68,5290.796054
417.669617,543,5301.633603
602.23398,1000,5316.703576
624.219903,1000,5331.96623
755.374529,1000,5347.100514
651.823508,1000,5362.214202
382.921537,1000,5376.435979
373.380233,478,5380.811199
-0.832909,16,5381.231541
745.011204,1000,5396.280207
424.739108,1000,5411.36416
354.527754,1000,5425.06678
57.691087,98,5431.60129
569.756785,1000,5446.740861
306.537744,1000,5461.833965
67.574595,105,5462.78969
772.598326,1000,5477.247333
516.145096,1000,5491.87989
502.809573,1000,5506.949218
342.67514,1000,5522.041873
697.497477,1000,5537.139194
576.058752,1000,5552.320695
855.867021,1000,5567.48936
547.071184,1000,5582.671874
212.180812,1000,5597.803146
714.492862,1000,5612.911376
856.338114,1000,5627.67578
305.069618,1000,5641.962211
262.514998,374,5645.312804
654.030135,1000,5660.469181
574.506639,1000,5675.572777
425.84951,1000,5690.394665
485.606958,1000,5704.997228
709.369777,1000,5719.424321
23.134241,29,5719.862429
586.982289,1000,5734.985129
690.94895,1000,5750.330438
691.093735,1000,5765.49526
644.474547,1000,5779.752248
91.505104,177,5781.219146
600.12045,1000,5796.405197
700.532122,1000,5811.630569
417.71007,1000,5826.856558
566.080288,1000,5842.084307
353.608497,1000,5857.16752
110.365695,1000,5872.256299
895.6926,1000,5887.4475
711.13266,1000,5902.621147
610.954254,1000,5917.750793
455.187355,1000,5932.97897
504.31388,1000,5948.175336
211.154169,1000,5963.287606
372.925252,990,5978.435039
785.620326,1000,5993.583109
605.319701,1000,6008.706958
753.215666,1000,6023.563332
567.40999,1000,6038.667319
330.642881,1000,6053.977818
524.812991,1000,6069.115558
625.250936,1000,6084.319491
592.781512,1000,6099.599396
279.862015,1000,6114.83517
536.021382,1000,6129.984496
270.631629,496,6138.396408
387.40797,1000,6152.739555
401.670705,1000,6168.15999
1021.953175,1000,6182.490448
280.993772,1000,6197.812464
505.634912,1000,6213.149069
585.39818,1000,6228.294086
582.961032,1000,6242.558693
545.553247,1000,6257.865822
384.881581,1000,6272.039346
189.365733,274,6274.426416
361.457231,1000,6289.325528
236.733744,1000,6304.549346
529.928827,1000,6319.750018
582.36645,1000,6335.025964
470.773958,1000,6350.250771
40.956445,194,6352.138286
601.246709,1000,6365.61835
517.056986,1000,6379.681302
766.971445,1000,6394.201532
383.076533,1000,6409.394309
435.660232,1000,6424.600589
478.456094,1000,6439.703391
458.191788,1000,6454.286501
858.137224,1000,6469.610169
727.53703,1000,6484.940037
675.993089,1000,6500.26047
633.391666,1000,6515.522829
670.29126,1000,6530.725603
643.029478,1000,6545.956165
342.758818,1000,6560.415894
569.188813,1000,6575.576023
651.644425,1000,6590.789754
481.931748,1000,6606.182455
637.542605,1000,6621.492838
625.249376,1000,6636.567083
756.337859,1000,6649.752176
599.42846,1000,6665.091491
492.318541,1000,6680.335352
730.8955,1000,6694.736843
688.433449,1000,6709.888687
655.399635,825,6723.632041
185.927556,1000,6738.852114
594.802775,1000,6754.124594
532.382004,1000,6769.442367
743.057698,1000,6784.588733
839.498817,1000,6799.789865
837.888213,1000,6813.609791
638.24272,1000,6828.866553
479.437081,1000,6844.078952
571.28999,853,6857.832887
921.974508,1000,6871.366307
414.128642,1000,6886.988881
564.160437,1000,6902.600191
678.118138,1000,6917.585581
689.079355,1000,6933.178568
551.276786,1000,6948.758553
729.822484,1000,6962.404582
642.614089,1000,6977.867249
902.924696,1000,6991.133077
458.044549,1000,7006.389052
541.124833,1000,7021.695312
433.786914,725,7034.159143
163.397925,1000,7049.506085
684.527456,1000,7064.787537
604.372952,1000,7080.057317
358.23251,1000,7095.378723
580.766361,1000,7110.230911
734.399426,1000,7125.47008
537.366528,1000,7140.740245
636.352474,1000,7156.102263
764.307808,1000,7171.348616
447.219426,1000,7186.715213
479.724685,1000,7201.976751
515.617474,1000,7215.679481
704.289752,1000,7230.774324
544.695548,1000,7244.444763
778.114249,1000,7259.027511
639.344535,1000,7274.250902
573.288062,978,7289.446192
640.532783,1000,7303.799269
764.674895,1000,7319.131368
583.902937,1000,7334.157469
808.360138,1000,7349.573386
108.091429,233,7351.907986
625.647125,1000,7367.325061
724.318581,1000,7382.591838
340.793553,1000,7397.891663
598.09509,1000,7413.189175
271.920993,328,7416.048947
734.667287,1000,7431.234819
228.783432,1000,7446.524554
837.98016,1000,7460.825305
821.834352,1000,7476.187481
263.447602,1000,7491.592119
320.585169,1000,7506.996796
1064.96533,1000,7522.258484
603.483479,1000,7537.501423
743.010503,1000,7552.946366
540.334664,1000,7568.254266
568.492897,1000,7581.952837
412.508123,1000,7597.351466
600.174715,1000,7612.726161
444.936588,1000,7628.113314
6.827421,16,7628.535608
701.578158,1000,7643.995713
481.751946,1000,7659.370307
419.572747,1000,7674.505076
751.1014,1000,7689.859123
320.745043,1000,7704.954207
380.058682,1000,7720.421373
274.662415,1000,7735.654686
332.566751,1000,7751.300357
11.468801,1000,7766.540752
517.509005,1000,7781.869903
538.161744,1000,7797.190598
401.187904,1000,7812.52077
445.734508,1000,7827.924278
618.44315,1000,7842.329509
202.440119,1000,7857.608955
311.364426,1000,7872.938421
357.884589,1000,7888.4794
370.456512,1000,7903.981931
651.186485,1000,7919.46971
643.848028,1000,7934.836085
497.919736,1000,7950.293612
583.077275,1000,7965.635517
67.957311,143,7966.657321
560.331521,1000,7982.140231
584.577429,1000,7997.447927
566.378428,1000,8012.803013
400.494176,1000,8028.143156
503.367256,1000,8043.643764
638.802603,1000,8059.042822
404.058445,1000,8074.431599
491.631563,802,8086.962693
715.476689,1000,8102.396737
734.721744,1000,8117.951387
685.67368,1000,8133.256484
409.158965,1000,8148.760217
734.212435,1000,8164.152166
677.049083,1000,8179.624805
658.041243,1000,8194.72917
572.156571,1000,8210.25756
50.070267,75,8211.171371
416.706296,1000,8226.623226
641.631654,1000,8242.110889
559.059273,1000,8257.511234
668.955949,1000,8272.998453
571.658743,1000,8288.425402
577.294984,1000,8303.549588
705.685734,1000,8318.117661
705.544419,1000,8333.530424
421.285849,1000,8348.967414
630.961427,1000,8364.418878
730.341039,1000,8379.844151
610.124301,1000,8394.653458
689.645498,1000,8409.995935
630.998677,1000,8425.397867
143.767843,1000,8440.869317
691.059391,1000,8456.241104
900.402132,1000,8471.59533
911.037765,1000,8487.030059
539.974232,1000,8501.957506
501.051299,1000,8517.412666
661.405304,909,8531.880978
568.397855,1000,8547.529912
580.835077,1000,8562.911439
753.689467,1000,8578.231865
683.921584,1000,8593.610524
733.17783,1000,8609.0758
505.661266,1000,8624.506116
451.710656,1000,8640.164308
728.985945,1000,8655.382734
321.381617,1000,8669.637196
319.632834,1000,8685.32152
93.326513,190,8687.214506
607.158582,1000,8702.994086
231.266343,1000,8718.683933
566.657153,1000,8734.513969
496.114503,1000,8750.111341
358.167466,475,8760.410537
591.68598,1000,8775.890336
241.473027,1000,8791.451126
672.6398,1000,8807.12625
760.597558,1000,8822.573823
543.753793,1000,8837.985512
61.219838,109,8839.339998
735.904383,1000,8854.646475
512.19418,1000,8869.999874
400.621919,1000,8885.515582
597.084694,1000,8900.919899
720.355248,1000,8914.860455
618.518127,1000,8930.334485
745.092055,1000,8945.796588
737.451361,1000,8961.434239
622.411824,1000,8976.149686
680.298922,1000,8991.676219
615.018998,1000,9006.493466
501.392133,1000,9022.024145
422.301907,1000,9037.744916
487.102098,1000,9053.557787
518.593072,1000,9069.332146
657.551238,1000,9085.162076
402.844904,458,9089.514223
563.048203,1000,9105.26623
744.629193,1000,9120.996216
544.830025,1000,9136.666285
347.552305,1000,9152.094817
865.98147,1000,9167.507261
695.233437,1000,9182.92785
342.822005,1000,9198.489876
380.587403,1000,9214.039939
470.404089,1000,9229.526114
290.150342,1000,9245.173722
437.480123,1000,9260.898571
153.540303,1000,9276.796429
672.181584,1000,9292.329604
530.835318,1000,9307.91745
-367.143606,1000,9323.459886
138.93103,243,9331.860753
532.065239,1000,9347.523601
436.148518,1000,9363.024705
614.227596,1000,9378.476779
781.030973,1000,9394.204808
756.315161,1000,9409.63346
666.484329,1000,9425.025542
647.092764,1000,9439.459241
120.636642,206,9441.356942
596.915115,1000,9456.717057
575.411449,1000,9472.130579
710.426368,1000,9487.628259
500.217056,1000,9502.597242
675.137156,1000,9517.76115
709.640234,1000,9533.264081
484.729203,1000,9548.677478
719.96247,1000,9564.112813
557.242436,1000,9579.63969
357.263157,477,9583.940885
451.135738,1000,9599.507056
611.492858,1000,9612.382423
389.578723,1000,9627.872695
656.322573,1000,9643.439874
810.015398,1000,9659.024436
632.106638,1000,9674.504051
756.908709,1000,9690.014102
452.533248,1000,9705.444574
736.136531,1000,9720.79224
645.056087,1000,9736.281373
317.687382,1000,9751.734815
732.971362,1000,9767.384308
603.363941,1000,9782.909651
629.617144,1000,9797.93976
224.589226,1000,9813.419275
512.639618,1000,9828.946931
672.5793,1000,9843.955395
681.103152,1000,9859.378982
742.132009,1000,9874.798907
760.639652,1000,9890.654705
40.227617,51,9891.128646
780.908772,1000,9906.971556
532.190161,1000,9922.905889
820.630823,1000,9938.775811
542.622142,539,9949.518489
532.754714,1000,9965.023454
692.581954,1000,9980.605492
357.962837,1000,9996.090312
513.193823,1000,10011.597045
604.934359,1000,10026.383381
763.830679,1000,10041.857249
910.29291,1000,10057.29749
787.281263,1000,10072.951594
556.731753,1000,10088.808648
634.629802,1000,10103.647073
723.299807,1000,10119.219009
725.089189,1000,10135.158235
478.510886,1000,10150.434111
598.811315,1000,10166.257916
504.093577,1000,10181.885517
666.610768,1000,10197.628089
293.426406,1000,10213.210573
433.997431,1000,10227.535859
741.902324,1000,10243.167066
657.393002,1000,10257.963457
767.524058,1000,10273.502018
711.530088,1000,10289.0137
711.504941,1000,10302.04243
785.769161,1000,10316.585319
710.94192,1000,10332.166216
709.859913,1000,10347.73816
741.68798,1000,10361.530072
326.623435,1000,10375.055554
678.854103,1000,10389.947252
117.932386,161,10391.391151
169.556114,257,10393.784672
296.407664,1000,10409.410159
410.311388,1000,10424.1473
666.088478,1000,10439.651276
667.127116,1000,10455.304566
652.947971,1000,10468.278736
530.802784,1000,10483.89579
752.171946,1000,10497.499293
730.426055,1000,10512.911021
541.072951,1000,10528.519078
471.116097,1000,10544.247367
467.403673,1000,10559.918151
649.506732,1000,10575.505531
302.154132,1000,10591.12645
500.36289,1000,10606.855445
624.69863,1000,10622.442283
585.362253,1000,10638.017109
492.722931,550,10649.357849
542.572483,1000,10664.184208
651.761102,1000,10679.85205
543.06183,1000,10695.569097
660.124662,1000,10710.495275
674.530567,1000,10725.162286
377.579658,1000,10740.715532
545.634415,1000,10756.320292
530.046016,1000,10771.479926
620.518475,1000,10787.186686
734.089609,1000,10802.734519
720.124501,1000,10818.379711
761.081581,1000,10834.02757
610.367811,1000,10849.728528
607.758532,1000,10865.306705
600.290561,1000,10878.388542
792.22598,1000,10894.011542
744.541095,1000,10909.616183
652.737442,1000,10925.217498
355.310354,730,10938.415063
555.869986,1000,10954.172472
652.17192,1000,10969.86726
707.526476,1000,10985.494183
706.740926,1000,11001.021983
917.437002,1000,11016.527436
757.335089,1000,11031.137136
763.690989,1000,11046.805488
23.238278,92,11047.744903
283.814773,1000,11063.38058
609.054564,1000,11078.969141
242.370716,265,11081.353398
406.594509,471,11086.052098
109.883234,183,11092.142088
515.471443,1000,11107.906876
828.419155,1000,11121.232857
664.425843,1000,11136.516419
916.135042,1000,11152.326582
506.587571,1000,11167.544909
475.804742,1000,11183.097286
739.357158,1000,11198.401302
513.581057,1000,11214.054806
859.954617,1000,11228.458734
664.982968,1000,11244.159454
119.024499,150,11245.577266
149.960207,251,11247.926479
701.744951,1000,11263.781017
687.054976,1000,11279.422817
477.083227,1000,11295.093835
426.218397,1000,11310.906078
658.296763,1000,11326.658017
468.016825,1000,11342.37002
677.049364,1000,11358.004451
346.823697,1000,11373.834072
634.246567,1000,11389.479304
489.087197,1000,11405.102137
583.406532,1000,11419.417941
720.507279,1000,11435.149305
676.012327,1000,11450.439772
904.418969,1000,11466.054039
790.609749,1000,11481.619558
591.666945,1000,11497.387748
73.01668,146,11498.874186
711.222022,1000,11514.619603
358.056474,511,11525.69203
500.74893,1000,11541.450891
399.625755,1000,11556.986589
615.923145,1000,11572.797966
602.693702,1000,11587.017074
523.015513,1000,11602.813621
508.470518,1000,11618.862271
409.243748,1000,11634.218655
545.638213,1000,11650.269694
775.320659,1000,11665.846661
750.389654,1000,11681.228287
543.833446,1000,11696.840142
719.559205,1000,11711.522716
683.013163,1000,11727.122127
575.846944,1000,11742.394293
549.803083,1000,11758.11288
725.598636,1000,11773.779859
573.523777,1000,11789.545259
419.735333,1000,11804.400252
564.169746,1000,11820.1696
532.58166,1000,11835.832348
496.019751,1000,11851.516444
642.090483,1000,11866.032006
918.145261,1000,11881.764398
721.241217,907,11896.920614
370.698999,568,11902.140558
982.770642,1000,11917.852381
630.737275,1000,11933.899098
392.154579,1000,11949.553766
714.021882,1000,11964.776721
251.755929,1000,11978.130303
528.029007,1000,11994.219868
659.741613,1000,12009.805494
511.234781,1000,12025.23942
795.629187,1000,12039.513319
930.604923,1000,12052.999579
605.635654,1000,12068.69128
556.33109,1000,12084.794416
653.6003,1000,12100.845892
788.309174,1000,12116.781523
540.27637,1000,12132.80653
466.468776,1000,12148.811599
661.573608,1000,12164.670047
674.582413,1000,12180.458421
759.353344,1000,12196.115152
945.427144,1000,12211.84657
565.842857,1000,12227.667168
614.007685,1000,12240.880665
424.359278,1000,12256.075027
200.746973,240,12258.485258
498.92412,1000,12274.694086
522.034942,1000,12289.326776
753.925448,1000,12305.410419
406.007227,1000,12321.039342
478.469338,1000,12336.360354
734.861779,1000,12349.445192
853.94508,1000,12365.440291
141.085749,195,12371.017838
654.950574,1000,12386.758502
413.762784,1000,12401.973557
587.114268,1000,12417.774326
644.225181,1000,12433.305756
118.748735,232,12435.245072
382.5357,1000,12450.344638
49.539503,55,12450.822414
496.668339,679,12457.381389
563.76273,1000,12472.702612
697.8976,1000,12487.436961
145.219927,156,12493.867206
930.843086,1000,12508.892396
649.033234,1000,12522.444552
642.239866,1000,12536.525279
782.772439,1000,12552.288929
544.15434,1000,12568.096578
774.760547,1000,12583.936181
782.964454,1000,12599.747154
364.123127,1000,12615.493764
549.349239,1000,12631.339557
881.977676,1000,12647.315577
604.703715,1000,12663.106154
582.446157,1000,12679.105532
788.787819,1000,12694.882488
534.592366,1000,12710.84145
917.085307,1000,12726.582937
920.952058,1000,12742.209745
654.909498,1000,12758.077452
1011.266231,1000,12774.023423
933.332243,1000,12789.855087
929.59751,1000,12805.57927
846.033267,1000,12821.429936
790.842192,1000,12837.289219
751.705469,1000,12853.141911
614.331986,1000,12868.999925
1020.387884,1000,12883.979382
702.696397,1000,12898.760131
812.22175,1000,12914.53065
432.668406,1000,12929.333549
713.03142,1000,12945.188549
685.211039,1000,12960.990823
704.813742,1000,12976.50984
183.992676,1000,12992.20907
668.703798,1000,13007.635337
353.549475,1000,13020.370013
781.469927,1000,13036.090425
121.641605,139,13037.478431
728.261863,1000,13053.211252
404.318584,1000,13069.555744
427.100712,1000,13085.387246
558.074089,1000,13101.104489
646.336934,1000,13116.839795
603.866,1000,13131.891772
346.184326,1000,13147.660313
863.738343,1000,13163.408005
324.807959,408,13167.183199
652.305425,1000,13182.89037
768.350872,1000,13198.652576
572.62468,1000,13213.843432
671.815899,1000,13229.748244
479.299084,1000,13244.729496
814.890754,1000,13260.535717
671.003519,1000,13276.051585
694.840549,1000,13291.876538
1155.233064,1000,13307.808274
710.370044,1000,13323.562551
804.956249,1000,13339.290059
881.530174,1000,13355.000068
673.632674,1000,13370.756236
512.368094,1000,13385.965734
528.240371,1000,13399.110307
666.758086,1000,13414.860778
809.471107,1000,13430.434591
845.151043,1000,13446.387929
824.759382,1000,13462.088427
571.696381,1000,13475.971853
793.745762,1000,13491.824151
649.32998,1000,13507.327398
867.61527,1000,13523.14535
670.245281,1000,13538.939452
621.383354,1000,13554.841766
606.38972,1000,13569.764651
612.851292,1000,13585.808081
110.879618,115,13586.772552
423.735621,632,13599.440013
596.049969,1000,13614.218252
391.980847,1000,13630.062412
551.304559,1000,13645.93903
490.657872,1000,13661.918608
82.510658,130,13663.310671
289.069007,1000,13679.1729
800.840962,1000,13693.468296
230.398821,442,13697.316052
178.016763,429,13706.939252
163.950992,225,13708.862425
528.991757,1000,13723.105496
481.988842,1000,13737.434239
345.120439,474,13746.392219
408.397872,1000,13761.60338
652.975548,1000,13777.420694
193.837594,317,13780.279491
957.052738,1000,13795.447227
495.814885,1000,13809.592357
531.505828,854,13822.34945
66.9182,139,13823.753142
721.750833,1000,13836.291989
694.106002,1000,13852.268554
308.876766,518,13857.048796
567.764122,1000,13871.861193
271.124167,419,13882.531909
276.6473,343,13885.867147
705.608691,1000,13901.919405
140.359525,145,13903.384597
687.964942,1000,13919.506997
356.282976,448,13930.403096
723.174772,1000,13946.667544
648.693347,1000,13963.029514
410.710533,1000,13977.630238
118.404831,150,13979.069534
521.307196,1000,13994.9907
837.343442,1000,14010.454719
188.496061,233,14012.415465
764.184531,1000,14028.31143
616.609906,1000,14044.131562
685.765928,1000,14059.690813
233.045857,1000,14075.617606
564.502125,1000,14091.608048
648.219083,1000,14106.727053
401.963782,468,14118.031685
679.38961,1000,14133.921842
694.693453,1000,14149.923322
400.182433,1000,14165.803386
781.167548,1000,14181.689463
193.012743,1000,14197.589907
142.559267,163,14199.105479
933.430208,1000,14215.072548
784.816369,1000,14229.504395
908.526121,1000,14245.470342
509.141792,1000,14261.511751
727.80275,1000,14277.45048
762.563041,1000,14293.375203
657.026338,1000,14309.367065
670.900413,1000,14324.839088
908.936887,1000,14340.662256
85.832929,161,14342.099105
811.761811,1000,14357.372984
701.802709,1000,14373.286926
869.24378,1000,14389.306599
763.309446,1000,14405.310783
681.644568,1000,14421.302745
697.078894,1000,14437.268079
798.692874,1000,14453.194913
703.078968,1000,14469.146826
726.852992,1000,14485.071517
795.166478,1000,14501.057019
582.68825,1000,14517.118758
551.979257,1000,14533.087493
574.39699,1000,14549.050978
628.530305,1000,14565.195203
240.15879,1000,14581.25895
752.673994,1000,14597.695393
620.357934,1000,14613.914801
715.898045,1000,14630.250172
802.879924,1000,14646.645603
609.181536,1000,14663.00017
653.762625,1000,14679.240331
636.871814,1000,14695.564474
555.79046,1000,14711.72101
831.821156,1000,14725.774063
766.362603,1000,14741.786901
430.001277,1000,14757.848156
702.021799,1000,14773.815253
507.29142,1000,14789.842897
384.915648,1000,14805.339654
334.864442,1000,14821.409549
