#{"env_id": "Ant-v2", "t_start": 1521685068.4140263}
r,l,t
-381.102276,1000,14.353937
-1167.332314,1000,29.826228
-756.992091,1000,45.244197
-820.050231,1000,60.604602
-882.326843,1000,76.09355
-321.536592,257,83.269304
-1666.534552,1000,97.608486
-121.948085,170,99.134663
-907.014649,1000,112.592289
-1044.30119,1000,125.241804
-559.015151,1000,137.680147
-1003.602691,1000,150.028387
-512.447305,1000,161.822432
-17.420128,17,161.850528
-694.21689,1000,173.636571
-44.46475,75,174.597709
-15.090691,33,175.074234
-813.994996,1000,189.388215
-55.656344,71,189.927675
-446.332387,1000,203.83484
4.051663,21,203.867404
-14.682845,31,204.338395
-14.736761,602,212.681764
-384.028287,1000,224.211096
-1884.51684,1000,238.09195
-796.163078,1000,251.696843
-1055.036935,1000,266.059546
-3.080956,223,268.082617
-714.722709,1000,283.425475
-1282.001624,1000,295.879034
-1267.456201,1000,309.960401
-1339.21588,1000,323.558816
100.496519,1000,337.271184
4.619442,43,337.761638
48.480191,1000,353.058236
103.530417,408,357.500551
73.307204,728,368.854269
-1852.002787,1000,384.446838
-0.888037,292,387.433724
-1686.605695,1000,402.096616
-1966.903888,1000,415.852782
-1520.223191,1000,429.427073
-5.802779,148,435.35569
5.373129,431,439.397593
63.118334,199,441.385685
-373.81222,1000,454.759311
-490.30055,1000,466.775835
-10.156355,14,467.223037
-130.874967,1000,479.150245
10.012514,43,479.662051
-2659.593509,1000,491.430827
-250.405176,894,501.19338
10.618921,185,503.203623
-1995.776752,1000,517.360086
-1031.932506,1000,529.765056
-1.759317,53,530.267269
3.330677,22,530.7414
-279.224311,865,540.250554
111.754787,843,550.028684
-35.411903,1000,562.775972
-330.782231,1000,578.030417
-2258.448211,1000,590.290205
3.66178,57,590.803264
28.9573,115,591.817633
213.509937,1000,604.69277
7.261023,56,605.200732
-1441.885981,1000,618.11349
-118.409615,652,626.983916
-308.379138,1000,637.871836
5.064945,457,647.340292
41.430987,42,647.410314
145.503911,1000,658.941275
-476.861144,846,667.4712
-793.615709,1000,681.335283
-4.565102,25,681.798737
-1277.296316,1000,697.152521
-772.325995,1000,710.449915
-790.239774,1000,721.891447
25.799025,141,724.354105
39.568158,318,727.38197
153.921719,991,741.381017
-283.898834,680,751.911513
3.380337,137,753.395495
-19.106693,69,754.344394
83.802256,1000,769.332468
32.441316,1000,783.834424
-119.614636,599,789.809475
-368.005089,1000,805.259497
29.729065,814,818.747034
-637.534055,1000,829.384784
151.471914,412,838.11565
-421.069804,1000,853.472422
-351.870113,1000,866.011017
254.851435,1000,880.24854
17.243915,1000,891.691811
12.23657,45,892.184831
-1662.97264,1000,904.933234
358.592488,1000,917.590215
60.739205,77,918.552471
458.903907,1000,932.878812
237.401591,1000,947.698043
-87.806221,227,949.744452
-1747.454369,1000,964.110292
460.504114,1000,978.51081
7.510605,18,978.539632
-57.688886,1000,991.113435
2.038,1000,1006.606826
-49.627988,105,1008.029217
194.656235,1000,1020.689636
-1826.026325,1000,1034.26506
385.955737,1000,1048.867846
474.94834,1000,1062.687958
166.178372,395,1066.25506
422.879142,1000,1079.898362
-846.306997,1000,1091.58344
-20.23862,377,1097.498687
433.330023,1000,1112.258684
1.097716,18,1112.288374
127.84777,1000,1126.700215
245.378088,1000,1139.771563
-125.666228,1000,1153.254459
486.949645,1000,1168.510055
-1.000292,34,1168.984549
323.337824,790,1181.340164
166.132946,1000,1196.717821
123.055922,1000,1209.304753
-393.750518,1000,1222.724955
126.313272,311,1225.73085
-2011.514448,1000,1241.170377
-367.14147,1000,1255.683794
258.017095,1000,1267.504691
-1172.450277,1000,1281.644672
-133.910425,1000,1294.190129
185.172688,1000,1309.668252
21.330916,258,1312.175452
-645.07907,1000,1326.943937
-341.068386,1000,1342.331309
30.174406,294,1349.687946
11.83326,60,1350.206825
59.362451,51,1350.705459
64.776329,1000,1366.094836
-20.968048,290,1369.072427
59.578282,494,1374.061667
-279.159078,1000,1389.470656
-387.156314,1000,1403.38169
49.903167,145,1408.380531
-48.083913,474,1412.908057
183.146899,901,1424.869507
5.762465,14,1425.309404
218.634,1000,1440.780529
-2025.273245,1000,1455.581025
108.408881,206,1457.585401
-1614.429418,1000,1473.057889
7.738542,1000,1487.550575
258.27765,1000,1500.569587
-337.325448,1000,1515.079905
642.061471,1000,1530.569477
79.67847,1000,1544.198998
32.006853,1000,1558.767724
12.297252,30,1558.814423
280.670184,466,1569.462029
-19.708432,1000,1585.258318
143.868752,189,1586.84938
162.898506,529,1592.410174
181.717451,1000,1606.894634
413.552833,1000,1621.41761
-53.833552,233,1626.255273
-2514.565939,1000,1639.951722
432.092634,1000,1653.675763
189.664138,1000,1667.514985
79.670069,1000,1682.423674
6.491988,205,1684.483448
-2060.226859,1000,1699.843466
-2639.149221,1000,1714.896668
285.012,1000,1730.451504
10.171651,1000,1745.154935
478.007362,1000,1759.731657
-470.450348,1000,1774.222889
-2070.363507,1000,1787.683937
-244.579181,1000,1803.180446
509.629101,1000,1818.467045
-1520.422103,1000,1832.402694
-2125.525869,1000,1847.925795
-12.382392,13,1847.948942
-2399.97274,1000,1861.394562
90.720121,526,1866.888079
-171.27735,1000,1881.576498
343.48741,647,1893.52539
26.717394,62,1894.045225
451.120149,1000,1909.574685
-2372.793131,1000,1923.424491
752.932006,1000,1938.964427
557.54705,1000,1953.421333
-27.117823,132,1954.474244
378.281285,1000,1969.892849
-1102.009561,1000,1985.38538
117.186982,1000,2000.984352
39.162359,132,2002.458298
-1924.215598,1000,2015.136498
82.766597,88,2016.119842
5.593542,133,2021.190475
-627.70357,1000,2036.189734
-7.076772,160,2038.134381
-1522.834354,1000,2053.679842
288.800708,1000,2069.269054
-11.618765,94,2070.251995
-55.145081,167,2071.775375
-1603.154188,1000,2087.130582
-1722.161893,1000,2100.68302
-91.141984,1000,2115.354803
20.058511,71,2115.893074
511.546272,1000,2131.457952
-48.505361,137,2132.946756
-22.093403,1000,2148.58134
-1987.858241,1000,2162.504331
266.120949,1000,2178.17809
-641.846465,1000,2193.320932
286.103246,506,2203.835786
100.575091,1000,2219.372463
446.690438,1000,2233.742308
-711.047537,1000,2248.029719
121.668978,1000,2263.554186
-184.550507,1000,2276.450941
126.795117,1000,2290.535421
-2400.889224,1000,2306.228552
315.671931,1000,2319.784532
-28.568039,609,2325.82356
189.280867,1000,2341.349061
-360.253878,1000,2355.582492
16.821653,1000,2371.109491
-1889.069615,1000,2385.277617
116.930279,442,2394.788709
105.878889,176,2396.737973
-2645.804235,1000,2411.007353
90.734186,1000,2425.381754
-2261.654416,1000,2438.153156
-47.97102,395,2442.160513
1.519637,20,2442.192354
-2360.519868,1000,2455.773281
-0.347187,48,2456.278783
17.150697,35,2456.754762
11.367953,92,2457.324475
211.151687,556,2465.340975
-2441.812418,1000,2480.005758
189.655868,1000,2496.037533
45.273115,626,2505.866194
-2646.326135,1000,2520.879224
-2374.532741,1000,2535.916754
-12.298466,62,2536.436044
283.450321,1000,2551.968311
-2887.078959,1000,2567.584288
134.299455,1000,2583.166421
-124.077484,210,2585.61011
-366.094866,1000,2601.389154
-234.109662,1000,2617.308755
0.646179,1000,2633.504784
-1210.22914,1000,2649.484236
57.306272,110,2650.522512
157.296025,1000,2664.621793
338.393723,1000,2680.236779
-450.197902,1000,2695.668041
245.490877,1000,2709.385415
64.622972,256,2711.894734
-631.065579,1000,2725.06405
103.420047,1000,2738.950442
169.349508,949,2751.286486
-10.339694,201,2753.299983
-2076.018759,1000,2768.232554
174.219741,1000,2783.903994
-32.082701,107,2789.977613
-15.604542,224,2792.489675
-338.117937,1000,2804.438347
285.294666,1000,2816.518781
-24.278106,110,2817.566805
-25.505594,147,2819.115355
269.540241,1000,2833.916668
-843.793746,1000,2847.202279
1.40983,19,2847.23221
-8.344017,87,2848.230837
151.752279,327,2851.334501
388.648379,1000,2864.921369
152.965288,314,2873.174931
-1788.698452,1000,2888.679289
-212.014259,495,2893.323036
-120.7579,592,2903.190178
122.804704,1000,2914.939882
-153.825042,537,2920.46264
196.946937,427,2930.457317
-1195.634374,1000,2944.189459
327.919572,1000,2959.749653
238.343259,1000,2974.363816
286.769942,911,2985.41256
159.129991,770,2997.472274
105.323001,1000,3013.050958
167.806051,1000,3028.47096
168.727945,489,3033.437647
88.417324,281,3036.413739
46.688381,51,3036.920557
-1014.147445,1000,3051.082047
9.006945,23,3051.121015
402.967616,1000,3065.433738
-563.034281,1000,3080.393783
197.262953,331,3088.507437
338.289972,1000,3103.169503
-0.914819,17,3103.198018
317.974033,450,3107.699611
646.847577,1000,3122.41468
372.294621,719,3132.290373
-4.932749,16,3132.741231
4.823923,44,3133.243701
-5.096691,14,3133.268159
54.041841,79,3134.240087
15.023893,27,3134.282728
-1109.471358,1000,3147.098461
170.192454,1000,3161.749145
6.165746,115,3162.772332
-2239.322115,1000,3175.670391
-19.613647,31,3176.139789
382.707968,1000,3190.715779
77.378883,150,3192.212427
53.864598,186,3199.238188
9.644829,102,3200.239718
423.090252,1000,3212.777411
138.567797,936,3226.460447
189.868784,1000,3241.22026
-1322.655754,1000,3256.528433
66.32191,351,3260.042691
437.881203,1000,3273.076497
414.704844,1000,3287.753912
186.135524,338,3291.235663
-1349.31261,1000,3303.82574
521.99686,1000,3318.160524
-52.327965,223,3325.943902
326.2371,1000,3339.550581
-1700.504086,1000,3354.103195
319.223632,1000,3368.916146
547.007528,1000,3384.493954
612.374505,1000,3397.737208
312.290538,1000,3410.408736
-2.236072,61,3410.934025
11.848329,44,3411.425716
295.405168,1000,3425.239121
-748.091311,1000,3441.173038
102.799675,140,3442.65748
-9.051588,1000,3455.772237
216.284795,1000,3467.838939
76.412106,133,3468.901423
356.697018,1000,3481.544693
-4.508828,63,3482.488927
358.430598,727,3495.228661
23.003086,222,3497.276129
303.3166,1000,3511.648497
-23.014104,39,3512.134048
62.290019,117,3513.57943
38.926141,1000,3527.846077
-1171.034313,1000,3543.384639
-22.092571,639,3553.832071
124.596017,1000,3568.469382
-128.233749,1000,3583.763386
432.223713,1000,3599.412396
184.455166,1000,3612.724309
341.123289,1000,3628.515301
77.818985,209,3630.953752
522.042954,1000,3646.677789
56.553999,203,3648.687626
-36.192672,1000,3663.32952
203.046751,1000,3678.9025
76.292575,1000,3693.509505
223.720033,1000,3708.241769
523.446662,1000,3724.174289
-1135.51135,1000,3739.65999
496.637404,1000,3755.322418
144.217281,260,3757.851571
213.612009,419,3767.581616
597.584602,1000,3782.193278
190.524892,1000,3797.93169
-144.646522,1000,3813.564363
361.763583,475,3818.530415
354.870195,1000,3833.075452
56.274519,1000,3848.077593
-113.362243,1000,3863.702356
670.0861,1000,3879.360265
192.405795,326,3888.005105
709.422209,1000,3902.73472
169.589962,1000,3917.712424
438.721014,1000,3933.358937
591.624553,1000,3949.091803
133.417501,676,3956.096448
529.573929,1000,3970.383394
354.383218,1000,3986.389631
-96.492355,1000,4002.006249
-25.50101,1000,4017.727663
223.710229,1000,4033.253472
263.930435,799,4044.72955
317.114251,566,4054.694161
704.391464,1000,4069.30875
368.309694,1000,4084.931581
408.568898,1000,4099.732794
120.791758,1000,4114.771387
708.275661,1000,4129.73165
265.619868,1000,4144.426551
33.930071,88,4145.408564
37.842175,41,4145.895632
483.842768,1000,4159.856249
5.186207,9,4159.872724
-562.75451,1000,4173.891675
56.254965,1000,4188.718785
399.857179,1000,4204.011683
169.075628,1000,4218.842125
-401.773348,1000,4233.091018
233.989733,1000,4248.917561
548.55525,1000,4260.907403
78.295091,119,4261.947901
504.200926,1000,4277.665486
188.406389,1000,4293.315564
432.860327,1000,4309.011292
239.582115,814,4322.763233
-2102.214414,1000,4337.325603
-1775.489361,1000,4353.136552
-2633.104053,1000,4368.928937
294.283784,434,4373.426809
352.909285,1000,4387.041548
619.971082,1000,4402.70512
545.871931,967,4417.476796
194.824826,1000,4433.148775
59.197026,1000,4447.803462
100.116841,513,4458.553611
193.660659,496,4463.547046
596.031591,1000,4477.078017
437.972606,1000,4491.872945
630.19687,1000,4505.904596
195.220717,1000,4521.606651
-2561.840895,1000,4536.426569
212.322753,565,4546.307349
588.614146,977,4561.106719
440.428952,1000,4575.657513
121.791041,277,4578.204226
235.253882,1000,4593.99543
519.864271,1000,4608.554445
746.817321,1000,4622.095657
444.068623,1000,4637.105348
238.954166,1000,4652.758413
41.504283,1000,4666.378191
407.797142,1000,4680.267929
29.680467,221,4682.343058
503.090399,1000,4698.456821
536.210926,1000,4713.589376
406.328083,1000,4727.49016
301.90048,1000,4741.653176
290.30997,1000,4757.418564
545.578964,1000,4773.156413
144.471594,1000,4787.718962
395.78701,1000,4803.475691
643.092045,1000,4819.238055
8.244556,45,4819.73749
232.768177,1000,4835.423741
39.298579,297,4838.436855
-107.666657,1000,4853.674433
188.697291,550,4861.928598
734.765313,1000,4877.750504
402.694777,1000,4893.541777
422.111852,1000,4908.643342
390.486802,1000,4924.359793
79.452901,219,4926.808457
96.969735,153,4928.318335
455.538132,1000,4944.02702
-210.719519,1000,4958.223499
154.977169,393,4967.180161
29.31532,40,4967.247717
312.521813,1000,4983.161008
377.443136,1000,4998.530004
167.00865,1000,5013.514566
51.0892,150,5015.019703
222.8608,1000,5030.821561
566.445088,1000,5046.220785
-153.516273,1000,5059.733688
32.67618,141,5061.238749
206.251063,606,5073.112801
328.170626,1000,5088.469134
403.670953,1000,5103.846458
298.667939,1000,5119.436843
235.707659,732,5126.976325
369.147168,463,5135.689673
73.36163,1000,5150.62612
558.554714,1000,5166.399413
402.206912,1000,5179.876768
322.509323,1000,5191.459513
146.033912,1000,5204.554902
106.943567,1000,5220.392398
23.771423,36,5220.874446
1.765982,1000,5235.699072
495.679151,1000,5249.291173
230.697425,529,5259.568825
454.929771,1000,5273.663703
364.293415,984,5283.213378
408.482153,945,5298.385527
70.088676,100,5303.403825
47.212842,142,5304.903636
48.914727,55,5305.412218
97.119506,812,5316.33068
-2301.234964,1000,5329.810932
75.690774,471,5334.793426
506.42932,1000,5350.646142
500.889697,1000,5366.635637
208.727403,342,5370.128371
60.447944,617,5381.384816
161.52018,1000,5396.247129
-921.113351,1000,5412.495156
558.095894,1000,5428.002027
32.375312,65,5428.527766
398.793911,1000,5443.995741
212.924348,333,5447.499277
249.211803,388,5456.461746
361.93091,1000,5472.223719
85.62882,146,5473.720624
350.172764,1000,5489.452724
779.139164,1000,5505.242193
251.357655,749,5518.147017
152.171274,1000,5534.033077
544.028133,1000,5549.985513
334.905042,737,5557.091616
238.88923,551,5568.584355
255.268573,411,5573.051206
518.704763,1000,5588.926671
653.642536,1000,5605.01259
558.714993,1000,5620.584555
529.103978,1000,5636.816289
698.676352,1000,5651.994321
654.369651,1000,5667.686988
-35.979313,1000,5683.204624
-1885.857977,1000,5699.120796
661.553134,1000,5713.775517
335.838171,1000,5729.688434
36.751094,68,5730.217025
146.592462,224,5738.146783
-228.374151,1000,5754.010849
-77.959417,256,5756.533309
742.22106,1000,5772.32901
731.114934,1000,5788.035524
183.674751,1000,5804.012446
411.316856,1000,5819.449983
261.623553,1000,5834.94173
314.315346,384,5838.922678
21.804749,24,5839.379474
308.005632,1000,5854.651028
329.605015,1000,5870.619706
518.958256,1000,5886.508739
130.846572,1000,5900.4116
438.71276,1000,5916.266678
211.469324,1000,5932.067125
587.985984,1000,5948.025554
831.58004,1000,5963.923105
108.20012,1000,5979.67718
588.152951,1000,5994.894949
672.920902,1000,6009.363438
75.86781,128,6010.410774
81.347425,1000,6026.235933
537.851046,1000,6041.91959
21.220208,78,6048.852829
440.204973,1000,6065.07896
387.500762,1000,6080.835461
97.153499,1000,6096.261708
71.041088,181,6097.863063
584.176012,1000,6113.853472
18.949413,20,6114.308391
105.155744,508,6119.361658
69.858178,130,6120.85025
508.965121,1000,6136.824296
533.604035,589,6148.23933
244.124762,1000,6164.281989
329.426101,1000,6180.28843
756.084813,1000,6195.702683
539.377855,1000,6211.535032
630.307076,1000,6227.326777
194.169027,1000,6243.03618
268.284,515,6248.497494
759.411634,1000,6264.402491
336.896093,1000,6280.283132
-70.021757,1000,6296.464727
-190.204685,1000,6312.537251
155.315274,233,6320.532623
541.242449,1000,6335.631733
471.461941,1000,6351.531979
1068.789331,1000,6367.551609
89.368598,1000,6382.501359
123.19949,1000,6398.360835
560.711771,1000,6412.371463
549.76307,1000,6427.54773
418.997476,1000,6443.387961
839.769601,1000,6458.947016
597.195506,1000,6474.102834
522.757372,1000,6490.152569
647.142341,1000,6506.180727
648.16597,1000,6522.168362
484.205408,1000,6535.877768
-1121.528055,1000,6551.283576
871.366496,1000,6565.340372
402.372858,859,6579.17466
845.234081,1000,6595.012189
13.811841,1000,6610.897073
717.91687,1000,6626.617442
598.761593,1000,6642.649455
509.155774,1000,6658.493224
-12.091477,1000,6672.792741
367.825551,1000,6688.989801
-761.438123,1000,6704.460562
187.473685,455,6709.508958
557.421445,1000,6724.793554
304.107292,1000,6741.14212
524.174067,1000,6754.770152
432.420762,1000,6770.866332
417.340674,1000,6786.707083
670.50997,1000,6802.667103
-208.119705,1000,6818.708666
127.833203,1000,6834.831239
561.199079,1000,6850.198007
472.811708,1000,6865.68826
152.208194,1000,6881.738683
96.327897,1000,6896.89363
447.4953,1000,6912.872157
462.470263,1000,6928.845917
224.044722,313,6931.864674
818.399364,1000,6947.884817
183.521504,470,6958.372818
-39.456447,1000,6974.3457
533.24622,1000,6989.361947
451.569347,1000,7005.573536
311.402957,742,7018.99073
275.420415,439,7023.513309
759.361747,1000,7039.244428
604.448398,1000,7054.86654
88.290603,115,7055.891737
57.075998,129,7057.366632
86.063358,245,7059.865644
462.706148,1000,7075.877637
482.629542,627,7087.78845
874.718008,1000,7103.694794
412.775154,809,7117.009389
99.07175,1000,7132.627576
521.28622,1000,7148.515891
405.961157,1000,7163.854887
457.617007,1000,7178.887137
255.634273,1000,7192.923922
394.411742,1000,7209.001061
-49.317559,904,7224.059779
-377.126567,1000,7236.952595
138.794466,258,7239.899769
-424.095167,1000,7255.686559
544.407889,1000,7270.460148
246.827209,1000,7286.404681
531.408839,1000,7301.546252
742.159897,1000,7316.570924
446.183195,1000,7332.607783
585.378402,1000,7348.555071
585.694384,1000,7364.103742
-184.083962,1000,7380.06755
171.236859,379,7383.638753
250.380336,1000,7397.132986
275.199884,585,7409.195534
459.272296,1000,7423.227378
304.865022,1000,7437.921659
379.48418,1000,7453.89809
514.869061,1000,7470.11069
134.994839,454,7474.653279
268.931584,1000,7490.609906
354.249194,1000,7506.698417
311.765547,1000,7522.71671
43.303948,1000,7537.443579
705.092348,1000,7553.568282
415.596397,1000,7569.721395
528.35311,1000,7585.814697
669.972028,1000,7600.746137
511.728594,1000,7616.792308
785.556016,1000,7632.830041
738.268549,1000,7649.079106
618.89153,1000,7665.186411
862.909515,974,7680.738297
573.683056,1000,7696.716715
739.180004,1000,7712.757426
315.084342,1000,7728.099224
597.972724,1000,7744.216672
650.098184,1000,7759.192224
427.442833,1000,7775.340407
480.742607,1000,7791.553145
174.705794,1000,7807.700445
731.828377,1000,7823.812338
109.867544,1000,7839.776559
949.500105,1000,7855.610932
351.191624,1000,7871.362308
460.501786,619,7884.196248
514.940524,1000,7899.417809
190.309049,1000,7915.62606
615.496794,1000,7931.721299
852.357641,1000,7947.98083
493.750913,1000,7964.176082
375.052447,1000,7980.195704
410.265797,688,7993.120766
760.711562,1000,8009.087104
582.253798,1000,8025.222978
770.385444,1000,8041.204084
713.41652,1000,8057.196144
320.714528,1000,8073.143732
703.341941,1000,8089.197067
646.379287,1000,8105.416507
141.409269,1000,8121.716104
-1252.926405,1000,8137.859725
-1643.828557,1000,8154.043811
264.094383,1000,8170.126228
120.836863,250,8172.639717
508.076894,1000,8188.685817
735.392242,1000,8204.722155
490.508915,1000,8219.142658
636.926171,1000,8235.12613
825.165149,1000,8251.126544
715.658377,1000,8267.179764
706.861008,1000,8282.769694
786.030439,1000,8298.946813
20.310809,1000,8315.052851
275.697259,1000,8331.114137
647.82843,1000,8347.215689
656.751441,1000,8363.368014
80.401128,85,8363.93186
487.070734,1000,8380.05295
922.555667,1000,8395.150331
906.866469,1000,8410.714927
-1492.114038,1000,8426.658874
553.746998,1000,8442.881672
618.70271,1000,8458.481072
663.273513,1000,8474.610797
654.392207,1000,8490.666553
527.164727,1000,8506.980089
769.000258,1000,8523.324484
500.957417,1000,8539.372888
290.500238,1000,8555.531537
-9.955401,1000,8571.655384
548.969551,1000,8587.776542
656.400684,1000,8604.060901
859.527607,1000,8619.735697
569.789372,1000,8635.7656
739.126201,1000,8651.759722
548.930905,1000,8667.919382
521.21928,1000,8684.056436
408.566286,1000,8700.205367
471.912348,1000,8716.524075
352.888309,1000,8732.66835
727.344759,1000,8748.720444
317.833181,1000,8764.829703
-26.134775,1000,8779.597079
441.430181,1000,8794.685947
692.031523,1000,8810.976874
409.07191,1000,8827.207038
670.282565,1000,8843.427073
403.257158,1000,8859.691782
612.035254,1000,8875.900784
269.000243,1000,8892.046987
-451.317172,1000,8908.151952
469.177081,1000,8924.428351
807.410007,1000,8940.442727
-997.851437,1000,8956.021145
541.60581,1000,8972.269353
365.358945,1000,8988.787941
716.432478,1000,9005.304008
576.136865,1000,9021.946622
173.211071,1000,9037.770756
416.758479,1000,9054.043207
552.620907,1000,9070.226113
465.746829,1000,9086.334413
566.268494,629,9098.758633
419.232812,1000,9114.121188
511.16367,1000,9129.862732
553.229753,1000,9145.883745
862.0972,1000,9161.967026
936.834095,1000,9178.115266
491.946579,1000,9194.38696
751.279188,1000,9210.717504
757.068406,1000,9226.92118
730.376206,1000,9242.158937
736.642877,1000,9258.248151
924.579678,971,9272.955098
812.062751,1000,9289.205988
783.04491,1000,9305.359429
887.672335,1000,9319.916828
-1231.182048,1000,9336.125728
568.007266,1000,9352.509319
446.203269,1000,9368.610479
172.89803,262,9371.131847
15.481891,37,9371.614448
682.282533,1000,9387.982902
-1778.129292,1000,9404.166315
745.098886,1000,9420.175812
252.726381,1000,9436.363726
682.919988,1000,9452.924223
791.474489,1000,9469.365677
604.644435,1000,9486.021828
867.789131,1000,9501.792897
836.66968,1000,9517.368296
600.090512,1000,9533.263678
150.531595,266,9536.240772
750.859352,1000,9552.38712
815.134569,1000,9567.454715
793.359333,1000,9583.042031
755.5393,1000,9598.332054
526.338702,1000,9614.581178
463.272664,1000,9630.00291
813.305421,1000,9646.093153
562.675302,1000,9662.324064
937.313782,1000,9678.410833
402.230326,502,9689.501363
465.416609,1000,9705.83754
926.565122,1000,9722.029055
671.372341,834,9736.470404
559.228848,1000,9752.19384
434.686778,751,9759.736318
537.695067,1000,9775.905788
402.365555,1000,9792.299423
531.172947,1000,9808.15783
501.081304,1000,9824.639924
751.282121,1000,9841.147324
190.822412,226,9849.820585
788.512772,1000,9866.35347
607.495822,1000,9882.648813
542.833055,1000,9898.864398
454.257539,1000,9915.38291
-758.100462,1000,9931.70571
763.712049,1000,9948.008747
490.644424,1000,9964.289448
644.69404,1000,9980.502466
767.751103,1000,9996.762791
1057.226722,1000,10012.944351
776.81445,1000,10029.121832
828.651238,1000,10045.46567
422.213896,1000,10061.854954
387.061445,1000,10077.171495
620.001742,1000,10092.489316
618.705232,1000,10108.74806
-1849.805274,1000,10124.940242
693.634117,1000,10141.209625
659.887227,1000,10157.600647
188.374926,967,10173.303766
902.542352,1000,10189.555804
422.592736,1000,10205.826837
736.898748,1000,10221.964314
826.319445,1000,10238.170804
440.606376,1000,10254.480212
757.780009,1000,10270.785777
709.690314,1000,10287.16095
566.63129,1000,10302.685817
421.842912,1000,10318.041206
462.475505,1000,10333.846538
158.198855,361,10337.383196
119.259448,336,10340.876735
747.108832,1000,10357.092812
487.155512,1000,10373.320234
684.863191,1000,10388.991678
559.192243,1000,10405.24555
753.371493,1000,10421.599047
617.658263,1000,10437.797241
301.806003,1000,10454.138933
646.021821,1000,10470.336361
419.892935,1000,10485.678529
803.961904,1000,10501.818233
471.931346,1000,10518.0922
395.59279,1000,10534.397912
916.559851,1000,10550.735668
629.257803,1000,10567.054902
596.377787,1000,10583.309747
825.745939,1000,10599.556379
588.739869,1000,10615.995483
560.702192,613,10628.48885
579.462542,1000,10645.061254
797.005089,1000,10661.269446
710.599451,1000,10677.469633
710.949725,1000,10693.693469
515.997965,1000,10710.109097
573.079986,1000,10726.345034
667.483158,1000,10742.519696
650.587595,1000,10758.72271
675.550529,1000,10774.974319
679.050557,1000,10790.396306
687.108223,1000,10806.66809
460.01515,1000,10822.845763
218.955895,518,10828.320736
439.249312,1000,10844.776919
118.383729,1000,10861.243415
611.655561,1000,10877.641836
480.231065,1000,10893.956837
-1483.079197,1000,10909.91534
687.308128,1000,10926.24926
568.341529,1000,10941.566399
381.374,1000,10957.769731
168.95703,239,10966.265156
357.404603,1000,10982.340725
829.291593,1000,10998.71272
875.503594,1000,11014.982817
795.23843,1000,11030.238609
706.750579,1000,11046.546737
658.627314,1000,11062.128357
400.782188,1000,11078.614788
747.106806,1000,11094.985986
826.803324,1000,11111.477768
899.099694,1000,11128.0963
942.645132,1000,11143.015525
775.765693,1000,11158.950486
694.243392,1000,11175.717782
879.637662,1000,11191.954472
642.79763,1000,11208.374946
513.724094,1000,11224.91352
-4.975686,1000,11241.355529
321.072433,1000,11257.895502
407.819078,1000,11273.716745
296.778771,1000,11289.160503
405.831156,1000,11305.673497
661.190947,1000,11321.690228
-1313.035176,1000,11338.159199
1090.095932,1000,11353.921951
598.177334,1000,11370.391859
275.544591,329,11373.878695
530.187413,1000,11387.853822
482.863874,1000,11402.176947
518.820946,1000,11416.544288
-128.765003,1000,11431.041462
850.538329,1000,11447.239131
517.984318,1000,11463.578088
684.652026,804,11477.826386
673.531891,1000,11492.774991
48.490382,1000,11508.592167
598.079508,1000,11524.325384
623.564585,1000,11539.480591
402.209265,1000,11555.004166
348.805463,749,11562.551761
290.160553,1000,11578.459797
759.058607,1000,11593.226758
298.21867,1000,11607.783826
361.417201,1000,11624.09057
-2007.880465,1000,11639.748062
135.61865,360,11648.452603
-30.870626,1000,11663.762488
137.437742,331,11667.256466
567.215657,1000,11682.986876
422.124625,1000,11699.236311
357.552205,517,11708.785817
694.285342,1000,11725.096172
696.819539,1000,11741.523528
616.947277,1000,11757.387493
118.054803,179,11759.364954
819.148822,1000,11775.794464
515.408495,1000,11792.308603
209.629512,322,11795.358184
847.96931,1000,11811.717269
94.256382,1000,11827.381072
423.451126,1000,11843.845953
71.286884,84,11844.835752
648.425811,1000,11860.258847
112.368241,149,11861.764409
411.539363,1000,11878.116792
522.699322,1000,11894.155919
211.352689,270,11903.231178
467.178247,1000,11919.950183
419.65758,1000,11936.493567
221.785499,1000,11952.955492
-409.650006,1000,11968.590525
-5.903365,40,11969.081137
57.407077,103,11970.099153
381.398805,1000,11986.616314
786.684213,1000,12003.056669
658.445779,1000,12019.410829
604.493436,1000,12032.952308
229.94619,1000,12049.435136
-294.922664,1000,12065.056172
650.137096,1000,12081.531636
576.534877,1000,12096.391849
647.383771,1000,12112.736574
725.066896,1000,12128.757426
592.950415,1000,12145.220074
449.468276,1000,12161.092556
608.382999,1000,12177.514233
711.126846,1000,12192.601446
594.891388,1000,12209.062995
748.836033,1000,12225.898876
-1878.413623,1000,12240.593901
627.284207,1000,12257.218951
-36.60953,1000,12273.927921
359.558887,1000,12290.257962
656.782914,1000,12306.623914
632.879345,1000,12323.195408
778.080331,1000,12339.538545
586.277438,1000,12356.000702
183.04257,337,12359.491132
632.070457,1000,12376.01905
673.407025,1000,12392.407985
653.89304,1000,12408.239604
668.882889,752,12420.310772
436.005526,1000,12436.685263
551.280572,1000,12452.210005
5.779587,33,12452.685651
177.504238,1000,12468.956779
614.156107,1000,12483.790054
455.030757,653,12496.679082
811.645429,1000,12511.141035
303.22072,684,12517.754345
499.801388,1000,12532.292676
304.495048,1000,12548.78704
221.821104,1000,12565.330768
664.885137,1000,12581.535761
835.534497,1000,12597.324347
152.041822,362,12606.881068
872.921237,1000,12622.984061
781.818241,1000,12637.681942
530.918335,1000,12654.092165
306.094976,695,12661.149491
865.324102,1000,12677.584966
447.6385,1000,12693.220129
539.410991,1000,12709.705291
116.054868,1000,12726.28292
631.036761,909,12741.005471
656.622534,1000,12757.427167
-742.784701,1000,12773.681802
738.912907,1000,12790.14983
4.983365,54,12790.659368
-277.758663,897,12805.959123
395.354871,708,12817.647722
621.291658,1000,12834.482093
470.929316,1000,12850.742709
-83.202151,1000,12866.870469
640.200134,1000,12882.673806
17.325177,51,12883.177736
366.277846,1000,12897.805306
49.035631,62,12898.324651
608.429663,1000,12914.784893
643.394551,1000,12931.376348
548.270418,1000,12947.84695
508.147916,1000,12964.268649
1111.689418,1000,12980.819806
627.220731,1000,12997.460874
821.21634,1000,13014.205775
620.443102,1000,13030.849921
517.971064,1000,13047.401727
154.201764,1000,13063.204591
997.041706,1000,13078.98438
144.007784,1000,13095.63614
815.857543,1000,13111.182987
367.941285,586,13122.64507
629.333312,1000,13139.127177
-46.835394,1000,13155.532527
64.962267,164,13157.067018
58.324712,1000,13173.266464
125.555557,1000,13189.254453
532.8929,1000,13204.751827
321.77651,354,13208.343205
-2111.68836,1000,13225.278668
412.50325,465,13234.134739
574.679887,1000,13251.02206
11.984272,1000,13267.956469
655.184369,1000,13284.677693
-1556.986605,1000,13301.213569
564.538759,1000,13317.878723
456.805032,1000,13334.531966
334.066191,606,13340.732236
815.16871,1000,13357.579983
446.550023,1000,13374.117828
558.182546,1000,13390.694826
249.95049,1000,13407.354237
905.970925,1000,13423.734639
612.232714,1000,13440.243086
249.902182,374,13450.303608
409.800257,1000,13466.83274
619.859032,1000,13483.352407
740.132551,1000,13500.012345
719.179857,1000,13516.625073
528.081896,1000,13533.230901
595.271988,1000,13549.902408
584.390223,1000,13566.713525
820.267198,1000,13583.197322
748.722664,1000,13597.249517
705.427755,1000,13613.947688
654.55101,1000,13630.778493
209.649476,1000,13646.533333
472.685724,1000,13663.407193
-948.2718,1000,13678.780368
459.974786,1000,13695.69255
360.248443,1000,13712.329304
641.351815,1000,13728.977751
765.053047,1000,13744.22277
415.877059,1000,13760.757489
560.050438,1000,13777.264845
721.240382,1000,13792.943663
718.963234,1000,13809.451329
826.179256,1000,13826.125388
338.116138,1000,13842.877029
369.030878,1000,13859.595202
646.019786,1000,13875.614436
978.541619,1000,13891.404803
801.477997,1000,13906.298536
801.89372,1000,13923.031386
291.76723,1000,13939.035632
599.285982,1000,13954.320473
397.414072,623,13960.798593
240.685278,1000,13977.248793
493.031037,1000,13994.160565
750.961369,1000,14011.166743
416.205548,1000,14027.76107
558.000585,1000,14044.342582
537.548054,1000,14060.876158
778.15056,1000,14077.480184
568.694187,1000,14094.194368
-928.612683,1000,14111.043991
760.135253,1000,14127.748492
528.57559,1000,14143.485825
603.527858,1000,14160.068586
778.257806,1000,14176.0045
207.51226,1000,14192.205287
743.588008,1000,14208.917153
640.570675,1000,14225.633392
103.494606,171,14227.176365
470.739154,1000,14243.569495
144.181936,1000,14260.308902
297.488079,615,14272.887748
697.331257,1000,14289.162127
724.864052,1000,14305.767653
235.915287,1000,14322.314907
826.903059,1000,14338.038408
876.527491,1000,14354.624156
758.781183,1000,14371.175699
26.077218,76,14372.14206
806.273824,1000,14387.875692
610.169692,1000,14404.372453
624.141585,1000,14420.950959
1120.115064,1000,14437.692712
-795.360401,1000,14454.314306
-2225.39321,1000,14469.95264
571.115614,1000,14485.390823
813.803208,1000,14501.37763
83.801025,112,14502.404714
690.682213,1000,14517.778251
847.762282,1000,14534.225918
462.661483,1000,14548.637951
406.217619,1000,14565.375389
2.311429,1000,14582.133917
795.342797,1000,14598.961249
470.325235,1000,14615.588785
644.783261,1000,14632.110769
410.96404,506,14642.156592
648.12413,1000,14658.918258
586.253301,1000,14675.799039
677.8579,1000,14692.507987
395.812725,1000,14709.251775
657.117728,1000,14725.963372
713.484325,1000,14742.784045
-0.244728,33,14743.264552
633.027125,1000,14760.060955
7.643675,42,14760.555588
684.831267,1000,14777.228009
664.551814,1000,14793.509473
567.787373,1000,14810.228995
774.81174,1000,14826.965007
327.358513,1000,14843.776835
644.520449,1000,14860.514961
213.454031,345,14864.026675
516.830791,1000,14879.935213
82.650164,1000,14896.660707
818.215867,1000,14912.175249
657.714046,1000,14929.007302
898.661063,1000,14945.541479
956.622868,1000,14962.346811
509.78196,1000,14979.085698
721.665357,1000,14995.778018
812.845996,1000,15012.485819
732.723107,1000,15029.188534
812.587881,1000,15044.728534
400.170754,1000,15060.639809
615.3414,1000,15077.246988
429.246851,1000,15093.679169
706.189201,1000,15110.244771
569.724616,599,15122.340929
494.65544,1000,15138.735095
620.68492,1000,15155.087807
669.303756,1000,15171.443635
41.744663,83,15172.02198
95.828509,102,15173.05748
526.827873,1000,15188.759417
784.589511,1000,15204.028359
-2339.996217,1000,15220.012816
922.312472,1000,15236.708397
842.561724,1000,15253.476562
822.221,1000,15269.445713
3.177504,22,15269.904841
696.614698,1000,15286.654906
733.999071,1000,15302.644072
573.508245,1000,15318.698407
923.85095,1000,15335.491005
678.305493,1000,15349.690729
340.175424,352,15353.228376
515.138278,1000,15366.268775
508.991827,1000,15382.07964
935.183635,1000,15398.722057
